Workbook

Sheet PROCESO
A1: AGRO PACAYALES · PLANTA CAMOTE 2026 | KARDEX POR CALIDAD — Proceso · Envío · Devolución · Saldo en planta (jabas y kg) | X1: Factor kg/unidad
A2: Calidades A/P/C/M en jabas · Chancho en sacos (1 saco = 95 kg). Conversión jaba→kg: A=15 · P=18 · C=17 · M=17. Saldo en planta = Apertura + Procesado − Enviado + Devuelto. | X2: A | Y2: 15
X3: P | Y3: 18
A4: DETALLE DIARIO POR CALIDAD | E4: PROCESO | I4: ENVIO DE PRODUCTO | X4: C | Y4: 17
A5: Fecha Compra | B5: Compra sacos | C5: Peso aprox | D5: Compra kg | E5: Fecha Proceso | F5: Calidad | G5: Proceso jabas | H5: Proceso kg | I5: Fecha Envio | J5: N° Guía | K5: Envío jabas | L5: Envío kg | M5: Devolución Jabas | N5: Reproceso Kg | O5: Trasiego jabas | P5: Trasiego Kg | Q5: Saldo jabas | R5: Saldo kg | S5: Nota | X5: M | Y5: 17
A6: SAB 11-07 | F6: A | H6: =G6*VLOOKUP(F6,$X$2:$Y$7,2,FALSE()) -> 0 | J6: Apertura | L6: =K6*VLOOKUP(F6,$X$2:$Y$7,2,FALSE()) -> 0 | Q6: 8 | R6: =Q6*VLOOKUP(F6,$X$2:$Y$7,2,FALSE()) -> 120 | X6: Chancho | Y6: 95
F7: P | H7: =G7*VLOOKUP(F7,$X$2:$Y$7,2,FALSE()) -> 0 | J7: Apertura | L7: =K7*VLOOKUP(F7,$X$2:$Y$7,2,FALSE()) -> 0 | Q7: 0 | R7: =Q7*VLOOKUP(F7,$X$2:$Y$7,2,FALSE()) -> 0 | X7: Malogrado | Y7: 1
F8: C | H8: =G8*VLOOKUP(F8,$X$2:$Y$7,2,FALSE()) -> 0 | J8: Apertura | L8: =K8*VLOOKUP(F8,$X$2:$Y$7,2,FALSE()) -> 0 | Q8: 0 | R8: =Q8*VLOOKUP(F8,$X$2:$Y$7,2,FALSE()) -> 0
F9: M | H9: =G9*VLOOKUP(F9,$X$2:$Y$7,2,FALSE()) -> 0 | J9: Apertura | L9: =K9*VLOOKUP(F9,$X$2:$Y$7,2,FALSE()) -> 0 | Q9: 7 | R9: =Q9*VLOOKUP(F9,$X$2:$Y$7,2,FALSE()) -> 119
F10: Chancho | H10: =G10*VLOOKUP(F10,$X$2:$Y$7,2,FALSE()) -> 0 | L10: =K10*VLOOKUP(F10,$X$2:$Y$7,2,FALSE()) -> 0 | Q10: 20 | R10: =Q10*VLOOKUP(F10,$X$2:$Y$7,2,FALSE()) -> 1900
F11: Malogrado
A12: DOM 12-07 | B12: 30 | C12: 95 | D12: =B12*C12 -> 2850 | F12: A | G12: 59 | H12: =G12*VLOOKUP(F12,$X$2:$Y$7,2,FALSE()) -> 885 | I12: DOM 12-07 | J12: 2977 | K12: 67 | L12: =K12*VLOOKUP(F12,$X$2:$Y$7,2,FALSE()) -> 1005 | Q12: =Q6+G12-K12+M12-O12 -> 0 | R12: =R6+H12-L12+N12-O12*VLOOKUP(F12,$X$2:$Y$7,2,FALSE()) -> 0
F13: P | G13: 11 | H13: =G13*VLOOKUP(F13,$X$2:$Y$7,2,FALSE()) -> 198 | J13: 2977 | K13: 11 | L13: =K13*VLOOKUP(F13,$X$2:$Y$7,2,FALSE()) -> 198 | Q13: =Q7+G13-K13+M13-O13 -> 0 | R13: =R7+H13-L13+N13-O13*VLOOKUP(F13,$X$2:$Y$7,2,FALSE()) -> 0
F14: C | G14: 12 | H14: =G14*VLOOKUP(F14,$X$2:$Y$7,2,FALSE()) -> 204 | J14: 2977 | K14: 12 | L14: =K14*VLOOKUP(F14,$X$2:$Y$7,2,FALSE()) -> 204 | Q14: =Q8+G14-K14+M14-O14 -> 0 | R14: =R8+H14-L14+N14-O14*VLOOKUP(F14,$X$2:$Y$7,2,FALSE()) -> 0
F15: M | G15: 64 | H15: =G15*VLOOKUP(F15,$X$2:$Y$7,2,FALSE()) -> 1088 | J15: 2977 | K15: 42 | L15: =K15*VLOOKUP(F15,$X$2:$Y$7,2,FALSE()) -> 714 | Q15: =Q9+G15-K15+M15-O15 -> 29 | R15: =R9+H15-L15+N15-O15*VLOOKUP(F15,$X$2:$Y$7,2,FALSE()) -> 493
F16: Chancho | G16: 6 | H16: =G16*VLOOKUP(F16,$X$2:$Y$7,2,FALSE()) -> 570 | K16: 0 | L16: =K16*VLOOKUP(F16,$X$2:$Y$7,2,FALSE()) -> 0 | Q16: =Q10+G16-K16+M16-O16 -> 26 | R16: =R10+H16-L16+N16-O16*VLOOKUP(F16,$X$2:$Y$7,2,FALSE()) -> 2470
F17: Malogrado
A18: LUN 13-07 | B18: 40 | C18: 95 | D18: =B18*C18 -> 3800 | F18: A | G18: 107 | H18: =G18*VLOOKUP(F18,$X$2:$Y$7,2,FALSE()) -> 1605 | I18: LUN 13-07 | J18: 2980 | K18: 67 | L18: =K18*VLOOKUP(F18,$X$2:$Y$7,2,FALSE()) -> 1005 | Q18: =Q12+G18-K18+M18-O18 -> 40 | R18: =R12+H18-L18+N18-O18*VLOOKUP(F18,$X$2:$Y$7,2,FALSE()) -> 600
F19: P | G19: 11 | H19: =G19*VLOOKUP(F19,$X$2:$Y$7,2,FALSE()) -> 198 | J19: 2980 | K19: 11 | L19: =K19*VLOOKUP(F19,$X$2:$Y$7,2,FALSE()) -> 198 | Q19: =Q13+G19-K19+M19-O19 -> 0 | R19: =R13+H19-L19+N19-O19*VLOOKUP(F19,$X$2:$Y$7,2,FALSE()) -> 0
F20: C | G20: 12 | H20: =G20*VLOOKUP(F20,$X$2:$Y$7,2,FALSE()) -> 204 | J20: 2980 | K20: 12 | L20: =K20*VLOOKUP(F20,$X$2:$Y$7,2,FALSE()) -> 204 | Q20: =Q14+G20-K20+M20-O20 -> 0 | R20: =R14+H20-L20+N20-O20*VLOOKUP(F20,$X$2:$Y$7,2,FALSE()) -> 0
F21: M | G21: 110 | H21: =G21*VLOOKUP(F21,$X$2:$Y$7,2,FALSE()) -> 1870 | J21: 2980 | K21: 97 | L21: =K21*VLOOKUP(F21,$X$2:$Y$7,2,FALSE()) -> 1649 | Q21: =Q15+G21-K21+M21-O21 -> 42 | R21: =R15+H21-L21+N21-O21*VLOOKUP(F21,$X$2:$Y$7,2,FALSE()) -> 714
F22: Chancho | G22: 2 | H22: =G22*VLOOKUP(F22,$X$2:$Y$7,2,FALSE()) -> 190 | K22: 0 | L22: =K22*VLOOKUP(F22,$X$2:$Y$7,2,FALSE()) -> 0 | Q22: =Q16+G22-K22+M22-O22 -> 28 | R22: =R16+H22-L22+N22-O22*VLOOKUP(F22,$X$2:$Y$7,2,FALSE()) -> 2660
F23: Malogrado
A24: MAR 14-07 | B24: 40 | C24: 95 | D24: =B24*C24 -> 3800 | F24: A | G24: 45 | H24: =G24*VLOOKUP(F24,$X$2:$Y$7,2,FALSE()) -> 675 | I24: MAR 14-07 | J24: 2984 | K24: 67 | L24: =K24*VLOOKUP(F24,$X$2:$Y$7,2,FALSE()) -> 1005 | Q24: =Q18+G24-K24+M24-O24 -> 18 | R24: =R18+H24-L24+N24-O24*VLOOKUP(F24,$X$2:$Y$7,2,FALSE()) -> 270
F25: P | G25: 11 | H25: =G25*VLOOKUP(F25,$X$2:$Y$7,2,FALSE()) -> 198 | J25: 2984 | K25: 11 | L25: =K25*VLOOKUP(F25,$X$2:$Y$7,2,FALSE()) -> 198 | Q25: =Q19+G25-K25+M25-O25 -> 0 | R25: =R19+H25-L25+N25-O25*VLOOKUP(F25,$X$2:$Y$7,2,FALSE()) -> 0
F26: C | G26: 12 | H26: =G26*VLOOKUP(F26,$X$2:$Y$7,2,FALSE()) -> 204 | J26: 2984 | K26: 12 | L26: =K26*VLOOKUP(F26,$X$2:$Y$7,2,FALSE()) -> 204 | Q26: =Q20+G26-K26+M26-O26 -> 0 | R26: =R20+H26-L26+N26-O26*VLOOKUP(F26,$X$2:$Y$7,2,FALSE()) -> 0
F27: M | G27: 121 | H27: =G27*VLOOKUP(F27,$X$2:$Y$7,2,FALSE()) -> 2057 | J27: 2984 | K27: 116 | L27: =K27*VLOOKUP(F27,$X$2:$Y$7,2,FALSE()) -> 1972 | Q27: =Q21+G27-K27+M27-O27 -> 47 | R27: =R21+H27-L27+N27-O27*VLOOKUP(F27,$X$2:$Y$7,2,FALSE()) -> 799
F28: Chancho | G28: 7 | H28: =G28*VLOOKUP(F28,$X$2:$Y$7,2,FALSE()) -> 665 | K28: 0 | L28: =K28*VLOOKUP(F28,$X$2:$Y$7,2,FALSE()) -> 0 | Q28: =Q22+G28-K28+M28-O28 -> 35 | R28: =R22+H28-L28+N28-O28*VLOOKUP(F28,$X$2:$Y$7,2,FALSE()) -> 3325
F29: Malogrado
A30: MIE 15-07 | B30: 40 | C30: 95 | D30: =B30*C30 -> 3800 | F30: A | G30: 79 | H30: =G30*VLOOKUP(F30,$X$2:$Y$7,2,FALSE()) -> 1185 | I30: MIE 15-07 | J30: 2986 | K30: 67 | L30: =K30*VLOOKUP(F30,$X$2:$Y$7,2,FALSE()) -> 1005 | Q30: =Q24+G30-K30+M30-O30 -> 30 | R30: =R24+H30-L30+N30-O30*VLOOKUP(F30,$X$2:$Y$7,2,FALSE()) -> 450
F31: P | G31: 22 | H31: =G31*VLOOKUP(F31,$X$2:$Y$7,2,FALSE()) -> 396 | J31: 2986 | K31: 11 | L31: =K31*VLOOKUP(F31,$X$2:$Y$7,2,FALSE()) -> 198 | Q31: =Q25+G31-K31+M31-O31 -> 11 | R31: =R25+H31-L31+N31-O31*VLOOKUP(F31,$X$2:$Y$7,2,FALSE()) -> 198
F32: C | G32: 21 | H32: =G32*VLOOKUP(F32,$X$2:$Y$7,2,FALSE()) -> 357 | J32: 2986 | K32: 9 | L32: =K32*VLOOKUP(F32,$X$2:$Y$7,2,FALSE()) -> 153 | Q32: =Q26+G32-K32+M32-O32 -> 12 | R32: =R26+H32-L32+N32-O32*VLOOKUP(F32,$X$2:$Y$7,2,FALSE()) -> 204
F33: M | G33: 83 | H33: =G33*VLOOKUP(F33,$X$2:$Y$7,2,FALSE()) -> 1411 | J33: 2986 | K33: 95 | L33: =K33*VLOOKUP(F33,$X$2:$Y$7,2,FALSE()) -> 1615 | Q33: =Q27+G33-K33+M33-O33 -> 35 | R33: =R27+H33-L33+N33-O33*VLOOKUP(F33,$X$2:$Y$7,2,FALSE()) -> 595
F34: Chancho | G34: 5 | H34: =G34*VLOOKUP(F34,$X$2:$Y$7,2,FALSE()) -> 475 | J34: TCK002-724 | K34: 35 | L34: =K34*VLOOKUP(F34,$X$2:$Y$7,2,FALSE()) -> 3325 | Q34: =Q28+G34-K34+M34-O34 -> 5 | R34: =R28+H34-L34+N34-O34*VLOOKUP(F34,$X$2:$Y$7,2,FALSE()) -> 475
F35: Malogrado
A36: JUE 16-07 | B36: 40 | C36: 95 | D36: =B36*C36 -> 3800 | F36: A | G36: 68 | H36: =G36*VLOOKUP(F36,$X$2:$Y$7,2,FALSE()) -> 1020 | I36: JUE 16-07 | J36: 2992 | K36: 63 | L36: =K36*VLOOKUP(F36,$X$2:$Y$7,2,FALSE()) -> 945 | Q36: =Q30+G36-K36+M36-O36 -> 35 | R36: =R30+H36-L36+N36-O36*VLOOKUP(F36,$X$2:$Y$7,2,FALSE()) -> 525
F37: P | G37: 11 | H37: =G37*VLOOKUP(F37,$X$2:$Y$7,2,FALSE()) -> 198 | J37: 2992 | K37: 11 | L37: =K37*VLOOKUP(F37,$X$2:$Y$7,2,FALSE()) -> 198 | Q37: =Q31+G37-K37+M37-O37 -> 11 | R37: =R31+H37-L37+N37-O37*VLOOKUP(F37,$X$2:$Y$7,2,FALSE()) -> 198
F38: C | G38: 12 | H38: =G38*VLOOKUP(F38,$X$2:$Y$7,2,FALSE()) -> 204 | J38: 2992 | K38: 12 | L38: =K38*VLOOKUP(F38,$X$2:$Y$7,2,FALSE()) -> 204 | Q38: =Q32+G38-K38+M38-O38 -> 12 | R38: =R32+H38-L38+N38-O38*VLOOKUP(F38,$X$2:$Y$7,2,FALSE()) -> 204
F39: M | G39: 116 | H39: =G39*VLOOKUP(F39,$X$2:$Y$7,2,FALSE()) -> 1972 | J39: 2992 | K39: 115 | L39: =K39*VLOOKUP(F39,$X$2:$Y$7,2,FALSE()) -> 1955 | Q39: =Q33+G39-K39+M39-O39 -> 36 | R39: =R33+H39-L39+N39-O39*VLOOKUP(F39,$X$2:$Y$7,2,FALSE()) -> 612
F40: Chancho | G40: 4 | H40: =G40*VLOOKUP(F40,$X$2:$Y$7,2,FALSE()) -> 380 | K40: 0 | L40: =K40*VLOOKUP(F40,$X$2:$Y$7,2,FALSE()) -> 0 | Q40: =Q34+G40-K40+M40-O40 -> 9 | R40: =R34+H40-L40+N40-O40*VLOOKUP(F40,$X$2:$Y$7,2,FALSE()) -> 855
F41: Malogrado
A42: VIE 17-07 | B42: 60 | C42: 95 | D42: =B42*C42 -> 5700 | F42: A | G42: 99 | H42: =G42*VLOOKUP(F42,$X$2:$Y$7,2,FALSE()) -> 1485 | I42: VIE 17-07 | J42: 2994 | K42: 67 | L42: =K42*VLOOKUP(F42,$X$2:$Y$7,2,FALSE()) -> 1005 | Q42: =Q36+G42-K42+M42-O42 -> 67 | R42: =R36+H42-L42+N42-O42*VLOOKUP(F42,$X$2:$Y$7,2,FALSE()) -> 1005
F43: P | G43: 4 | H43: =G43*VLOOKUP(F43,$X$2:$Y$7,2,FALSE()) -> 72 | J43: 2994 | K43: 11 | L43: =K43*VLOOKUP(F43,$X$2:$Y$7,2,FALSE()) -> 198 | Q43: =Q37+G43-K43+M43-O43 -> 4 | R43: =R37+H43-L43+N43-O43*VLOOKUP(F43,$X$2:$Y$7,2,FALSE()) -> 72
F44: C | G44: 9 | H44: =G44*VLOOKUP(F44,$X$2:$Y$7,2,FALSE()) -> 153 | J44: 2994 | K44: 12 | L44: =K44*VLOOKUP(F44,$X$2:$Y$7,2,FALSE()) -> 204 | Q44: =Q38+G44-K44+M44-O44 -> 9 | R44: =R38+H44-L44+N44-O44*VLOOKUP(F44,$X$2:$Y$7,2,FALSE()) -> 153
F45: M | G45: 178 | H45: =G45*VLOOKUP(F45,$X$2:$Y$7,2,FALSE()) -> 3026 | J45: 2994 | K45: 118 | L45: =K45*VLOOKUP(F45,$X$2:$Y$7,2,FALSE()) -> 2006 | Q45: =Q39+G45-K45+M45-O45 -> 96 | R45: =R39+H45-L45+N45-O45*VLOOKUP(F45,$X$2:$Y$7,2,FALSE()) -> 1632
F46: Chancho | G46: 10 | H46: =G46*VLOOKUP(F46,$X$2:$Y$7,2,FALSE()) -> 950 | J46: TCK002-725 | K46: 15 | L46: =K46*VLOOKUP(F46,$X$2:$Y$7,2,FALSE()) -> 1425 | Q46: =Q40+G46-K46+M46-O46 -> 4 | R46: =R40+H46-L46+N46-O46*VLOOKUP(F46,$X$2:$Y$7,2,FALSE()) -> 380
F47: Malogrado
A48: VIE 17-07 | B48: 5 | C48: 95 | D48: =B48*C48 -> 475 | F48: A | G48: 4 | H48: =G48*VLOOKUP(F48,$X$2:$Y$7,2,FALSE()) -> 60 | K48: 0 | L48: =K48*VLOOKUP(F48,$X$2:$Y$7,2,FALSE()) -> 0 | Q48: =Q42+G48-K48+M48-O48 -> 71 | R48: =R42+H48-L48+N48-O48*VLOOKUP(F48,$X$2:$Y$7,2,FALSE()) -> 1065
F49: P | G49: 0 | H49: =G49*VLOOKUP(F49,$X$2:$Y$7,2,FALSE()) -> 0 | K49: 0 | L49: =K49*VLOOKUP(F49,$X$2:$Y$7,2,FALSE()) -> 0 | Q49: =Q43+G49-K49+M49-O49 -> 4 | R49: =R43+H49-L49+N49-O49*VLOOKUP(F49,$X$2:$Y$7,2,FALSE()) -> 72
F50: C | G50: 0 | H50: =G50*VLOOKUP(F50,$X$2:$Y$7,2,FALSE()) -> 0 | K50: 0 | L50: =K50*VLOOKUP(F50,$X$2:$Y$7,2,FALSE()) -> 0 | Q50: =Q44+G50-K50+M50-O50 -> 9 | R50: =R44+H50-L50+N50-O50*VLOOKUP(F50,$X$2:$Y$7,2,FALSE()) -> 153
F51: M | G51: 18 | H51: =G51*VLOOKUP(F51,$X$2:$Y$7,2,FALSE()) -> 306 | K51: 0 | L51: =K51*VLOOKUP(F51,$X$2:$Y$7,2,FALSE()) -> 0 | Q51: =Q45+G51-K51+M51-O51 -> 114 | R51: =R45+H51-L51+N51-O51*VLOOKUP(F51,$X$2:$Y$7,2,FALSE()) -> 1938
F52: Chancho | G52: 1 | H52: =G52*VLOOKUP(F52,$X$2:$Y$7,2,FALSE()) -> 95 | K52: 0 | L52: =K52*VLOOKUP(F52,$X$2:$Y$7,2,FALSE()) -> 0 | Q52: =Q46+G52-K52+M52-O52 -> 5 | R52: =R46+H52-L52+N52-O52*VLOOKUP(F52,$X$2:$Y$7,2,FALSE()) -> 475
F53: Malogrado
A54: SAB 18-07 | B54: 0 | D54: =B54*C54 -> 0 | F54: A | G54: 0 | H54: =G54*VLOOKUP(F54,$X$2:$Y$7,2,FALSE()) -> 0 | I54: SAB 18-07 | J54: 2996 | K54: 67 | L54: =K54*VLOOKUP(F54,$X$2:$Y$7,2,FALSE()) -> 1005 | O54: 1 | Q54: =Q48+G54-K54+M54-O54 -> 3 | R54: =R48+H54-L54+N54-O54*VLOOKUP(F54,$X$2:$Y$7,2,FALSE()) -> 45
F55: P | G55: 0 | H55: =G55*VLOOKUP(F55,$X$2:$Y$7,2,FALSE()) -> 0 | J55: 2996 | K55: 4 | L55: =K55*VLOOKUP(F55,$X$2:$Y$7,2,FALSE()) -> 72 | Q55: =Q49+G55-K55+M55-O55 -> 0 | R55: =R49+H55-L55+N55-O55*VLOOKUP(F55,$X$2:$Y$7,2,FALSE()) -> 0
F56: C | G56: 0 | H56: =G56*VLOOKUP(F56,$X$2:$Y$7,2,FALSE()) -> 0 | J56: 2996 | K56: 9 | L56: =K56*VLOOKUP(F56,$X$2:$Y$7,2,FALSE()) -> 153 | Q56: =Q50+G56-K56+M56-O56 -> 0 | R56: =R50+H56-L56+N56-O56*VLOOKUP(F56,$X$2:$Y$7,2,FALSE()) -> 0
F57: M | G57: 0 | H57: =G57*VLOOKUP(F57,$X$2:$Y$7,2,FALSE()) -> 0 | J57: 2996 | K57: 114 | L57: =K57*VLOOKUP(F57,$X$2:$Y$7,2,FALSE()) -> 1938 | Q57: =Q51+G57-K57+M57-O57 -> 0 | R57: =R51+H57-L57+N57-O57*VLOOKUP(F57,$X$2:$Y$7,2,FALSE()) -> 0
F58: Chancho | G58: 0 | H58: =G58*VLOOKUP(F58,$X$2:$Y$7,2,FALSE()) -> 0 | K58: 0 | L58: =K58*VLOOKUP(F58,$X$2:$Y$7,2,FALSE()) -> 0 | Q58: =Q52+G58-K58+M58-O58 -> 5 | R58: =R52+H58-L58+N58-O58*VLOOKUP(F58,$X$2:$Y$7,2,FALSE()) -> 475
F59: Malogrado
A60: DOM 19-07 | B60: 50 | C60: 95 | D60: =B60*C60 -> 4750 | F60: A | G60: 107 | H60: =G60*VLOOKUP(F60,$X$2:$Y$7,2,FALSE()) -> 1605 | I60: DOM 19-07 | J60: 2998 | K60: 67 | L60: =K60*VLOOKUP(F60,$X$2:$Y$7,2,FALSE()) -> 1005 | Q60: =Q54+G60-K60+M60-O60 -> 43 | R60: =R54+H60-L60+N60-O60*VLOOKUP(F60,$X$2:$Y$7,2,FALSE()) -> 645
F61: P | G61: 11 | H61: =G61*VLOOKUP(F61,$X$2:$Y$7,2,FALSE()) -> 198 | J61: 2998 | K61: 11 | L61: =K61*VLOOKUP(F61,$X$2:$Y$7,2,FALSE()) -> 198 | Q61: =Q55+G61-K61+M61-O61 -> 0 | R61: =R55+H61-L61+N61-O61*VLOOKUP(F61,$X$2:$Y$7,2,FALSE()) -> 0
F62: C | G62: 12 | H62: =G62*VLOOKUP(F62,$X$2:$Y$7,2,FALSE()) -> 204 | J62: 2998 | K62: 12 | L62: =K62*VLOOKUP(F62,$X$2:$Y$7,2,FALSE()) -> 204 | Q62: =Q56+G62-K62+M62-O62 -> 0 | R62: =R56+H62-L62+N62-O62*VLOOKUP(F62,$X$2:$Y$7,2,FALSE()) -> 0
F63: M | G63: 88 | H63: =G63*VLOOKUP(F63,$X$2:$Y$7,2,FALSE()) -> 1496 | J63: 2998 | K63: 28 | L63: =K63*VLOOKUP(F63,$X$2:$Y$7,2,FALSE()) -> 476 | Q63: =Q57+G63-K63+M63-O63 -> 60 | R63: =R57+H63-L63+N63-O63*VLOOKUP(F63,$X$2:$Y$7,2,FALSE()) -> 1020
F64: Chancho | G64: 13.5 | H64: =G64*VLOOKUP(F64,$X$2:$Y$7,2,FALSE()) -> 1282.5 | K64: 0 | L64: =K64*VLOOKUP(F64,$X$2:$Y$7,2,FALSE()) -> 0 | Q64: =Q58+G64-K64+M64-O64 -> 18.5 | R64: =R58+H64-L64+N64-O64*VLOOKUP(F64,$X$2:$Y$7,2,FALSE()) -> 1757.5
F65: Malogrado
A66: LUN 20-07 | B66: 48 | C66: 95 | D66: =B66*C66 -> 4560 | F66: A | G66: 68 | H66: =G66*VLOOKUP(F66,$X$2:$Y$7,2,FALSE()) -> 1020 | I66: LUN 20-07 | J66: 3001 | K66: 67 | L66: =K66*VLOOKUP(F66,$X$2:$Y$7,2,FALSE()) -> 1005 | Q66: =Q60+G66-K66+M66-O66 -> 44 | R66: =R60+H66-L66+N66-O66*VLOOKUP(F66,$X$2:$Y$7,2,FALSE()) -> 660
F67: P | G67: 23 | H67: =G67*VLOOKUP(F67,$X$2:$Y$7,2,FALSE()) -> 414 | J67: 3001 | K67: 11 | L67: =K67*VLOOKUP(F67,$X$2:$Y$7,2,FALSE()) -> 198 | Q67: =Q61+G67-K67+M67-O67 -> 12 | R67: =R61+H67-L67+N67-O67*VLOOKUP(F67,$X$2:$Y$7,2,FALSE()) -> 216
F68: C | G68: 23 | H68: =G68*VLOOKUP(F68,$X$2:$Y$7,2,FALSE()) -> 391 | J68: 3001 | K68: 12 | L68: =K68*VLOOKUP(F68,$X$2:$Y$7,2,FALSE()) -> 204 | Q68: =Q62+G68-K68+M68-O68 -> 11 | R68: =R62+H68-L68+N68-O68*VLOOKUP(F68,$X$2:$Y$7,2,FALSE()) -> 187
F69: M | G69: 129 | H69: =G69*VLOOKUP(F69,$X$2:$Y$7,2,FALSE()) -> 2193 | J69: 3001 | K69: 111 | L69: =K69*VLOOKUP(F69,$X$2:$Y$7,2,FALSE()) -> 1887 | Q69: =Q63+G69-K69+M69-O69 -> 78 | R69: =R63+H69-L69+N69-O69*VLOOKUP(F69,$X$2:$Y$7,2,FALSE()) -> 1326
F70: Chancho | G70: 6.5 | H70: =G70*VLOOKUP(F70,$X$2:$Y$7,2,FALSE()) -> 617.5 | J70: TCK002-726 | K70: 18 | L70: =K70*VLOOKUP(F70,$X$2:$Y$7,2,FALSE()) -> 1710 | Q70: =Q64+G70-K70+M70-O70 -> 7 | R70: =R64+H70-L70+N70-O70*VLOOKUP(F70,$X$2:$Y$7,2,FALSE()) -> 665
F71: Malogrado
A72: LUN 20-07 | B72: 22 | C72: 95 | D72: =B72*C72 -> 2090 | E72: MAR 21-07 | F72: A | G72: 43 | H72: =G72*VLOOKUP(F72,$X$2:$Y$7,2,FALSE()) -> 645 | L72: =K72*VLOOKUP(F72,$X$2:$Y$7,2,FALSE()) -> 0 | Q72: =Q66+G72-K72+M72-O72 -> 87 | R72: =R66+H72-L72+N72-O72*VLOOKUP(F72,$X$2:$Y$7,2,FALSE()) -> 1305
F73: P | G73: 0 | H73: =G73*VLOOKUP(F73,$X$2:$Y$7,2,FALSE()) -> 0 | L73: =K73*VLOOKUP(F73,$X$2:$Y$7,2,FALSE()) -> 0 | O73: 1 | Q73: =Q67+G73-K73+M73-O73 -> 11 | R73: =R67+H73-L73+N73-O73*VLOOKUP(F73,$X$2:$Y$7,2,FALSE()) -> 198
F74: C | G74: 0 | H74: =G74*VLOOKUP(F74,$X$2:$Y$7,2,FALSE()) -> 0 | L74: =K74*VLOOKUP(F74,$X$2:$Y$7,2,FALSE()) -> 0 | O74: 1 | Q74: =Q68+G74-K74+M74-O74 -> 10 | R74: =R68+H74-L74+N74-O74*VLOOKUP(F74,$X$2:$Y$7,2,FALSE()) -> 170
F75: M | G75: 72 | H75: =G75*VLOOKUP(F75,$X$2:$Y$7,2,FALSE()) -> 1224 | L75: =K75*VLOOKUP(F75,$X$2:$Y$7,2,FALSE()) -> 0 | Q75: =Q69+G75-K75+M75-O75 -> 150 | R75: =R69+H75-L75+N75-O75*VLOOKUP(F75,$X$2:$Y$7,2,FALSE()) -> 2550
F76: Chancho | G76: 3 | H76: =G76*VLOOKUP(F76,$X$2:$Y$7,2,FALSE()) -> 285 | L76: =K76*VLOOKUP(F76,$X$2:$Y$7,2,FALSE()) -> 0 | Q76: =Q70+G76-K76+M76-O76 -> 10 | R76: =R70+H76-L76+N76-O76*VLOOKUP(F76,$X$2:$Y$7,2,FALSE()) -> 950
F77: Malogrado
A78: MAR 21-07 | B78: 70 | C78: 95 | D78: =B78*C78 -> 6650 | E78: MAR 21-07 | F78: A | G78: 47 | H78: =G78*VLOOKUP(F78,$X$2:$Y$7,2,FALSE()) -> 705 | I78: MAR 21-07 | J78: 3004 | K78: 67 | L78: =K78*VLOOKUP(F78,$X$2:$Y$7,2,FALSE()) -> 1005 | M78: 1 | N78: 7 | O78: 1 | Q78: =Q72+G78-K78+M78-O78 -> 67 | R78: =R72+H78-L78+N78-O78*VLOOKUP(F78,$X$2:$Y$7,2,FALSE()) -> 997
F79: P | G79: 11 | H79: =G79*VLOOKUP(F79,$X$2:$Y$7,2,FALSE()) -> 198 | J79: 3004 | K79: 11 | L79: =K79*VLOOKUP(F79,$X$2:$Y$7,2,FALSE()) -> 198 | Q79: =Q73+G79-K79+M79-O79 -> 11 | R79: =R73+H79-L79+N79-O79*VLOOKUP(F79,$X$2:$Y$7,2,FALSE()) -> 198
F80: C | G80: 12 | H80: =G80*VLOOKUP(F80,$X$2:$Y$7,2,FALSE()) -> 204 | J80: 3004 | K80: 10 | L80: =K80*VLOOKUP(F80,$X$2:$Y$7,2,FALSE()) -> 170 | Q80: =Q74+G80-K80+M80-O80 -> 12 | R80: =R74+H80-L80+N80-O80*VLOOKUP(F80,$X$2:$Y$7,2,FALSE()) -> 204
F81: M | G81: 72 | H81: =G81*VLOOKUP(F81,$X$2:$Y$7,2,FALSE()) -> 1224 | J81: 3004 | K81: 111 | L81: =K81*VLOOKUP(F81,$X$2:$Y$7,2,FALSE()) -> 1887 | M81: 1 | N81: 10 | O81: 1 | Q81: =Q75+G81-K81+M81-O81 -> 111 | R81: =R75+H81-L81+N81-O81*VLOOKUP(F81,$X$2:$Y$7,2,FALSE()) -> 1880
F82: Chancho | G82: 4 | H82: =G82*VLOOKUP(F82,$X$2:$Y$7,2,FALSE()) -> 380 | L82: =K82*VLOOKUP(F82,$X$2:$Y$7,2,FALSE()) -> 0 | Q82: =Q76+G82-K82+M82-O82 -> 14 | R82: =R76+H82-L82+N82-O82*VLOOKUP(F82,$X$2:$Y$7,2,FALSE()) -> 1330
F83: Malogrado
A84: MIE 22-07 | F84: A | G84: 64 | H84: =G84*VLOOKUP(F84,$X$2:$Y$7,2,FALSE()) -> 960 | I84: MIE 22-07 | J84: 3006 | K84: 67 | L84: =K84*VLOOKUP(F84,$X$2:$Y$7,2,FALSE()) -> 1005 | M84: 1 | N84: 9 | O84: 1 | Q84: =Q78+G84-K84+M84-O84 -> 64 | R84: =R78+H84-L84+N84-O84*VLOOKUP(F84,$X$2:$Y$7,2,FALSE()) -> 946
F85: P | G85: 11 | H85: =G85*VLOOKUP(F85,$X$2:$Y$7,2,FALSE()) -> 198 | J85: 3006 | K85: 11 | L85: =K85*VLOOKUP(F85,$X$2:$Y$7,2,FALSE()) -> 198 | Q85: =Q79+G85-K85+M85-O85 -> 11 | R85: =R79+H85-L85+N85-O85*VLOOKUP(F85,$X$2:$Y$7,2,FALSE()) -> 198
F86: C | G86: 12 | H86: =G86*VLOOKUP(F86,$X$2:$Y$7,2,FALSE()) -> 204 | J86: 3006 | K86: 12 | L86: =K86*VLOOKUP(F86,$X$2:$Y$7,2,FALSE()) -> 204 | Q86: =Q80+G86-K86+M86-O86 -> 12 | R86: =R80+H86-L86+N86-O86*VLOOKUP(F86,$X$2:$Y$7,2,FALSE()) -> 204
F87: M | G87: 111 | H87: =G87*VLOOKUP(F87,$X$2:$Y$7,2,FALSE()) -> 1887 | J87: 3006 | K87: 111 | L87: =K87*VLOOKUP(F87,$X$2:$Y$7,2,FALSE()) -> 1887 | M87: 9 | N87: 153 | Q87: =Q81+G87-K87+M87-O87 -> 120 | R87: =R81+H87-L87+N87-O87*VLOOKUP(F87,$X$2:$Y$7,2,FALSE()) -> 2033
F88: Chancho | G88: 8 | H88: =G88*VLOOKUP(F88,$X$2:$Y$7,2,FALSE()) -> 760 | J88: S/T | K88: 10 | L88: =K88*VLOOKUP(F88,$X$2:$Y$7,2,FALSE()) -> 950 | Q88: =Q82+G88-K88+M88-O88 -> 12 | R88: =R82+H88-L88+N88-O88*VLOOKUP(F88,$X$2:$Y$7,2,FALSE()) -> 1140 | S88: no hay ticket de esta venta
F89: Malogrado | H89: 50
A90: MIE 22-07 | B90: 40 | C90: 95 | D90: =B90*C90 -> 3800 | E90: JUE 23-07 | F90: A | G90: 78 | H90: =G90*VLOOKUP(F90,$X$2:$Y$7,2,FALSE()) -> 1170 | I90: JUE 23-07 | J90: 3008 | K90: 67 | L90: =K90*VLOOKUP(F90,$X$2:$Y$7,2,FALSE()) -> 1005 | Q90: =Q84+G90-K90+M90-O90 -> 75 | R90: =R84+H90-L90+N90-O90*VLOOKUP(F90,$X$2:$Y$7,2,FALSE()) -> 1111
F91: P | G91: 11 | H91: =G91*VLOOKUP(F91,$X$2:$Y$7,2,FALSE()) -> 198 | J91: 3008 | K91: 11 | L91: =K91*VLOOKUP(F91,$X$2:$Y$7,2,FALSE()) -> 198 | Q91: =Q85+G91-K91+M91-O91 -> 11 | R91: =R85+H91-L91+N91-O91*VLOOKUP(F91,$X$2:$Y$7,2,FALSE()) -> 198
F92: C | G92: 12 | H92: =G92*VLOOKUP(F92,$X$2:$Y$7,2,FALSE()) -> 204 | J92: 3008 | K92: 12 | L92: =K92*VLOOKUP(F92,$X$2:$Y$7,2,FALSE()) -> 204 | Q92: =Q86+G92-K92+M92-O92 -> 12 | R92: =R86+H92-L92+N92-O92*VLOOKUP(F92,$X$2:$Y$7,2,FALSE()) -> 204
F93: M | G93: 94 | H93: =G93*VLOOKUP(F93,$X$2:$Y$7,2,FALSE()) -> 1598 | J93: 3008 | K93: 118 | L93: =K93*VLOOKUP(F93,$X$2:$Y$7,2,FALSE()) -> 2006 | Q93: =Q87+G93-K93+M93-O93 -> 96 | R93: =R87+H93-L93+N93-O93*VLOOKUP(F93,$X$2:$Y$7,2,FALSE()) -> 1625
F94: Chancho | G94: 6.5 | H94: =G94*VLOOKUP(F94,$X$2:$Y$7,2,FALSE()) -> 617.5 | J94: S/T | K94: 0.5 | L94: =K94*VLOOKUP(F94,$X$2:$Y$7,2,FALSE()) -> 47.5 | Q94: =Q88+G94-K94+M94-O94 -> 18 | R94: =R88+H94-L94+N94-O94*VLOOKUP(F94,$X$2:$Y$7,2,FALSE()) -> 1710
F95: Malogrado
A96: JUE 24-7 | B96: 70 | C96: 95 | D96: =+B96*C96 -> 6650 | E96: VIE 24-07 | F96: A | G96: 48 | H96: =G96*VLOOKUP(F96,$X$2:$Y$7,2,FALSE()) -> 720 | I96: VIE 24-07 | J96: G-3011 | K96: 67 | L96: =K96*VLOOKUP(F96,$X$2:$Y$7,2,FALSE()) -> 1005 | Q96: =Q90+G96-K96+M96-O96 -> 56 | R96: =R90+H96-L96+N96-O96*VLOOKUP(F96,$X$2:$Y$7,2,FALSE()) -> 826
F97: P | G97: 3 | H97: =G97*VLOOKUP(F97,$X$2:$Y$7,2,FALSE()) -> 54 | J97: G-3011 | K97: 11 | L97: =K97*VLOOKUP(F97,$X$2:$Y$7,2,FALSE()) -> 198 | Q97: =Q91+G97-K97+M97-O97 -> 3 | R97: =R91+H97-L97+N97-O97*VLOOKUP(F97,$X$2:$Y$7,2,FALSE()) -> 54
F98: C | G98: 5 | H98: =G98*VLOOKUP(F98,$X$2:$Y$7,2,FALSE()) -> 85 | J98: G-3011 | K98: 12 | L98: =K98*VLOOKUP(F98,$X$2:$Y$7,2,FALSE()) -> 204 | Q98: =Q92+G98-K98+M98-O98 -> 5 | R98: =R92+H98-L98+N98-O98*VLOOKUP(F98,$X$2:$Y$7,2,FALSE()) -> 85
F99: M | G99: 73 | H99: =G99*VLOOKUP(F99,$X$2:$Y$7,2,FALSE()) -> 1241 | J99: G-3011 | K99: 118 | L99: =K99*VLOOKUP(F99,$X$2:$Y$7,2,FALSE()) -> 2006 | Q99: =Q93+G99-K99+M99-O99 -> 51 | R99: =R93+H99-L99+N99-O99*VLOOKUP(F99,$X$2:$Y$7,2,FALSE()) -> 860
F100: Chancho | G100: 6 | H100: =G100*VLOOKUP(F100,$X$2:$Y$7,2,FALSE()) -> 570 | J100: TCK002-729 | K100: 9 | L100: =K100*VLOOKUP(F100,$X$2:$Y$7,2,FALSE()) -> 855 | Q100: =Q94+G100-K100+M100-O100 -> 15 | R100: =R94+H100-L100+N100-O100*VLOOKUP(F100,$X$2:$Y$7,2,FALSE()) -> 1425
...

Sheet TOTALES
A1: AGRO PACAYALES · PLANTA CAMOTE 2026 | TOTALES — Entradas / Salidas y Rendimiento (kg)
A2: 100% automático: cualquier dato que agregues o corrijas en PROCESO (incluso en fechas pasadas) aparece aquí solo, sin filas vacías y sin regenerar nada. ENTRADAS: compras y reprocesos. SALIDAS: envíos, chancho del proceso y malogrado.
C4: ENTRADAS | D4: SALIDAS
A5: Fecha | B5: Detalle | C5: Ingresos Kg | D5: Salidas Kg | E5: N. Guía / Nota | F5: Stock Kg
A6: =IFERROR(INDEX(K$6:K$201,MATCH(ROW()-5,J$6:J$201,0)),"") -> SAB 11-07 | B6: =IFERROR(INDEX(L$6:L$201,MATCH(ROW()-5,J$6:J$201,0)),"") -> APERTURA (saldo semana anterior) | C6: =IFERROR(INDEX(M$6:M$201,MATCH(ROW()-5,J$6:J$201,0)),"") | D6: =IFERROR(INDEX(N$6:N$201,MATCH(ROW()-5,J$6:J$201,0)),"") | E6: =IFERROR(INDEX(O$6:O$201,MATCH(ROW()-5,J$6:J$201,0)),"") -> Solo camote A/P/C/M, sin sacos de chancho | F6: =IFERROR(INDEX(P$6:P$201,MATCH(ROW()-5,J$6:J$201,0)),"") -> 239 | J6: 1 | K6: =PROCESO!A6 -> SAB 11-07 | L6: APERTURA (saldo semana anterior) | M6: ="" | N6: ="" | O6: Solo camote A/P/C/M, sin sacos de chancho | P6: =SUM(PROCESO!R6:R9) -> 239
A7: =IFERROR(INDEX(K$6:K$201,MATCH(ROW()-5,J$6:J$201,0)),"") -> DOM 12-07 | B7: =IFERROR(INDEX(L$6:L$201,MATCH(ROW()-5,J$6:J$201,0)),"") -> INGRESO (compra) | C7: =IFERROR(INDEX(M$6:M$201,MATCH(ROW()-5,J$6:J$201,0)),"") -> 2850 | D7: =IFERROR(INDEX(N$6:N$201,MATCH(ROW()-5,J$6:J$201,0)),"") | E7: =IFERROR(INDEX(O$6:O$201,MATCH(ROW()-5,J$6:J$201,0)),"") -> 30 sacos x 95 kg | F7: =IFERROR(INDEX(P$6:P$201,MATCH(ROW()-5,J$6:J$201,0)),"") -> 3089 | J7: =IF(PROCESO!D12>0,COUNT(J$6:J6)+1,"") -> 2 | K7: =IF(PROCESO!D12>0,PROCESO!A12&IF(COUNTIF(PROCESO!$A$6:A11,PROCESO!A12)>0," (Ped."&(COUNTIF(PROCESO!$A$6:A11,PROCESO!A12)+1)&")",""),"") -> DOM 12-07 | L7: =IF(PROCESO!D12>0,"INGRESO (compra)","") -> INGRESO (compra) | M7: =IF(PROCESO!D12>0,PROCESO!D12,"") -> 2850 | N7: ="" | O7: =IF(PROCESO!D12>0,PROCESO!B12&" sacos x "&PROCESO!C12&" kg","") -> 30 sacos x 95 kg | P7: =P6+N(M7)-N(N7) -> 3089
A8: =IFERROR(INDEX(K$6:K$201,MATCH(ROW()-5,J$6:J$201,0)),"") -> DOM 12-07 | B8: =IFERROR(INDEX(L$6:L$201,MATCH(ROW()-5,J$6:J$201,0)),"") -> CHANCHO (proceso) | C8: =IFERROR(INDEX(M$6:M$201,MATCH(ROW()-5,J$6:J$201,0)),"") | D8: =IFERROR(INDEX(N$6:N$201,MATCH(ROW()-5,J$6:J$201,0)),"") -> 570 | E8: =IFERROR(INDEX(O$6:O$201,MATCH(ROW()-5,J$6:J$201,0)),"") -> 6 sacos x 95 kg | F8: =IFERROR(INDEX(P$6:P$201,MATCH(ROW()-5,J$6:J$201,0)),"") -> 2519 | J8: =IF(N(PROCESO!H16)>0,COUNT(J$6:J7)+1,"") -> 3 | K8: =IF(N(PROCESO!H16)>0,PROCESO!A12&IF(COUNTIF(PROCESO!$A$6:A11,PROCESO!A12)>0," (Ped."&(COUNTIF(PROCESO!$A$6:A11,PROCESO!A12)+1)&")",""),"") -> DOM 12-07 | L8: =IF(N(PROCESO!H16)>0,"CHANCHO (proceso)","") -> CHANCHO (proceso) | M8: ="" | N8: =IF(N(PROCESO!H16)>0,N(PROCESO!H16),"") -> 570 | O8: =IF(N(PROCESO!H16)>0,PROCESO!G16&" sacos x 95 kg","") -> 6 sacos x 95 kg | P8: =P7+N(M8)-N(N8) -> 2519
A9: =IFERROR(INDEX(K$6:K$201,MATCH(ROW()-5,J$6:J$201,0)),"") -> DOM 12-07 | B9: =IFERROR(INDEX(L$6:L$201,MATCH(ROW()-5,J$6:J$201,0)),"") -> ENVÍO Guía 2977 | C9: =IFERROR(INDEX(M$6:M$201,MATCH(ROW()-5,J$6:J$201,0)),"") | D9: =IFERROR(INDEX(N$6:N$201,MATCH(ROW()-5,J$6:J$201,0)),"") -> 2121 | E9: =IFERROR(INDEX(O$6:O$201,MATCH(ROW()-5,J$6:J$201,0)),"") -> G-2977 | F9: =IFERROR(INDEX(P$6:P$201,MATCH(ROW()-5,J$6:J$201,0)),"") -> 398 | J9: =IF(N(PROCESO!H17)>0,COUNT(J$6:J8)+1,"") | K9: =IF(N(PROCESO!H17)>0,PROCESO!A12&IF(COUNTIF(PROCESO!$A$6:A11,PROCESO!A12)>0," (Ped."&(COUNTIF(PROCESO!$A$6:A11,PROCESO!A12)+1)&")",""),"") | L9: =IF(N(PROCESO!H17)>0,"MALOGRADO","") | M9: ="" | N9: =IF(N(PROCESO!H17)>0,N(PROCESO!H17),"") | O9: ="" | P9: =P8+N(M9)-N(N9) -> 2519
A10: =IFERROR(INDEX(K$6:K$201,MATCH(ROW()-5,J$6:J$201,0)),"") -> LUN 13-07 | B10: =IFERROR(INDEX(L$6:L$201,MATCH(ROW()-5,J$6:J$201,0)),"") -> INGRESO (compra) | C10: =IFERROR(INDEX(M$6:M$201,MATCH(ROW()-5,J$6:J$201,0)),"") -> 3800 | D10: =IFERROR(INDEX(N$6:N$201,MATCH(ROW()-5,J$6:J$201,0)),"") | E10: =IFERROR(INDEX(O$6:O$201,MATCH(ROW()-5,J$6:J$201,0)),"") -> 40 sacos x 95 kg | F10: =IFERROR(INDEX(P$6:P$201,MATCH(ROW()-5,J$6:J$201,0)),"") -> 4198 | J10: =IF(IF(PROCESO!J12<>"",PROCESO!J12,IF(PROCESO!J13<>"",PROCESO!J13,IF(PROCESO!J14<>"",PROCESO!J14,IF(PROCESO!J15<>"",PROCESO!J15,""))))<>"",COUNT(J$6:J9)+1,"") -> 4 | K10: =IF(IF(PROCESO!J12<>"",PROCESO!J12,IF(PROCESO!J13<>"",PROCESO!J13,IF(PROCESO!J14<>"",PROCESO!J14,IF(PROCESO!J15<>"",PROCESO!J15,""))))<>"",PROCESO!A12&IF(COUNTIF(PROCESO!$A$6:A11,PROCESO!A12)>0," (Ped."&(COUNTIF(PROCESO!$A$6:A11,PROCESO!A12)+1)&")",""),"") -> DOM 12-07 | L10: =IF(IF(PROCESO!J12<>"",PROCESO!J12,IF(PROCESO!J13<>"",PROCESO!J13,IF(PROCESO!J14<>"",PROCESO!J14,IF(PROCESO!J15<>"",PROCESO!J15,""))))<>"","ENVÍO Guía "&IF(LEFT(IF(PROCESO!J12<>"",PROCESO!J12,IF(PROCESO!J13<>"",PROCESO!J13,IF(PROCESO!J14<>"",PROCESO!J14,IF(PROCESO!J15<>"",PROCESO!J15,"")))),2)="G-",MID(IF(PROCESO!J12<>"",PROCESO!J12,IF(PROCESO!J13<>"",PROCESO!J13,IF(PROCESO!J14<>"",PROCESO!J14,IF(PROCESO!J15<>"",PROCESO!J15,"")))),3,99),IF(PROCESO!J12<>"",PROCESO!J12,IF(PROCESO!J13<>"",PROCESO!J13,IF(PROCESO!J14<>"",PROCESO!J14,IF(PROCESO!J15<>"",PROCESO!J15,""))))),"") -> ENVÍO Guía 2977 | M10: ="" | N10: =IF(IF(PROCESO!J12<>"",PROCESO!J12,IF(PROCESO!J13<>"",PROCESO!J13,IF(PROCESO!J14<>"",PROCESO!J14,IF(PROCESO!J15<>"",PROCESO!J15,""))))<>"",SUMIF(PROCESO!J12:J15,IF(PROCESO!J12<>"",PROCESO!J12,IF(PROCESO!J13<>"",PROCESO!J13,IF(PROCESO!J14<>"",PROCESO!J14,IF(PROCESO!J15<>"",PROCESO!J15,"")))),PROCESO!L12:L15),"") -> 2121 | O10: =IF(IF(PROCESO!J12<>"",PROCESO!J12,IF(PROCESO!J13<>"",PROCESO!J13,IF(PROCESO!J14<>"",PROCESO!J14,IF(PROCESO!J15<>"",PROCESO!J15,""))))<>"","G-"&IF(LEFT(IF(PROCESO!J12<>"",PROCESO!J12,IF(PROCESO!J13<>"",PROCESO!J13,IF(PROCESO!J14<>"",PROCESO!J14,IF(PROCESO!J15<>"",PROCESO!J15,"")))),2)="G-",MID(IF(PROCESO!J12<>"",PROCESO!J12,IF(PROCESO!J13<>"",PROCESO!J13,IF(PROCESO!J14<>"",PROCESO!J14,IF(PROCESO!J15<>"",PROCESO!J15,"")))),3,99),IF(PROCESO!J12<>"",PROCESO!J12,IF(PROCESO!J13<>"",PROCESO!J13,IF(PROCESO!J14<>"",PROCESO!J14,IF(PROCESO!J15<>"",PROCESO!J15,""))))),"") -> G-2977 | P10: =P9+N(M10)-N(N10) -> 398
A11: =IFERROR(INDEX(K$6:K$201,MATCH(ROW()-5,J$6:J$201,0)),"") -> LUN 13-07 | B11: =IFERROR(INDEX(L$6:L$201,MATCH(ROW()-5,J$6:J$201,0)),"") -> CHANCHO (proceso) | C11: =IFERROR(INDEX(M$6:M$201,MATCH(ROW()-5,J$6:J$201,0)),"") | D11: =IFERROR(INDEX(N$6:N$201,MATCH(ROW()-5,J$6:J$201,0)),"") -> 190 | E11: =IFERROR(INDEX(O$6:O$201,MATCH(ROW()-5,J$6:J$201,0)),"") -> 2 sacos x 95 kg | F11: =IFERROR(INDEX(P$6:P$201,MATCH(ROW()-5,J$6:J$201,0)),"") -> 4008 | J11: =IF(OR(SUM(PROCESO!M12:M15)>0,SUM(PROCESO!N12:N15)>0),COUNT(J$6:J10)+1,"") | K11: =IF(OR(SUM(PROCESO!M12:M15)>0,SUM(PROCESO!N12:N15)>0),PROCESO!A12&IF(COUNTIF(PROCESO!$A$6:A11,PROCESO!A12)>0," (Ped."&(COUNTIF(PROCESO!$A$6:A11,PROCESO!A12)+1)&")",""),"") | L11: =IF(OR(SUM(PROCESO!M12:M15)>0,SUM(PROCESO!N12:N15)>0),"REPROCESO (devolución)","") | M11: =IF(OR(SUM(PROCESO!M12:M15)>0,SUM(PROCESO!N12:N15)>0),SUM(PROCESO!N12:N15),"") | N11: ="" | O11: =IF(OR(SUM(PROCESO!M12:M15)>0,SUM(PROCESO!N12:N15)>0),IF(SUM(PROCESO!M12:M15)>0,SUM(PROCESO!M12:M15)&" jabas devueltas · merma "&TEXT((PROCESO!M12*15+PROCESO!M13*18+PROCESO!M14*17+PROCESO!M15*17)-SUM(PROCESO!N12:N15),"+#,##0;-#,##0;0")&" kg",""),"") | P11: =P10+N(M11)-N(N11) -> 398
A12: =IFERROR(INDEX(K$6:K$201,MATCH(ROW()-5,J$6:J$201,0)),"") -> LUN 13-07 | B12: =IFERROR(INDEX(L$6:L$201,MATCH(ROW()-5,J$6:J$201,0)),"") -> ENVÍO Guía 2980 | C12: =IFERROR(INDEX(M$6:M$201,MATCH(ROW()-5,J$6:J$201,0)),"") | D12: =IFERROR(INDEX(N$6:N$201,MATCH(ROW()-5,J$6:J$201,0)),"") -> 3056 | E12: =IFERROR(INDEX(O$6:O$201,MATCH(ROW()-5,J$6:J$201,0)),"") -> G-2980 | F12: =IFERROR(INDEX(P$6:P$201,MATCH(ROW()-5,J$6:J$201,0)),"") -> 952 | J12: =IF(PROCESO!D18>0,COUNT(J$6:J11)+1,"") -> 5 | K12: =IF(PROCESO!D18>0,PROCESO!A18&IF(COUNTIF(PROCESO!$A$6:A17,PROCESO!A18)>0," (Ped."&(COUNTIF(PROCESO!$A$6:A17,PROCESO!A18)+1)&")",""),"") -> LUN 13-07 | L12: =IF(PROCESO!D18>0,"INGRESO (compra)","") -> INGRESO (compra) | M12: =IF(PROCESO!D18>0,PROCESO!D18,"") -> 3800 | N12: ="" | O12: =IF(PROCESO!D18>0,PROCESO!B18&" sacos x "&PROCESO!C18&" kg","") -> 40 sacos x 95 kg | P12: =P11+N(M12)-N(N12) -> 4198
A13: =IFERROR(INDEX(K$6:K$201,MATCH(ROW()-5,J$6:J$201,0)),"") -> MAR 14-07 | B13: =IFERROR(INDEX(L$6:L$201,MATCH(ROW()-5,J$6:J$201,0)),"") -> INGRESO (compra) | C13: =IFERROR(INDEX(M$6:M$201,MATCH(ROW()-5,J$6:J$201,0)),"") -> 3800 | D13: =IFERROR(INDEX(N$6:N$201,MATCH(ROW()-5,J$6:J$201,0)),"") | E13: =IFERROR(INDEX(O$6:O$201,MATCH(ROW()-5,J$6:J$201,0)),"") -> 40 sacos x 95 kg | F13: =IFERROR(INDEX(P$6:P$201,MATCH(ROW()-5,J$6:J$201,0)),"") -> 4752 | J13: =IF(N(PROCESO!H22)>0,COUNT(J$6:J12)+1,"") -> 6 | K13: =IF(N(PROCESO!H22)>0,PROCESO!A18&IF(COUNTIF(PROCESO!$A$6:A17,PROCESO!A18)>0," (Ped."&(COUNTIF(PROCESO!$A$6:A17,PROCESO!A18)+1)&")",""),"") -> LUN 13-07 | L13: =IF(N(PROCESO!H22)>0,"CHANCHO (proceso)","") -> CHANCHO (proceso) | M13: ="" | N13: =IF(N(PROCESO!H22)>0,N(PROCESO!H22),"") -> 190 | O13: =IF(N(PROCESO!H22)>0,PROCESO!G22&" sacos x 95 kg","") -> 2 sacos x 95 kg | P13: =P12+N(M13)-N(N13) -> 4008
A14: =IFERROR(INDEX(K$6:K$201,MATCH(ROW()-5,J$6:J$201,0)),"") -> MAR 14-07 | B14: =IFERROR(INDEX(L$6:L$201,MATCH(ROW()-5,J$6:J$201,0)),"") -> CHANCHO (proceso) | C14: =IFERROR(INDEX(M$6:M$201,MATCH(ROW()-5,J$6:J$201,0)),"") | D14: =IFERROR(INDEX(N$6:N$201,MATCH(ROW()-5,J$6:J$201,0)),"") -> 665 | E14: =IFERROR(INDEX(O$6:O$201,MATCH(ROW()-5,J$6:J$201,0)),"") -> 7 sacos x 95 kg | F14: =IFERROR(INDEX(P$6:P$201,MATCH(ROW()-5,J$6:J$201,0)),"") -> 4087 | J14: =IF(N(PROCESO!H23)>0,COUNT(J$6:J13)+1,"") | K14: =IF(N(PROCESO!H23)>0,PROCESO!A18&IF(COUNTIF(PROCESO!$A$6:A17,PROCESO!A18)>0," (Ped."&(COUNTIF(PROCESO!$A$6:A17,PROCESO!A18)+1)&")",""),"") | L14: =IF(N(PROCESO!H23)>0,"MALOGRADO","") | M14: ="" | N14: =IF(N(PROCESO!H23)>0,N(PROCESO!H23),"") | O14: ="" | P14: =P13+N(M14)-N(N14) -> 4008
A15: =IFERROR(INDEX(K$6:K$201,MATCH(ROW()-5,J$6:J$201,0)),"") -> MAR 14-07 | B15: =IFERROR(INDEX(L$6:L$201,MATCH(ROW()-5,J$6:J$201,0)),"") -> ENVÍO Guía 2984 | C15: =IFERROR(INDEX(M$6:M$201,MATCH(ROW()-5,J$6:J$201,0)),"") | D15: =IFERROR(INDEX(N$6:N$201,MATCH(ROW()-5,J$6:J$201,0)),"") -> 3379 | E15: =IFERROR(INDEX(O$6:O$201,MATCH(ROW()-5,J$6:J$201,0)),"") -> G-2984 | F15: =IFERROR(INDEX(P$6:P$201,MATCH(ROW()-5,J$6:J$201,0)),"") -> 708 | J15: =IF(IF(PROCESO!J18<>"",PROCESO!J18,IF(PROCESO!J19<>"",PROCESO!J19,IF(PROCESO!J20<>"",PROCESO!J20,IF(PROCESO!J21<>"",PROCESO!J21,""))))<>"",COUNT(J$6:J14)+1,"") -> 7 | K15: =IF(IF(PROCESO!J18<>"",PROCESO!J18,IF(PROCESO!J19<>"",PROCESO!J19,IF(PROCESO!J20<>"",PROCESO!J20,IF(PROCESO!J21<>"",PROCESO!J21,""))))<>"",PROCESO!A18&IF(COUNTIF(PROCESO!$A$6:A17,PROCESO!A18)>0," (Ped."&(COUNTIF(PROCESO!$A$6:A17,PROCESO!A18)+1)&")",""),"") -> LUN 13-07 | L15: =IF(IF(PROCESO!J18<>"",PROCESO!J18,IF(PROCESO!J19<>"",PROCESO!J19,IF(PROCESO!J20<>"",PROCESO!J20,IF(PROCESO!J21<>"",PROCESO!J21,""))))<>"","ENVÍO Guía "&IF(LEFT(IF(PROCESO!J18<>"",PROCESO!J18,IF(PROCESO!J19<>"",PROCESO!J19,IF(PROCESO!J20<>"",PROCESO!J20,IF(PROCESO!J21<>"",PROCESO!J21,"")))),2)="G-",MID(IF(PROCESO!J18<>"",PROCESO!J18,IF(PROCESO!J19<>"",PROCESO!J19,IF(PROCESO!J20<>"",PROCESO!J20,IF(PROCESO!J21<>"",PROCESO!J21,"")))),3,99),IF(PROCESO!J18<>"",PROCESO!J18,IF(PROCESO!J19<>"",PROCESO!J19,IF(PROCESO!J20<>"",PROCESO!J20,IF(PROCESO!J21<>"",PROCESO!J21,""))))),"") -> ENVÍO Guía 2980 | M15: ="" | N15: =IF(IF(PROCESO!J18<>"",PROCESO!J18,IF(PROCESO!J19<>"",PROCESO!J19,IF(PROCESO!J20<>"",PROCESO!J20,IF(PROCESO!J21<>"",PROCESO!J21,""))))<>"",SUMIF(PROCESO!J18:J21,IF(PROCESO!J18<>"",PROCESO!J18,IF(PROCESO!J19<>"",PROCESO!J19,IF(PROCESO!J20<>"",PROCESO!J20,IF(PROCESO!J21<>"",PROCESO!J21,"")))),PROCESO!L18:L21),"") -> 3056 | O15: =IF(IF(PROCESO!J18<>"",PROCESO!J18,IF(PROCESO!J19<>"",PROCESO!J19,IF(PROCESO!J20<>"",PROCESO!J20,IF(PROCESO!J21<>"",PROCESO!J21,""))))<>"","G-"&IF(LEFT(IF(PROCESO!J18<>"",PROCESO!J18,IF(PROCESO!J19<>"",PROCESO!J19,IF(PROCESO!J20<>"",PROCESO!J20,IF(PROCESO!J21<>"",PROCESO!J21,"")))),2)="G-",MID(IF(PROCESO!J18<>"",PROCESO!J18,IF(PROCESO!J19<>"",PROCESO!J19,IF(PROCESO!J20<>"",PROCESO!J20,IF(PROCESO!J21<>"",PROCESO!J21,"")))),3,99),IF(PROCESO!J18<>"",PROCESO!J18,IF(PROCESO!J19<>"",PROCESO!J19,IF(PROCESO!J20<>"",PROCESO!J20,IF(PROCESO!J21<>"",PROCESO!J21,""))))),"") -> G-2980 | P15: =P14+N(M15)-N(N15) -> 952
A16: =IFERROR(INDEX(K$6:K$201,MATCH(ROW()-5,J$6:J$201,0)),"") -> MIE 15-07 | B16: =IFERROR(INDEX(L$6:L$201,MATCH(ROW()-5,J$6:J$201,0)),"") -> INGRESO (compra) | C16: =IFERROR(INDEX(M$6:M$201,MATCH(ROW()-5,J$6:J$201,0)),"") -> 3800 | D16: =IFERROR(INDEX(N$6:N$201,MATCH(ROW()-5,J$6:J$201,0)),"") | E16: =IFERROR(INDEX(O$6:O$201,MATCH(ROW()-5,J$6:J$201,0)),"") -> 40 sacos x 95 kg | F16: =IFERROR(INDEX(P$6:P$201,MATCH(ROW()-5,J$6:J$201,0)),"") -> 4508 | J16: =IF(OR(SUM(PROCESO!M18:M21)>0,SUM(PROCESO!N18:N21)>0),COUNT(J$6:J15)+1,"") | K16: =IF(OR(SUM(PROCESO!M18:M21)>0,SUM(PROCESO!N18:N21)>0),PROCESO!A18&IF(COUNTIF(PROCESO!$A$6:A17,PROCESO!A18)>0," (Ped."&(COUNTIF(PROCESO!$A$6:A17,PROCESO!A18)+1)&")",""),"") | L16: =IF(OR(SUM(PROCESO!M18:M21)>0,SUM(PROCESO!N18:N21)>0),"REPROCESO (devolución)","") | M16: =IF(OR(SUM(PROCESO!M18:M21)>0,SUM(PROCESO!N18:N21)>0),SUM(PROCESO!N18:N21),"") | N16: ="" | O16: =IF(OR(SUM(PROCESO!M18:M21)>0,SUM(PROCESO!N18:N21)>0),IF(SUM(PROCESO!M18:M21)>0,SUM(PROCESO!M18:M21)&" jabas devueltas · merma "&TEXT((PROCESO!M18*15+PROCESO!M19*18+PROCESO!M20*17+PROCESO!M21*17)-SUM(PROCESO!N18:N21),"+#,##0;-#,##0;0")&" kg",""),"") | P16: =P15+N(M16)-N(N16) -> 952
A17: =IFERROR(INDEX(K$6:K$201,MATCH(ROW()-5,J$6:J$201,0)),"") -> MIE 15-07 | B17: =IFERROR(INDEX(L$6:L$201,MATCH(ROW()-5,J$6:J$201,0)),"") -> CHANCHO (proceso) | C17: =IFERROR(INDEX(M$6:M$201,MATCH(ROW()-5,J$6:J$201,0)),"") | D17: =IFERROR(INDEX(N$6:N$201,MATCH(ROW()-5,J$6:J$201,0)),"") -> 475 | E17: =IFERROR(INDEX(O$6:O$201,MATCH(ROW()-5,J$6:J$201,0)),"") -> 5 sacos x 95 kg | F17: =IFERROR(INDEX(P$6:P$201,MATCH(ROW()-5,J$6:J$201,0)),"") -> 4033 | J17: =IF(PROCESO!D24>0,COUNT(J$6:J16)+1,"") -> 8 | K17: =IF(PROCESO!D24>0,PROCESO!A24&IF(COUNTIF(PROCESO!$A$6:A23,PROCESO!A24)>0," (Ped."&(COUNTIF(PROCESO!$A$6:A23,PROCESO!A24)+1)&")",""),"") -> MAR 14-07 | L17: =IF(PROCESO!D24>0,"INGRESO (compra)","") -> INGRESO (compra) | M17: =IF(PROCESO!D24>0,PROCESO!D24,"") -> 3800 | N17: ="" | O17: =IF(PROCESO!D24>0,PROCESO!B24&" sacos x "&PROCESO!C24&" kg","") -> 40 sacos x 95 kg | P17: =P16+N(M17)-N(N17) -> 4752
A18: =IFERROR(INDEX(K$6:K$201,MATCH(ROW()-5,J$6:J$201,0)),"") -> MIE 15-07 | B18: =IFERROR(INDEX(L$6:L$201,MATCH(ROW()-5,J$6:J$201,0)),"") -> ENVÍO Guía 2986 | C18: =IFERROR(INDEX(M$6:M$201,MATCH(ROW()-5,J$6:J$201,0)),"") | D18: =IFERROR(INDEX(N$6:N$201,MATCH(ROW()-5,J$6:J$201,0)),"") -> 2971 | E18: =IFERROR(INDEX(O$6:O$201,MATCH(ROW()-5,J$6:J$201,0)),"") -> G-2986 | F18: =IFERROR(INDEX(P$6:P$201,MATCH(ROW()-5,J$6:J$201,0)),"") -> 1062 | J18: =IF(N(PROCESO!H28)>0,COUNT(J$6:J17)+1,"") -> 9 | K18: =IF(N(PROCESO!H28)>0,PROCESO!A24&IF(COUNTIF(PROCESO!$A$6:A23,PROCESO!A24)>0," (Ped."&(COUNTIF(PROCESO!$A$6:A23,PROCESO!A24)+1)&")",""),"") -> MAR 14-07 | L18: =IF(N(PROCESO!H28)>0,"CHANCHO (proceso)","") -> CHANCHO (proceso) | M18: ="" | N18: =IF(N(PROCESO!H28)>0,N(PROCESO!H28),"") -> 665 | O18: =IF(N(PROCESO!H28)>0,PROCESO!G28&" sacos x 95 kg","") -> 7 sacos x 95 kg | P18: =P17+N(M18)-N(N18) -> 4087
A19: =IFERROR(INDEX(K$6:K$201,MATCH(ROW()-5,J$6:J$201,0)),"") -> JUE 16-07 | B19: =IFERROR(INDEX(L$6:L$201,MATCH(ROW()-5,J$6:J$201,0)),"") -> INGRESO (compra) | C19: =IFERROR(INDEX(M$6:M$201,MATCH(ROW()-5,J$6:J$201,0)),"") -> 3800 | D19: =IFERROR(INDEX(N$6:N$201,MATCH(ROW()-5,J$6:J$201,0)),"") | E19: =IFERROR(INDEX(O$6:O$201,MATCH(ROW()-5,J$6:J$201,0)),"") -> 40 sacos x 95 kg | F19: =IFERROR(INDEX(P$6:P$201,MATCH(ROW()-5,J$6:J$201,0)),"") -> 4862 | J19: =IF(N(PROCESO!H29)>0,COUNT(J$6:J18)+1,"") | K19: =IF(N(PROCESO!H29)>0,PROCESO!A24&IF(COUNTIF(PROCESO!$A$6:A23,PROCESO!A24)>0," (Ped."&(COUNTIF(PROCESO!$A$6:A23,PROCESO!A24)+1)&")",""),"") | L19: =IF(N(PROCESO!H29)>0,"MALOGRADO","") | M19: ="" | N19: =IF(N(PROCESO!H29)>0,N(PROCESO!H29),"") | O19: ="" | P19: =P18+N(M19)-N(N19) -> 4087
A20: =IFERROR(INDEX(K$6:K$201,MATCH(ROW()-5,J$6:J$201,0)),"") -> JUE 16-07 | B20: =IFERROR(INDEX(L$6:L$201,MATCH(ROW()-5,J$6:J$201,0)),"") -> CHANCHO (proceso) | C20: =IFERROR(INDEX(M$6:M$201,MATCH(ROW()-5,J$6:J$201,0)),"") | D20: =IFERROR(INDEX(N$6:N$201,MATCH(ROW()-5,J$6:J$201,0)),"") -> 380 | E20: =IFERROR(INDEX(O$6:O$201,MATCH(ROW()-5,J$6:J$201,0)),"") -> 4 sacos x 95 kg | F20: =IFERROR(INDEX(P$6:P$201,MATCH(ROW()-5,J$6:J$201,0)),"") -> 4482 | J20: =IF(IF(PROCESO!J24<>"",PROCESO!J24,IF(PROCESO!J25<>"",PROCESO!J25,IF(PROCESO!J26<>"",PROCESO!J26,IF(PROCESO!J27<>"",PROCESO!J27,""))))<>"",COUNT(J$6:J19)+1,"") -> 10 | K20: =IF(IF(PROCESO!J24<>"",PROCESO!J24,IF(PROCESO!J25<>"",PROCESO!J25,IF(PROCESO!J26<>"",PROCESO!J26,IF(PROCESO!J27<>"",PROCESO!J27,""))))<>"",PROCESO!A24&IF(COUNTIF(PROCESO!$A$6:A23,PROCESO!A24)>0," (Ped."&(COUNTIF(PROCESO!$A$6:A23,PROCESO!A24)+1)&")",""),"") -> MAR 14-07 | L20: =IF(IF(PROCESO!J24<>"",PROCESO!J24,IF(PROCESO!J25<>"",PROCESO!J25,IF(PROCESO!J26<>"",PROCESO!J26,IF(PROCESO!J27<>"",PROCESO!J27,""))))<>"","ENVÍO Guía "&IF(LEFT(IF(PROCESO!J24<>"",PROCESO!J24,IF(PROCESO!J25<>"",PROCESO!J25,IF(PROCESO!J26<>"",PROCESO!J26,IF(PROCESO!J27<>"",PROCESO!J27,"")))),2)="G-",MID(IF(PROCESO!J24<>"",PROCESO!J24,IF(PROCESO!J25<>"",PROCESO!J25,IF(PROCESO!J26<>"",PROCESO!J26,IF(PROCESO!J27<>"",PROCESO!J27,"")))),3,99),IF(PROCESO!J24<>"",PROCESO!J24,IF(PROCESO!J25<>"",PROCESO!J25,IF(PROCESO!J26<>"",PROCESO!J26,IF(PROCESO!J27<>"",PROCESO!J27,""))))),"") -> ENVÍO Guía 2984 | M20: ="" | N20: =IF(IF(PROCESO!J24<>"",PROCESO!J24,IF(PROCESO!J25<>"",PROCESO!J25,IF(PROCESO!J26<>"",PROCESO!J26,IF(PROCESO!J27<>"",PROCESO!J27,""))))<>"",SUMIF(PROCESO!J24:J27,IF(PROCESO!J24<>"",PROCESO!J24,IF(PROCESO!J25<>"",PROCESO!J25,IF(PROCESO!J26<>"",PROCESO!J26,IF(PROCESO!J27<>"",PROCESO!J27,"")))),PROCESO!L24:L27),"") -> 3379 | O20: =IF(IF(PROCESO!J24<>"",PROCESO!J24,IF(PROCESO!J25<>"",PROCESO!J25,IF(PROCESO!J26<>"",PROCESO!J26,IF(PROCESO!J27<>"",PROCESO!J27,""))))<>"","G-"&IF(LEFT(IF(PROCESO!J24<>"",PROCESO!J24,IF(PROCESO!J25<>"",PROCESO!J25,IF(PROCESO!J26<>"",PROCESO!J26,IF(PROCESO!J27<>"",PROCESO!J27,"")))),2)="G-",MID(IF(PROCESO!J24<>"",PROCESO!J24,IF(PROCESO!J25<>"",PROCESO!J25,IF(PROCESO!J26<>"",PROCESO!J26,IF(PROCESO!J27<>"",PROCESO!J27,"")))),3,99),IF(PROCESO!J24<>"",PROCESO!J24,IF(PROCESO!J25<>"",PROCESO!J25,IF(PROCESO!J26<>"",PROCESO!J26,IF(PROCESO!J27<>"",PROCESO!J27,""))))),"") -> G-2984 | P20: =P19+N(M20)-N(N20) -> 708
A21: =IFERROR(INDEX(K$6:K$201,MATCH(ROW()-5,J$6:J$201,0)),"") -> JUE 16-07 | B21: =IFERROR(INDEX(L$6:L$201,MATCH(ROW()-5,J$6:J$201,0)),"") -> ENVÍO Guía 2992 | C21: =IFERROR(INDEX(M$6:M$201,MATCH(ROW()-5,J$6:J$201,0)),"") | D21: =IFERROR(INDEX(N$6:N$201,MATCH(ROW()-5,J$6:J$201,0)),"") -> 3302 | E21: =IFERROR(INDEX(O$6:O$201,MATCH(ROW()-5,J$6:J$201,0)),"") -> G-2992 | F21: =IFERROR(INDEX(P$6:P$201,MATCH(ROW()-5,J$6:J$201,0)),"") -> 1180 | J21: =IF(OR(SUM(PROCESO!M24:M27)>0,SUM(PROCESO!N24:N27)>0),COUNT(J$6:J20)+1,"") | K21: =IF(OR(SUM(PROCESO!M24:M27)>0,SUM(PROCESO!N24:N27)>0),PROCESO!A24&IF(COUNTIF(PROCESO!$A$6:A23,PROCESO!A24)>0," (Ped."&(COUNTIF(PROCESO!$A$6:A23,PROCESO!A24)+1)&")",""),"") | L21: =IF(OR(SUM(PROCESO!M24:M27)>0,SUM(PROCESO!N24:N27)>0),"REPROCESO (devolución)","") | M21: =IF(OR(SUM(PROCESO!M24:M27)>0,SUM(PROCESO!N24:N27)>0),SUM(PROCESO!N24:N27),"") | N21: ="" | O21: =IF(OR(SUM(PROCESO!M24:M27)>0,SUM(PROCESO!N24:N27)>0),IF(SUM(PROCESO!M24:M27)>0,SUM(PROCESO!M24:M27)&" jabas devueltas · merma "&TEXT((PROCESO!M24*15+PROCESO!M25*18+PROCESO!M26*17+PROCESO!M27*17)-SUM(PROCESO!N24:N27),"+#,##0;-#,##0;0")&" kg",""),"") | P21: =P20+N(M21)-N(N21) -> 708
A22: =IFERROR(INDEX(K$6:K$201,MATCH(ROW()-5,J$6:J$201,0)),"") -> VIE 17-07 | B22: =IFERROR(INDEX(L$6:L$201,MATCH(ROW()-5,J$6:J$201,0)),"") -> INGRESO (compra) | C22: =IFERROR(INDEX(M$6:M$201,MATCH(ROW()-5,J$6:J$201,0)),"") -> 5700 | D22: =IFERROR(INDEX(N$6:N$201,MATCH(ROW()-5,J$6:J$201,0)),"") | E22: =IFERROR(INDEX(O$6:O$201,MATCH(ROW()-5,J$6:J$201,0)),"") -> 60 sacos x 95 kg | F22: =IFERROR(INDEX(P$6:P$201,MATCH(ROW()-5,J$6:J$201,0)),"") -> 6880 | J22: =IF(PROCESO!D30>0,COUNT(J$6:J21)+1,"") -> 11 | K22: =IF(PROCESO!D30>0,PROCESO!A30&IF(COUNTIF(PROCESO!$A$6:A29,PROCESO!A30)>0," (Ped."&(COUNTIF(PROCESO!$A$6:A29,PROCESO!A30)+1)&")",""),"") -> MIE 15-07 | L22: =IF(PROCESO!D30>0,"INGRESO (compra)","") -> INGRESO (compra) | M22: =IF(PROCESO!D30>0,PROCESO!D30,"") -> 3800 | N22: ="" | O22: =IF(PROCESO!D30>0,PROCESO!B30&" sacos x "&PROCESO!C30&" kg","") -> 40 sacos x 95 kg | P22: =P21+N(M22)-N(N22) -> 4508
A23: =IFERROR(INDEX(K$6:K$201,MATCH(ROW()-5,J$6:J$201,0)),"") -> VIE 17-07 | B23: =IFERROR(INDEX(L$6:L$201,MATCH(ROW()-5,J$6:J$201,0)),"") -> CHANCHO (proceso) | C23: =IFERROR(INDEX(M$6:M$201,MATCH(ROW()-5,J$6:J$201,0)),"") | D23: =IFERROR(INDEX(N$6:N$201,MATCH(ROW()-5,J$6:J$201,0)),"") -> 950 | E23: =IFERROR(INDEX(O$6:O$201,MATCH(ROW()-5,J$6:J$201,0)),"") -> 10 sacos x 95 kg | F23: =IFERROR(INDEX(P$6:P$201,MATCH(ROW()-5,J$6:J$201,0)),"") -> 5930 | J23: =IF(N(PROCESO!H34)>0,COUNT(J$6:J22)+1,"") -> 12 | K23: =IF(N(PROCESO!H34)>0,PROCESO!A30&IF(COUNTIF(PROCESO!$A$6:A29,PROCESO!A30)>0," (Ped."&(COUNTIF(PROCESO!$A$6:A29,PROCESO!A30)+1)&")",""),"") -> MIE 15-07 | L23: =IF(N(PROCESO!H34)>0,"CHANCHO (proceso)","") -> CHANCHO (proceso) | M23: ="" | N23: =IF(N(PROCESO!H34)>0,N(PROCESO!H34),"") -> 475 | O23: =IF(N(PROCESO!H34)>0,PROCESO!G34&" sacos x 95 kg","") -> 5 sacos x 95 kg | P23: =P22+N(M23)-N(N23) -> 4033
A24: =IFERROR(INDEX(K$6:K$201,MATCH(ROW()-5,J$6:J$201,0)),"") -> VIE 17-07 | B24: =IFERROR(INDEX(L$6:L$201,MATCH(ROW()-5,J$6:J$201,0)),"") -> ENVÍO Guía 2994 | C24: =IFERROR(INDEX(M$6:M$201,MATCH(ROW()-5,J$6:J$201,0)),"") | D24: =IFERROR(INDEX(N$6:N$201,MATCH(ROW()-5,J$6:J$201,0)),"") -> 3413 | E24: =IFERROR(INDEX(O$6:O$201,MATCH(ROW()-5,J$6:J$201,0)),"") -> G-2994 | F24: =IFERROR(INDEX(P$6:P$201,MATCH(ROW()-5,J$6:J$201,0)),"") -> 2517 | J24: =IF(N(PROCESO!H35)>0,COUNT(J$6:J23)+1,"") | K24: =IF(N(PROCESO!H35)>0,PROCESO!A30&IF(COUNTIF(PROCESO!$A$6:A29,PROCESO!A30)>0," (Ped."&(COUNTIF(PROCESO!$A$6:A29,PROCESO!A30)+1)&")",""),"") | L24: =IF(N(PROCESO!H35)>0,"MALOGRADO","") | M24: ="" | N24: =IF(N(PROCESO!H35)>0,N(PROCESO!H35),"") | O24: ="" | P24: =P23+N(M24)-N(N24) -> 4033
A25: =IFERROR(INDEX(K$6:K$201,MATCH(ROW()-5,J$6:J$201,0)),"") -> VIE 17-07 (Ped.2) | B25: =IFERROR(INDEX(L$6:L$201,MATCH(ROW()-5,J$6:J$201,0)),"") -> INGRESO (compra) | C25: =IFERROR(INDEX(M$6:M$201,MATCH(ROW()-5,J$6:J$201,0)),"") -> 475 | D25: =IFERROR(INDEX(N$6:N$201,MATCH(ROW()-5,J$6:J$201,0)),"") | E25: =IFERROR(INDEX(O$6:O$201,MATCH(ROW()-5,J$6:J$201,0)),"") -> 5 sacos x 95 kg | F25: =IFERROR(INDEX(P$6:P$201,MATCH(ROW()-5,J$6:J$201,0)),"") -> 2992 | J25: =IF(IF(PROCESO!J30<>"",PROCESO!J30,IF(PROCESO!J31<>"",PROCESO!J31,IF(PROCESO!J32<>"",PROCESO!J32,IF(PROCESO!J33<>"",PROCESO!J33,""))))<>"",COUNT(J$6:J24)+1,"") -> 13 | K25: =IF(IF(PROCESO!J30<>"",PROCESO!J30,IF(PROCESO!J31<>"",PROCESO!J31,IF(PROCESO!J32<>"",PROCESO!J32,IF(PROCESO!J33<>"",PROCESO!J33,""))))<>"",PROCESO!A30&IF(COUNTIF(PROCESO!$A$6:A29,PROCESO!A30)>0," (Ped."&(COUNTIF(PROCESO!$A$6:A29,PROCESO!A30)+1)&")",""),"") -> MIE 15-07 | L25: =IF(IF(PROCESO!J30<>"",PROCESO!J30,IF(PROCESO!J31<>"",PROCESO!J31,IF(PROCESO!J32<>"",PROCESO!J32,IF(PROCESO!J33<>"",PROCESO!J33,""))))<>"","ENVÍO Guía "&IF(LEFT(IF(PROCESO!J30<>"",PROCESO!J30,IF(PROCESO!J31<>"",PROCESO!J31,IF(PROCESO!J32<>"",PROCESO!J32,IF(PROCESO!J33<>"",PROCESO!J33,"")))),2)="G-",MID(IF(PROCESO!J30<>"",PROCESO!J30,IF(PROCESO!J31<>"",PROCESO!J31,IF(PROCESO!J32<>"",PROCESO!J32,IF(PROCESO!J33<>"",PROCESO!J33,"")))),3,99),IF(PROCESO!J30<>"",PROCESO!J30,IF(PROCESO!J31<>"",PROCESO!J31,IF(PROCESO!J32<>"",PROCESO!J32,IF(PROCESO!J33<>"",PROCESO!J33,""))))),"") -> ENVÍO Guía 2986 | M25: ="" | N25: =IF(IF(PROCESO!J30<>"",PROCESO!J30,IF(PROCESO!J31<>"",PROCESO!J31,IF(PROCESO!J32<>"",PROCESO!J32,IF(PROCESO!J33<>"",PROCESO!J33,""))))<>"",SUMIF(PROCESO!J30:J33,IF(PROCESO!J30<>"",PROCESO!J30,IF(PROCESO!J31<>"",PROCESO!J31,IF(PROCESO!J32<>"",PROCESO!J32,IF(PROCESO!J33<>"",PROCESO!J33,"")))),PROCESO!L30:L33),"") -> 2971 | O25: =IF(IF(PROCESO!J30<>"",PROCESO!J30,IF(PROCESO!J31<>"",PROCESO!J31,IF(PROCESO!J32<>"",PROCESO!J32,IF(PROCESO!J33<>"",PROCESO!J33,""))))<>"","G-"&IF(LEFT(IF(PROCESO!J30<>"",PROCESO!J30,IF(PROCESO!J31<>"",PROCESO!J31,IF(PROCESO!J32<>"",PROCESO!J32,IF(PROCESO!J33<>"",PROCESO!J33,"")))),2)="G-",MID(IF(PROCESO!J30<>"",PROCESO!J30,IF(PROCESO!J31<>"",PROCESO!J31,IF(PROCESO!J32<>"",PROCESO!J32,IF(PROCESO!J33<>"",PROCESO!J33,"")))),3,99),IF(PROCESO!J30<>"",PROCESO!J30,IF(PROCESO!J31<>"",PROCESO!J31,IF(PROCESO!J32<>"",PROCESO!J32,IF(PROCESO!J33<>"",PROCESO!J33,""))))),"") -> G-2986 | P25: =P24+N(M25)-N(N25) -> 1062
A26: =IFERROR(INDEX(K$6:K$201,MATCH(ROW()-5,J$6:J$201,0)),"") -> VIE 17-07 (Ped.2) | B26: =IFERROR(INDEX(L$6:L$201,MATCH(ROW()-5,J$6:J$201,0)),"") -> CHANCHO (proceso) | C26: =IFERROR(INDEX(M$6:M$201,MATCH(ROW()-5,J$6:J$201,0)),"") | D26: =IFERROR(INDEX(N$6:N$201,MATCH(ROW()-5,J$6:J$201,0)),"") -> 95 | E26: =IFERROR(INDEX(O$6:O$201,MATCH(ROW()-5,J$6:J$201,0)),"") -> 1 sacos x 95 kg | F26: =IFERROR(INDEX(P$6:P$201,MATCH(ROW()-5,J$6:J$201,0)),"") -> 2897 | J26: =IF(OR(SUM(PROCESO!M30:M33)>0,SUM(PROCESO!N30:N33)>0),COUNT(J$6:J25)+1,"") | K26: =IF(OR(SUM(PROCESO!M30:M33)>0,SUM(PROCESO!N30:N33)>0),PROCESO!A30&IF(COUNTIF(PROCESO!$A$6:A29,PROCESO!A30)>0," (Ped."&(COUNTIF(PROCESO!$A$6:A29,PROCESO!A30)+1)&")",""),"") | L26: =IF(OR(SUM(PROCESO!M30:M33)>0,SUM(PROCESO!N30:N33)>0),"REPROCESO (devolución)","") | M26: =IF(OR(SUM(PROCESO!M30:M33)>0,SUM(PROCESO!N30:N33)>0),SUM(PROCESO!N30:N33),"") | N26: ="" | O26: =IF(OR(SUM(PROCESO!M30:M33)>0,SUM(PROCESO!N30:N33)>0),IF(SUM(PROCESO!M30:M33)>0,SUM(PROCESO!M30:M33)&" jabas devueltas · merma "&TEXT((PROCESO!M30*15+PROCESO!M31*18+PROCESO!M32*17+PROCESO!M33*17)-SUM(PROCESO!N30:N33),"+#,##0;-#,##0;0")&" kg",""),"") | P26: =P25+N(M26)-N(N26) -> 1062
A27: =IFERROR(INDEX(K$6:K$201,MATCH(ROW()-5,J$6:J$201,0)),"") -> SAB 18-07 | B27: =IFERROR(INDEX(L$6:L$201,MATCH(ROW()-5,J$6:J$201,0)),"") -> ENVÍO Guía 2996 | C27: =IFERROR(INDEX(M$6:M$201,MATCH(ROW()-5,J$6:J$201,0)),"") | D27: =IFERROR(INDEX(N$6:N$201,MATCH(ROW()-5,J$6:J$201,0)),"") -> 3168 | E27: =IFERROR(INDEX(O$6:O$201,MATCH(ROW()-5,J$6:J$201,0)),"") -> G-2996 | F27: =IFERROR(INDEX(P$6:P$201,MATCH(ROW()-5,J$6:J$201,0)),"") -> -271 | J27: =IF(PROCESO!D36>0,COUNT(J$6:J26)+1,"") -> 14 | K27: =IF(PROCESO!D36>0,PROCESO!A36&IF(COUNTIF(PROCESO!$A$6:A35,PROCESO!A36)>0," (Ped."&(COUNTIF(PROCESO!$A$6:A35,PROCESO!A36)+1)&")",""),"") -> JUE 16-07 | L27: =IF(PROCESO!D36>0,"INGRESO (compra)","") -> INGRESO (compra) | M27: =IF(PROCESO!D36>0,PROCESO!D36,"") -> 3800 | N27: ="" | O27: =IF(PROCESO!D36>0,PROCESO!B36&" sacos x "&PROCESO!C36&" kg","") -> 40 sacos x 95 kg | P27: =P26+N(M27)-N(N27) -> 4862
A28: =IFERROR(INDEX(K$6:K$201,MATCH(ROW()-5,J$6:J$201,0)),"") -> DOM 19-07 | B28: =IFERROR(INDEX(L$6:L$201,MATCH(ROW()-5,J$6:J$201,0)),"") -> INGRESO (compra) | C28: =IFERROR(INDEX(M$6:M$201,MATCH(ROW()-5,J$6:J$201,0)),"") -> 4750 | D28: =IFERROR(INDEX(N$6:N$201,MATCH(ROW()-5,J$6:J$201,0)),"") | E28: =IFERROR(INDEX(O$6:O$201,MATCH(ROW()-5,J$6:J$201,0)),"") -> 50 sacos x 95 kg | F28: =IFERROR(INDEX(P$6:P$201,MATCH(ROW()-5,J$6:J$201,0)),"") -> 4479 | J28: =IF(N(PROCESO!H40)>0,COUNT(J$6:J27)+1,"") -> 15 | K28: =IF(N(PROCESO!H40)>0,PROCESO!A36&IF(COUNTIF(PROCESO!$A$6:A35,PROCESO!A36)>0," (Ped."&(COUNTIF(PROCESO!$A$6:A35,PROCESO!A36)+1)&")",""),"") -> JUE 16-07 | L28: =IF(N(PROCESO!H40)>0,"CHANCHO (proceso)","") -> CHANCHO (proceso) | M28: ="" | N28: =IF(N(PROCESO!H40)>0,N(PROCESO!H40),"") -> 380 | O28: =IF(N(PROCESO!H40)>0,PROCESO!G40&" sacos x 95 kg","") -> 4 sacos x 95 kg | P28: =P27+N(M28)-N(N28) -> 4482
A29: =IFERROR(INDEX(K$6:K$201,MATCH(ROW()-5,J$6:J$201,0)),"") -> DOM 19-07 | B29: =IFERROR(INDEX(L$6:L$201,MATCH(ROW()-5,J$6:J$201,0)),"") -> CHANCHO (proceso) | C29: =IFERROR(INDEX(M$6:M$201,MATCH(ROW()-5,J$6:J$201,0)),"") | D29: =IFERROR(INDEX(N$6:N$201,MATCH(ROW()-5,J$6:J$201,0)),"") -> 1282.5 | E29: =IFERROR(INDEX(O$6:O$201,MATCH(ROW()-5,J$6:J$201,0)),"") -> 13.5 sacos x 95 kg | F29: =IFERROR(INDEX(P$6:P$201,MATCH(ROW()-5,J$6:J$201,0)),"") -> 3196.5 | J29: =IF(N(PROCESO!H41)>0,COUNT(J$6:J28)+1,"") | K29: =IF(N(PROCESO!H41)>0,PROCESO!A36&IF(COUNTIF(PROCESO!$A$6:A35,PROCESO!A36)>0," (Ped."&(COUNTIF(PROCESO!$A$6:A35,PROCESO!A36)+1)&")",""),"") | L29: =IF(N(PROCESO!H41)>0,"MALOGRADO","") | M29: ="" | N29: =IF(N(PROCESO!H41)>0,N(PROCESO!H41),"") | O29: ="" | P29: =P28+N(M29)-N(N29) -> 4482
A30: =IFERROR(INDEX(K$6:K$201,MATCH(ROW()-5,J$6:J$201,0)),"") -> DOM 19-07 | B30: =IFERROR(INDEX(L$6:L$201,MATCH(ROW()-5,J$6:J$201,0)),"") -> ENVÍO Guía 2998 | C30: =IFERROR(INDEX(M$6:M$201,MATCH(ROW()-5,J$6:J$201,0)),"") | D30: =IFERROR(INDEX(N$6:N$201,MATCH(ROW()-5,J$6:J$201,0)),"") -> 1883 | E30: =IFERROR(INDEX(O$6:O$201,MATCH(ROW()-5,J$6:J$201,0)),"") -> G-2998 | F30: =IFERROR(INDEX(P$6:P$201,MATCH(ROW()-5,J$6:J$201,0)),"") -> 1313.5 | J30: =IF(IF(PROCESO!J36<>"",PROCESO!J36,IF(PROCESO!J37<>"",PROCESO!J37,IF(PROCESO!J38<>"",PROCESO!J38,IF(PROCESO!J39<>"",PROCESO!J39,""))))<>"",COUNT(J$6:J29)+1,"") -> 16 | K30: =IF(IF(PROCESO!J36<>"",PROCESO!J36,IF(PROCESO!J37<>"",PROCESO!J37,IF(PROCESO!J38<>"",PROCESO!J38,IF(PROCESO!J39<>"",PROCESO!J39,""))))<>"",PROCESO!A36&IF(COUNTIF(PROCESO!$A$6:A35,PROCESO!A36)>0," (Ped."&(COUNTIF(PROCESO!$A$6:A35,PROCESO!A36)+1)&")",""),"") -> JUE 16-07 | L30: =IF(IF(PROCESO!J36<>"",PROCESO!J36,IF(PROCESO!J37<>"",PROCESO!J37,IF(PROCESO!J38<>"",PROCESO!J38,IF(PROCESO!J39<>"",PROCESO!J39,""))))<>"","ENVÍO Guía "&IF(LEFT(IF(PROCESO!J36<>"",PROCESO!J36,IF(PROCESO!J37<>"",PROCESO!J37,IF(PROCESO!J38<>"",PROCESO!J38,IF(PROCESO!J39<>"",PROCESO!J39,"")))),2)="G-",MID(IF(PROCESO!J36<>"",PROCESO!J36,IF(PROCESO!J37<>"",PROCESO!J37,IF(PROCESO!J38<>"",PROCESO!J38,IF(PROCESO!J39<>"",PROCESO!J39,"")))),3,99),IF(PROCESO!J36<>"",PROCESO!J36,IF(PROCESO!J37<>"",PROCESO!J37,IF(PROCESO!J38<>"",PROCESO!J38,IF(PROCESO!J39<>"",PROCESO!J39,""))))),"") -> ENVÍO Guía 2992 | M30: ="" | N30: =IF(IF(PROCESO!J36<>"",PROCESO!J36,IF(PROCESO!J37<>"",PROCESO!J37,IF(PROCESO!J38<>"",PROCESO!J38,IF(PROCESO!J39<>"",PROCESO!J39,""))))<>"",SUMIF(PROCESO!J36:J39,IF(PROCESO!J36<>"",PROCESO!J36,IF(PROCESO!J37<>"",PROCESO!J37,IF(PROCESO!J38<>"",PROCESO!J38,IF(PROCESO!J39<>"",PROCESO!J39,"")))),PROCESO!L36:L39),"") -> 3302 | O30: =IF(IF(PROCESO!J36<>"",PROCESO!J36,IF(PROCESO!J37<>"",PROCESO!J37,IF(PROCESO!J38<>"",PROCESO!J38,IF(PROCESO!J39<>"",PROCESO!J39,""))))<>"","G-"&IF(LEFT(IF(PROCESO!J36<>"",PROCESO!J36,IF(PROCESO!J37<>"",PROCESO!J37,IF(PROCESO!J38<>"",PROCESO!J38,IF(PROCESO!J39<>"",PROCESO!J39,"")))),2)="G-",MID(IF(PROCESO!J36<>"",PROCESO!J36,IF(PROCESO!J37<>"",PROCESO!J37,IF(PROCESO!J38<>"",PROCESO!J38,IF(PROCESO!J39<>"",PROCESO!J39,"")))),3,99),IF(PROCESO!J36<>"",PROCESO!J36,IF(PROCESO!J37<>"",PROCESO!J37,IF(PROCESO!J38<>"",PROCESO!J38,IF(PROCESO!J39<>"",PROCESO!J39,""))))),"") -> G-2992 | P30: =P29+N(M30)-N(N30) -> 1180
A31: =IFERROR(INDEX(K$6:K$201,MATCH(ROW()-5,J$6:J$201,0)),"") -> LUN 20-07 | B31: =IFERROR(INDEX(L$6:L$201,MATCH(ROW()-5,J$6:J$201,0)),"") -> INGRESO (compra) | C31: =IFERROR(INDEX(M$6:M$201,MATCH(ROW()-5,J$6:J$201,0)),"") -> 4560 | D31: =IFERROR(INDEX(N$6:N$201,MATCH(ROW()-5,J$6:J$201,0)),"") | E31: =IFERROR(INDEX(O$6:O$201,MATCH(ROW()-5,J$6:J$201,0)),"") -> 48 sacos x 95 kg | F31: =IFERROR(INDEX(P$6:P$201,MATCH(ROW()-5,J$6:J$201,0)),"") -> 5873.5 | J31: =IF(OR(SUM(PROCESO!M36:M39)>0,SUM(PROCESO!N36:N39)>0),COUNT(J$6:J30)+1,"") | K31: =IF(OR(SUM(PROCESO!M36:M39)>0,SUM(PROCESO!N36:N39)>0),PROCESO!A36&IF(COUNTIF(PROCESO!$A$6:A35,PROCESO!A36)>0," (Ped."&(COUNTIF(PROCESO!$A$6:A35,PROCESO!A36)+1)&")",""),"") | L31: =IF(OR(SUM(PROCESO!M36:M39)>0,SUM(PROCESO!N36:N39)>0),"REPROCESO (devolución)","") | M31: =IF(OR(SUM(PROCESO!M36:M39)>0,SUM(PROCESO!N36:N39)>0),SUM(PROCESO!N36:N39),"") | N31: ="" | O31: =IF(OR(SUM(PROCESO!M36:M39)>0,SUM(PROCESO!N36:N39)>0),IF(SUM(PROCESO!M36:M39)>0,SUM(PROCESO!M36:M39)&" jabas devueltas · merma "&TEXT((PROCESO!M36*15+PROCESO!M37*18+PROCESO!M38*17+PROCESO!M39*17)-SUM(PROCESO!N36:N39),"+#,##0;-#,##0;0")&" kg",""),"") | P31: =P30+N(M31)-N(N31) -> 1180
A32: =IFERROR(INDEX(K$6:K$201,MATCH(ROW()-5,J$6:J$201,0)),"") -> LUN 20-07 | B32: =IFERROR(INDEX(L$6:L$201,MATCH(ROW()-5,J$6:J$201,0)),"") -> CHANCHO (proceso) | C32: =IFERROR(INDEX(M$6:M$201,MATCH(ROW()-5,J$6:J$201,0)),"") | D32: =IFERROR(INDEX(N$6:N$201,MATCH(ROW()-5,J$6:J$201,0)),"") -> 617.5 | E32: =IFERROR(INDEX(O$6:O$201,MATCH(ROW()-5,J$6:J$201,0)),"") -> 6.5 sacos x 95 kg | F32: =IFERROR(INDEX(P$6:P$201,MATCH(ROW()-5,J$6:J$201,0)),"") -> 5256 | J32: =IF(PROCESO!D42>0,COUNT(J$6:J31)+1,"") -> 17 | K32: =IF(PROCESO!D42>0,PROCESO!A42&IF(COUNTIF(PROCESO!$A$6:A41,PROCESO!A42)>0," (Ped."&(COUNTIF(PROCESO!$A$6:A41,PROCESO!A42)+1)&")",""),"") -> VIE 17-07 | L32: =IF(PROCESO!D42>0,"INGRESO (compra)","") -> INGRESO (compra) | M32: =IF(PROCESO!D42>0,PROCESO!D42,"") -> 5700 | N32: ="" | O32: =IF(PROCESO!D42>0,PROCESO!B42&" sacos x "&PROCESO!C42&" kg","") -> 60 sacos x 95 kg | P32: =P31+N(M32)-N(N32) -> 6880
A33: =IFERROR(INDEX(K$6:K$201,MATCH(ROW()-5,J$6:J$201,0)),"") -> LUN 20-07 | B33: =IFERROR(INDEX(L$6:L$201,MATCH(ROW()-5,J$6:J$201,0)),"") -> ENVÍO Guía 3001 | C33: =IFERROR(INDEX(M$6:M$201,MATCH(ROW()-5,J$6:J$201,0)),"") | D33: =IFERROR(INDEX(N$6:N$201,MATCH(ROW()-5,J$6:J$201,0)),"") -> 3294 | E33: =IFERROR(INDEX(O$6:O$201,MATCH(ROW()-5,J$6:J$201,0)),"") -> G-3001 | F33: =IFERROR(INDEX(P$6:P$201,MATCH(ROW()-5,J$6:J$201,0)),"") -> 1962 | J33: =IF(N(PROCESO!H46)>0,COUNT(J$6:J32)+1,"") -> 18 | K33: =IF(N(PROCESO!H46)>0,PROCESO!A42&IF(COUNTIF(PROCESO!$A$6:A41,PROCESO!A42)>0," (Ped."&(COUNTIF(PROCESO!$A$6:A41,PROCESO!A42)+1)&")",""),"") -> VIE 17-07 | L33: =IF(N(PROCESO!H46)>0,"CHANCHO (proceso)","") -> CHANCHO (proceso) | M33: ="" | N33: =IF(N(PROCESO!H46)>0,N(PROCESO!H46),"") -> 950 | O33: =IF(N(PROCESO!H46)>0,PROCESO!G46&" sacos x 95 kg","") -> 10 sacos x 95 kg | P33: =P32+N(M33)-N(N33) -> 5930
A34: =IFERROR(INDEX(K$6:K$201,MATCH(ROW()-5,J$6:J$201,0)),"") -> LUN 20-07 (Ped.2) | B34: =IFERROR(INDEX(L$6:L$201,MATCH(ROW()-5,J$6:J$201,0)),"") -> INGRESO (compra) | C34: =IFERROR(INDEX(M$6:M$201,MATCH(ROW()-5,J$6:J$201,0)),"") -> 2090 | D34: =IFERROR(INDEX(N$6:N$201,MATCH(ROW()-5,J$6:J$201,0)),"") | E34: =IFERROR(INDEX(O$6:O$201,MATCH(ROW()-5,J$6:J$201,0)),"") -> 22 sacos x 95 kg | F34: =IFERROR(INDEX(P$6:P$201,MATCH(ROW()-5,J$6:J$201,0)),"") -> 4052 | J34: =IF(N(PROCESO!H47)>0,COUNT(J$6:J33)+1,"") | K34: =IF(N(PROCESO!H47)>0,PROCESO!A42&IF(COUNTIF(PROCESO!$A$6:A41,PROCESO!A42)>0," (Ped."&(COUNTIF(PROCESO!$A$6:A41,PROCESO!A42)+1)&")",""),"") | L34: =IF(N(PROCESO!H47)>0,"MALOGRADO","") | M34: ="" | N34: =IF(N(PROCESO!H47)>0,N(PROCESO!H47),"") | O34: ="" | P34: =P33+N(M34)-N(N34) -> 5930
A35: =IFERROR(INDEX(K$6:K$201,MATCH(ROW()-5,J$6:J$201,0)),"") -> LUN 20-07 (Ped.2) | B35: =IFERROR(INDEX(L$6:L$201,MATCH(ROW()-5,J$6:J$201,0)),"") -> CHANCHO (proceso) | C35: =IFERROR(INDEX(M$6:M$201,MATCH(ROW()-5,J$6:J$201,0)),"") | D35: =IFERROR(INDEX(N$6:N$201,MATCH(ROW()-5,J$6:J$201,0)),"") -> 285 | E35: =IFERROR(INDEX(O$6:O$201,MATCH(ROW()-5,J$6:J$201,0)),"") -> 3 sacos x 95 kg | F35: =IFERROR(INDEX(P$6:P$201,MATCH(ROW()-5,J$6:J$201,0)),"") -> 3767 | J35: =IF(IF(PROCESO!J42<>"",PROCESO!J42,IF(PROCESO!J43<>"",PROCESO!J43,IF(PROCESO!J44<>"",PROCESO!J44,IF(PROCESO!J45<>"",PROCESO!J45,""))))<>"",COUNT(J$6:J34)+1,"") -> 19 | K35: =IF(IF(PROCESO!J42<>"",PROCESO!J42,IF(PROCESO!J43<>"",PROCESO!J43,IF(PROCESO!J44<>"",PROCESO!J44,IF(PROCESO!J45<>"",PROCESO!J45,""))))<>"",PROCESO!A42&IF(COUNTIF(PROCESO!$A$6:A41,PROCESO!A42)>0," (Ped."&(COUNTIF(PROCESO!$A$6:A41,PROCESO!A42)+1)&")",""),"") -> VIE 17-07 | L35: =IF(IF(PROCESO!J42<>"",PROCESO!J42,IF(PROCESO!J43<>"",PROCESO!J43,IF(PROCESO!J44<>"",PROCESO!J44,IF(PROCESO!J45<>"",PROCESO!J45,""))))<>"","ENVÍO Guía "&IF(LEFT(IF(PROCESO!J42<>"",PROCESO!J42,IF(PROCESO!J43<>"",PROCESO!J43,IF(PROCESO!J44<>"",PROCESO!J44,IF(PROCESO!J45<>"",PROCESO!J45,"")))),2)="G-",MID(IF(PROCESO!J42<>"",PROCESO!J42,IF(PROCESO!J43<>"",PROCESO!J43,IF(PROCESO!J44<>"",PROCESO!J44,IF(PROCESO!J45<>"",PROCESO!J45,"")))),3,99),IF(PROCESO!J42<>"",PROCESO!J42,IF(PROCESO!J43<>"",PROCESO!J43,IF(PROCESO!J44<>"",PROCESO!J44,IF(PROCESO!J45<>"",PROCESO!J45,""))))),"") -> ENVÍO Guía 2994 | M35: ="" | N35: =IF(IF(PROCESO!J42<>"",PROCESO!J42,IF(PROCESO!J43<>"",PROCESO!J43,IF(PROCESO!J44<>"",PROCESO!J44,IF(PROCESO!J45<>"",PROCESO!J45,""))))<>"",SUMIF(PROCESO!J42:J45,IF(PROCESO!J42<>"",PROCESO!J42,IF(PROCESO!J43<>"",PROCESO!J43,IF(PROCESO!J44<>"",PROCESO!J44,IF(PROCESO!J45<>"",PROCESO!J45,"")))),PROCESO!L42:L45),"") -> 3413 | O35: =IF(IF(PROCESO!J42<>"",PROCESO!J42,IF(PROCESO!J43<>"",PROCESO!J43,IF(PROCESO!J44<>"",PROCESO!J44,IF(PROCESO!J45<>"",PROCESO!J45,""))))<>"","G-"&IF(LEFT(IF(PROCESO!J42<>"",PROCESO!J42,IF(PROCESO!J43<>"",PROCESO!J43,IF(PROCESO!J44<>"",PROCESO!J44,IF(PROCESO!J45<>"",PROCESO!J45,"")))),2)="G-",MID(IF(PROCESO!J42<>"",PROCESO!J42,IF(PROCESO!J43<>"",PROCESO!J43,IF(PROCESO!J44<>"",PROCESO!J44,IF(PROCESO!J45<>"",PROCESO!J45,"")))),3,99),IF(PROCESO!J42<>"",PROCESO!J42,IF(PROCESO!J43<>"",PROCESO!J43,IF(PROCESO!J44<>"",PROCESO!J44,IF(PROCESO!J45<>"",PROCESO!J45,""))))),"") -> G-2994 | P35: =P34+N(M35)-N(N35) -> 2517
A36: =IFERROR(INDEX(K$6:K$201,MATCH(ROW()-5,J$6:J$201,0)),"") -> MAR 21-07 | B36: =IFERROR(INDEX(L$6:L$201,MATCH(ROW()-5,J$6:J$201,0)),"") -> INGRESO (compra) | C36: =IFERROR(INDEX(M$6:M$201,MATCH(ROW()-5,J$6:J$201,0)),"") -> 6650 | D36: =IFERROR(INDEX(N$6:N$201,MATCH(ROW()-5,J$6:J$201,0)),"") | E36: =IFERROR(INDEX(O$6:O$201,MATCH(ROW()-5,J$6:J$201,0)),"") -> 70 sacos x 95 kg | F36: =IFERROR(INDEX(P$6:P$201,MATCH(ROW()-5,J$6:J$201,0)),"") -> 10417 | J36: =IF(OR(SUM(PROCESO!M42:M45)>0,SUM(PROCESO!N42:N45)>0),COUNT(J$6:J35)+1,"") | K36: =IF(OR(SUM(PROCESO!M42:M45)>0,SUM(PROCESO!N42:N45)>0),PROCESO!A42&IF(COUNTIF(PROCESO!$A$6:A41,PROCESO!A42)>0," (Ped."&(COUNTIF(PROCESO!$A$6:A41,PROCESO!A42)+1)&")",""),"") | L36: =IF(OR(SUM(PROCESO!M42:M45)>0,SUM(PROCESO!N42:N45)>0),"REPROCESO (devolución)","") | M36: =IF(OR(SUM(PROCESO!M42:M45)>0,SUM(PROCESO!N42:N45)>0),SUM(PROCESO!N42:N45),"") | N36: ="" | O36: =IF(OR(SUM(PROCESO!M42:M45)>0,SUM(PROCESO!N42:N45)>0),IF(SUM(PROCESO!M42:M45)>0,SUM(PROCESO!M42:M45)&" jabas devueltas · merma "&TEXT((PROCESO!M42*15+PROCESO!M43*18+PROCESO!M44*17+PROCESO!M45*17)-SUM(PROCESO!N42:N45),"+#,##0;-#,##0;0")&" kg",""),"") | P36: =P35+N(M36)-N(N36) -> 2517
A37: =IFERROR(INDEX(K$6:K$201,MATCH(ROW()-5,J$6:J$201,0)),"") -> MAR 21-07 | B37: =IFERROR(INDEX(L$6:L$201,MATCH(ROW()-5,J$6:J$201,0)),"") -> CHANCHO (proceso) | C37: =IFERROR(INDEX(M$6:M$201,MATCH(ROW()-5,J$6:J$201,0)),"") | D37: =IFERROR(INDEX(N$6:N$201,MATCH(ROW()-5,J$6:J$201,0)),"") -> 380 | E37: =IFERROR(INDEX(O$6:O$201,MATCH(ROW()-5,J$6:J$201,0)),"") -> 4 sacos x 95 kg | F37: =IFERROR(INDEX(P$6:P$201,MATCH(ROW()-5,J$6:J$201,0)),"") -> 10037 | J37: =IF(PROCESO!D48>0,COUNT(J$6:J36)+1,"") -> 20 | K37: =IF(PROCESO!D48>0,PROCESO!A48&IF(COUNTIF(PROCESO!$A$6:A47,PROCESO!A48)>0," (Ped."&(COUNTIF(PROCESO!$A$6:A47,PROCESO!A48)+1)&")",""),"") -> VIE 17-07 (Ped.2) | L37: =IF(PROCESO!D48>0,"INGRESO (compra)","") -> INGRESO (compra) | M37: =IF(PROCESO!D48>0,PROCESO!D48,"") -> 475 | N37: ="" | O37: =IF(PROCESO!D48>0,PROCESO!B48&" sacos x "&PROCESO!C48&" kg","") -> 5 sacos x 95 kg | P37: =P36+N(M37)-N(N37) -> 2992
A38: =IFERROR(INDEX(K$6:K$201,MATCH(ROW()-5,J$6:J$201,0)),"") -> MAR 21-07 | B38: =IFERROR(INDEX(L$6:L$201,MATCH(ROW()-5,J$6:J$201,0)),"") -> ENVÍO Guía 3004 | C38: =IFERROR(INDEX(M$6:M$201,MATCH(ROW()-5,J$6:J$201,0)),"") | D38: =IFERROR(INDEX(N$6:N$201,MATCH(ROW()-5,J$6:J$201,0)),"") -> 3260 | E38: =IFERROR(INDEX(O$6:O$201,MATCH(ROW()-5,J$6:J$201,0)),"") -> G-3004 | F38: =IFERROR(INDEX(P$6:P$201,MATCH(ROW()-5,J$6:J$201,0)),"") -> 6777 | J38: =IF(N(PROCESO!H52)>0,COUNT(J$6:J37)+1,"") -> 21 | K38: =IF(N(PROCESO!H52)>0,PROCESO!A48&IF(COUNTIF(PROCESO!$A$6:A47,PROCESO!A48)>0," (Ped."&(COUNTIF(PROCESO!$A$6:A47,PROCESO!A48)+1)&")",""),"") -> VIE 17-07 (Ped.2) | L38: =IF(N(PROCESO!H52)>0,"CHANCHO (proceso)","") -> CHANCHO (proceso) | M38: ="" | N38: =IF(N(PROCESO!H52)>0,N(PROCESO!H52),"") -> 95 | O38: =IF(N(PROCESO!H52)>0,PROCESO!G52&" sacos x 95 kg","") -> 1 sacos x 95 kg | P38: =P37+N(M38)-N(N38) -> 2897
A39: =IFERROR(INDEX(K$6:K$201,MATCH(ROW()-5,J$6:J$201,0)),"") -> MAR 21-07 | B39: =IFERROR(INDEX(L$6:L$201,MATCH(ROW()-5,J$6:J$201,0)),"") -> REPROCESO (devolución) | C39: =IFERROR(INDEX(M$6:M$201,MATCH(ROW()-5,J$6:J$201,0)),"") -> 17 | D39: =IFERROR(INDEX(N$6:N$201,MATCH(ROW()-5,J$6:J$201,0)),"") | E39: =IFERROR(INDEX(O$6:O$201,MATCH(ROW()-5,J$6:J$201,0)),"") -> 2 jabas devueltas · merma +15 kg | F39: =IFERROR(INDEX(P$6:P$201,MATCH(ROW()-5,J$6:J$201,0)),"") -> 6794 | J39: =IF(N(PROCESO!H53)>0,COUNT(J$6:J38)+1,"") | K39: =IF(N(PROCESO!H53)>0,PROCESO!A48&IF(COUNTIF(PROCESO!$A$6:A47,PROCESO!A48)>0," (Ped."&(COUNTIF(PROCESO!$A$6:A47,PROCESO!A48)+1)&")",""),"") | L39: =IF(N(PROCESO!H53)>0,"MALOGRADO","") | M39: ="" | N39: =IF(N(PROCESO!H53)>0,N(PROCESO!H53),"") | O39: ="" | P39: =P38+N(M39)-N(N39) -> 2897
A40: =IFERROR(INDEX(K$6:K$201,MATCH(ROW()-5,J$6:J$201,0)),"") -> MIE 22-07 | B40: =IFERROR(INDEX(L$6:L$201,MATCH(ROW()-5,J$6:J$201,0)),"") -> CHANCHO (proceso) | C40: =IFERROR(INDEX(M$6:M$201,MATCH(ROW()-5,J$6:J$201,0)),"") | D40: =IFERROR(INDEX(N$6:N$201,MATCH(ROW()-5,J$6:J$201,0)),"") -> 760 | E40: =IFERROR(INDEX(O$6:O$201,MATCH(ROW()-5,J$6:J$201,0)),"") -> 8 sacos x 95 kg | F40: =IFERROR(INDEX(P$6:P$201,MATCH(ROW()-5,J$6:J$201,0)),"") -> 6034 | J40: =IF(IF(PROCESO!J48<>"",PROCESO!J48,IF(PROCESO!J49<>"",PROCESO!J49,IF(PROCESO!J50<>"",PROCESO!J50,IF(PROCESO!J51<>"",PROCESO!J51,""))))<>"",COUNT(J$6:J39)+1,"") | K40: =IF(IF(PROCESO!J48<>"",PROCESO!J48,IF(PROCESO!J49<>"",PROCESO!J49,IF(PROCESO!J50<>"",PROCESO!J50,IF(PROCESO!J51<>"",PROCESO!J51,""))))<>"",PROCESO!A48&IF(COUNTIF(PROCESO!$A$6:A47,PROCESO!A48)>0," (Ped."&(COUNTIF(PROCESO!$A$6:A47,PROCESO!A48)+1)&")",""),"") | L40: =IF(IF(PROCESO!J48<>"",PROCESO!J48,IF(PROCESO!J49<>"",PROCESO!J49,IF(PROCESO!J50<>"",PROCESO!J50,IF(PROCESO!J51<>"",PROCESO!J51,""))))<>"","ENVÍO Guía "&IF(LEFT(IF(PROCESO!J48<>"",PROCESO!J48,IF(PROCESO!J49<>"",PROCESO!J49,IF(PROCESO!J50<>"",PROCESO!J50,IF(PROCESO!J51<>"",PROCESO!J51,"")))),2)="G-",MID(IF(PROCESO!J48<>"",PROCESO!J48,IF(PROCESO!J49<>"",PROCESO!J49,IF(PROCESO!J50<>"",PROCESO!J50,IF(PROCESO!J51<>"",PROCESO!J51,"")))),3,99),IF(PROCESO!J48<>"",PROCESO!J48,IF(PROCESO!J49<>"",PROCESO!J49,IF(PROCESO!J50<>"",PROCESO!J50,IF(PROCESO!J51<>"",PROCESO!J51,""))))),"") | M40: ="" | N40: =IF(IF(PROCESO!J48<>"",PROCESO!J48,IF(PROCESO!J49<>"",PROCESO!J49,IF(PROCESO!J50<>"",PROCESO!J50,IF(PROCESO!J51<>"",PROCESO!J51,""))))<>"",SUMIF(PROCESO!J48:J51,IF(PROCESO!J48<>"",PROCESO!J48,IF(PROCESO!J49<>"",PROCESO!J49,IF(PROCESO!J50<>"",PROCESO!J50,IF(PROCESO!J51<>"",PROCESO!J51,"")))),PROCESO!L48:L51),"") | O40: =IF(IF(PROCESO!J48<>"",PROCESO!J48,IF(PROCESO!J49<>"",PROCESO!J49,IF(PROCESO!J50<>"",PROCESO!J50,IF(PROCESO!J51<>"",PROCESO!J51,""))))<>"","G-"&IF(LEFT(IF(PROCESO!J48<>"",PROCESO!J48,IF(PROCESO!J49<>"",PROCESO!J49,IF(PROCESO!J50<>"",PROCESO!J50,IF(PROCESO!J51<>"",PROCESO!J51,"")))),2)="G-",MID(IF(PROCESO!J48<>"",PROCESO!J48,IF(PROCESO!J49<>"",PROCESO!J49,IF(PROCESO!J50<>"",PROCESO!J50,IF(PROCESO!J51<>"",PROCESO!J51,"")))),3,99),IF(PROCESO!J48<>"",PROCESO!J48,IF(PROCESO!J49<>"",PROCESO!J49,IF(PROCESO!J50<>"",PROCESO!J50,IF(PROCESO!J51<>"",PROCESO!J51,""))))),"") | P40: =P39+N(M40)-N(N40) -> 2897
A41: =IFERROR(INDEX(K$6:K$201,MATCH(ROW()-5,J$6:J$201,0)),"") -> MIE 22-07 | B41: =IFERROR(INDEX(L$6:L$201,MATCH(ROW()-5,J$6:J$201,0)),"") -> MALOGRADO | C41: =IFERROR(INDEX(M$6:M$201,MATCH(ROW()-5,J$6:J$201,0)),"") | D41: =IFERROR(INDEX(N$6:N$201,MATCH(ROW()-5,J$6:J$201,0)),"") -> 50 | E41: =IFERROR(INDEX(O$6:O$201,MATCH(ROW()-5,J$6:J$201,0)),"") | F41: =IFERROR(INDEX(P$6:P$201,MATCH(ROW()-5,J$6:J$201,0)),"") -> 5984 | J41: =IF(OR(SUM(PROCESO!M48:M51)>0,SUM(PROCESO!N48:N51)>0),COUNT(J$6:J40)+1,"") | K41: =IF(OR(SUM(PROCESO!M48:M51)>0,SUM(PROCESO!N48:N51)>0),PROCESO!A48&IF(COUNTIF(PROCESO!$A$6:A47,PROCESO!A48)>0," (Ped."&(COUNTIF(PROCESO!$A$6:A47,PROCESO!A48)+1)&")",""),"") | L41: =IF(OR(SUM(PROCESO!M48:M51)>0,SUM(PROCESO!N48:N51)>0),"REPROCESO (devolución)","") | M41: =IF(OR(SUM(PROCESO!M48:M51)>0,SUM(PROCESO!N48:N51)>0),SUM(PROCESO!N48:N51),"") | N41: ="" | O41: =IF(OR(SUM(PROCESO!M48:M51)>0,SUM(PROCESO!N48:N51)>0),IF(SUM(PROCESO!M48:M51)>0,SUM(PROCESO!M48:M51)&" jabas devueltas · merma "&TEXT((PROCESO!M48*15+PROCESO!M49*18+PROCESO!M50*17+PROCESO!M51*17)-SUM(PROCESO!N48:N51),"+#,##0;-#,##0;0")&" kg",""),"") | P41: =P40+N(M41)-N(N41) -> 2897
A42: =IFERROR(INDEX(K$6:K$201,MATCH(ROW()-5,J$6:J$201,0)),"") -> MIE 22-07 | B42: =IFERROR(INDEX(L$6:L$201,MATCH(ROW()-5,J$6:J$201,0)),"") -> ENVÍO Guía 3006 | C42: =IFERROR(INDEX(M$6:M$201,MATCH(ROW()-5,J$6:J$201,0)),"") | D42: =IFERROR(INDEX(N$6:N$201,MATCH(ROW()-5,J$6:J$201,0)),"") -> 3294 | E42: =IFERROR(INDEX(O$6:O$201,MATCH(ROW()-5,J$6:J$201,0)),"") -> G-3006 | F42: =IFERROR(INDEX(P$6:P$201,MATCH(ROW()-5,J$6:J$201,0)),"") -> 2690 | J42: =IF(PROCESO!D54>0,COUNT(J$6:J41)+1,"") | K42: =IF(PROCESO!D54>0,PROCESO!A54&IF(COUNTIF(PROCESO!$A$6:A53,PROCESO!A54)>0," (Ped."&(COUNTIF(PROCESO!$A$6:A53,PROCESO!A54)+1)&")",""),"") | L42: =IF(PROCESO!D54>0,"INGRESO (compra)","") | M42: =IF(PROCESO!D54>0,PROCESO!D54,"") | N42: ="" | O42: =IF(PROCESO!D54>0,PROCESO!B54&" sacos x "&PROCESO!C54&" kg","") | P42: =P41+N(M42)-N(N42) -> 2897
A43: =IFERROR(INDEX(K$6:K$201,MATCH(ROW()-5,J$6:J$201,0)),"") -> MIE 22-07 | B43: =IFERROR(INDEX(L$6:L$201,MATCH(ROW()-5,J$6:J$201,0)),"") -> REPROCESO (devolución) | C43: =IFERROR(INDEX(M$6:M$201,MATCH(ROW()-5,J$6:J$201,0)),"") -> 162 | D43: =IFERROR(INDEX(N$6:N$201,MATCH(ROW()-5,J$6:J$201,0)),"") | E43: =IFERROR(INDEX(O$6:O$201,MATCH(ROW()-5,J$6:J$201,0)),"") -> 10 jabas devueltas · merma +6 kg | F43: =IFERROR(INDEX(P$6:P$201,MATCH(ROW()-5,J$6:J$201,0)),"") -> 2852 | J43: =IF(N(PROCESO!H58)>0,COUNT(J$6:J42)+1,"") | K43: =IF(N(PROCESO!H58)>0,PROCESO!A54&IF(COUNTIF(PROCESO!$A$6:A53,PROCESO!A54)>0," (Ped."&(COUNTIF(PROCESO!$A$6:A53,PROCESO!A54)+1)&")",""),"") | L43: =IF(N(PROCESO!H58)>0,"CHANCHO (proceso)","") | M43: ="" | N43: =IF(N(PROCESO!H58)>0,N(PROCESO!H58),"") | O43: =IF(N(PROCESO!H58)>0,PROCESO!G58&" sacos x 95 kg","") | P43: =P42+N(M43)-N(N43) -> 2897
A44: =IFERROR(INDEX(K$6:K$201,MATCH(ROW()-5,J$6:J$201,0)),"") -> MIE 22-07 (Ped.2) | B44: =IFERROR(INDEX(L$6:L$201,MATCH(ROW()-5,J$6:J$201,0)),"") -> INGRESO (compra) | C44: =IFERROR(INDEX(M$6:M$201,MATCH(ROW()-5,J$6:J$201,0)),"") -> 3800 | D44: =IFERROR(INDEX(N$6:N$201,MATCH(ROW()-5,J$6:J$201,0)),"") | E44: =IFERROR(INDEX(O$6:O$201,MATCH(ROW()-5,J$6:J$201,0)),"") -> 40 sacos x 95 kg | F44: =IFERROR(INDEX(P$6:P$201,MATCH(ROW()-5,J$6:J$201,0)),"") -> 6652 | J44: =IF(N(PROCESO!H59)>0,COUNT(J$6:J43)+1,"") | K44: =IF(N(PROCESO!H59)>0,PROCESO!A54&IF(COUNTIF(PROCESO!$A$6:A53,PROCESO!A54)>0," (Ped."&(COUNTIF(PROCESO!$A$6:A53,PROCESO!A54)+1)&")",""),"") | L44: =IF(N(PROCESO!H59)>0,"MALOGRADO","") | M44: ="" | N44: =IF(N(PROCESO!H59)>0,N(PROCESO!H59),"") | O44: ="" | P44: =P43+N(M44)-N(N44) -> 2897
A45: =IFERROR(INDEX(K$6:K$201,MATCH(ROW()-5,J$6:J$201,0)),"") -> MIE 22-07 (Ped.2) | B45: =IFERROR(INDEX(L$6:L$201,MATCH(ROW()-5,J$6:J$201,0)),"") -> CHANCHO (proceso) | C45: =IFERROR(INDEX(M$6:M$201,MATCH(ROW()-5,J$6:J$201,0)),"") | D45: =IFERROR(INDEX(N$6:N$201,MATCH(ROW()-5,J$6:J$201,0)),"") -> 617.5 | E45: =IFERROR(INDEX(O$6:O$201,MATCH(ROW()-5,J$6:J$201,0)),"") -> 6.5 sacos x 95 kg | F45: =IFERROR(INDEX(P$6:P$201,MATCH(ROW()-5,J$6:J$201,0)),"") -> 6034.5 | J45: =IF(IF(PROCESO!J54<>"",PROCESO!J54,IF(PROCESO!J55<>"",PROCESO!J55,IF(PROCESO!J56<>"",PROCESO!J56,IF(PROCESO!J57<>"",PROCESO!J57,""))))<>"",COUNT(J$6:J44)+1,"") -> 22 | K45: =IF(IF(PROCESO!J54<>"",PROCESO!J54,IF(PROCESO!J55<>"",PROCESO!J55,IF(PROCESO!J56<>"",PROCESO!J56,IF(PROCESO!J57<>"",PROCESO!J57,""))))<>"",PROCESO!A54&IF(COUNTIF(PROCESO!$A$6:A53,PROCESO!A54)>0," (Ped."&(COUNTIF(PROCESO!$A$6:A53,PROCESO!A54)+1)&")",""),"") -> SAB 18-07 | L45: =IF(IF(PROCESO!J54<>"",PROCESO!J54,IF(PROCESO!J55<>"",PROCESO!J55,IF(PROCESO!J56<>"",PROCESO!J56,IF(PROCESO!J57<>"",PROCESO!J57,""))))<>"","ENVÍO Guía "&IF(LEFT(IF(PROCESO!J54<>"",PROCESO!J54,IF(PROCESO!J55<>"",PROCESO!J55,IF(PROCESO!J56<>"",PROCESO!J56,IF(PROCESO!J57<>"",PROCESO!J57,"")))),2)="G-",MID(IF(PROCESO!J54<>"",PROCESO!J54,IF(PROCESO!J55<>"",PROCESO!J55,IF(PROCESO!J56<>"",PROCESO!J56,IF(PROCESO!J57<>"",PROCESO!J57,"")))),3,99),IF(PROCESO!J54<>"",PROCESO!J54,IF(PROCESO!J55<>"",PROCESO!J55,IF(PROCESO!J56<>"",PROCESO!J56,IF(PROCESO!J57<>"",PROCESO!J57,""))))),"") -> ENVÍO Guía 2996 | M45: ="" | N45: =IF(IF(PROCESO!J54<>"",PROCESO!J54,IF(PROCESO!J55<>"",PROCESO!J55,IF(PROCESO!J56<>"",PROCESO!J56,IF(PROCESO!J57<>"",PROCESO!J57,""))))<>"",SUMIF(PROCESO!J54:J57,IF(PROCESO!J54<>"",PROCESO!J54,IF(PROCESO!J55<>"",PROCESO!J55,IF(PROCESO!J56<>"",PROCESO!J56,IF(PROCESO!J57<>"",PROCESO!J57,"")))),PROCESO!L54:L57),"") -> 3168 | O45: =IF(IF(PROCESO!J54<>"",PROCESO!J54,IF(PROCESO!J55<>"",PROCESO!J55,IF(PROCESO!J56<>"",PROCESO!J56,IF(PROCESO!J57<>"",PROCESO!J57,""))))<>"","G-"&IF(LEFT(IF(PROCESO!J54<>"",PROCESO!J54,IF(PROCESO!J55<>"",PROCESO!J55,IF(PROCESO!J56<>"",PROCESO!J56,IF(PROCESO!J57<>"",PROCESO!J57,"")))),2)="G-",MID(IF(PROCESO!J54<>"",PROCESO!J54,IF(PROCESO!J55<>"",PROCESO!J55,IF(PROCESO!J56<>"",PROCESO!J56,IF(PROCESO!J57<>"",PROCESO!J57,"")))),3,99),IF(PROCESO!J54<>"",PROCESO!J54,IF(PROCESO!J55<>"",PROCESO!J55,IF(PROCESO!J56<>"",PROCESO!J56,IF(PROCESO!J57<>"",PROCESO!J57,""))))),"") -> G-2996 | P45: =P44+N(M45)-N(N45) -> -271
A46: =IFERROR(INDEX(K$6:K$201,MATCH(ROW()-5,J$6:J$201,0)),"") -> MIE 22-07 (Ped.2) | B46: =IFERROR(INDEX(L$6:L$201,MATCH(ROW()-5,J$6:J$201,0)),"") -> ENVÍO Guía 3008 | C46: =IFERROR(INDEX(M$6:M$201,MATCH(ROW()-5,J$6:J$201,0)),"") | D46: =IFERROR(INDEX(N$6:N$201,MATCH(ROW()-5,J$6:J$201,0)),"") -> 3413 | E46: =IFERROR(INDEX(O$6:O$201,MATCH(ROW()-5,J$6:J$201,0)),"") -> G-3008 | F46: =IFERROR(INDEX(P$6:P$201,MATCH(ROW()-5,J$6:J$201,0)),"") -> 2621.5 | J46: =IF(OR(SUM(PROCESO!M54:M57)>0,SUM(PROCESO!N54:N57)>0),COUNT(J$6:J45)+1,"") | K46: =IF(OR(SUM(PROCESO!M54:M57)>0,SUM(PROCESO!N54:N57)>0),PROCESO!A54&IF(COUNTIF(PROCESO!$A$6:A53,PROCESO!A54)>0," (Ped."&(COUNTIF(PROCESO!$A$6:A53,PROCESO!A54)+1)&")",""),"") | L46: =IF(OR(SUM(PROCESO!M54:M57)>0,SUM(PROCESO!N54:N57)>0),"REPROCESO (devolución)","") | M46: =IF(OR(SUM(PROCESO!M54:M57)>0,SUM(PROCESO!N54:N57)>0),SUM(PROCESO!N54:N57),"") | N46: ="" | O46: =IF(OR(SUM(PROCESO!M54:M57)>0,SUM(PROCESO!N54:N57)>0),IF(SUM(PROCESO!M54:M57)>0,SUM(PROCESO!M54:M57)&" jabas devueltas · merma "&TEXT((PROCESO!M54*15+PROCESO!M55*18+PROCESO!M56*17+PROCESO!M57*17)-SUM(PROCESO!N54:N57),"+#,##0;-#,##0;0")&" kg",""),"") | P46: =P45+N(M46)-N(N46) -> -271
A47: =IFERROR(INDEX(K$6:K$201,MATCH(ROW()-5,J$6:J$201,0)),"") -> JUE 24-7 | B47: =IFERROR(INDEX(L$6:L$201,MATCH(ROW()-5,J$6:J$201,0)),"") -> INGRESO (compra) | C47: =IFERROR(INDEX(M$6:M$201,MATCH(ROW()-5,J$6:J$201,0)),"") -> 6650 | D47: =IFERROR(INDEX(N$6:N$201,MATCH(ROW()-5,J$6:J$201,0)),"") | E47: =IFERROR(INDEX(O$6:O$201,MATCH(ROW()-5,J$6:J$201,0)),"") -> 70 sacos x 95 kg | F47: =IFERROR(INDEX(P$6:P$201,MATCH(ROW()-5,J$6:J$201,0)),"") -> 9271.5 | J47: =IF(PROCESO!D60>0,COUNT(J$6:J46)+1,"") -> 23 | K47: =IF(PROCESO!D60>0,PROCESO!A60&IF(COUNTIF(PROCESO!$A$6:A59,PROCESO!A60)>0," (Ped."&(COUNTIF(PROCESO!$A$6:A59,PROCESO!A60)+1)&")",""),"") -> DOM 19-07 | L47: =IF(PROCESO!D60>0,"INGRESO (compra)","") -> INGRESO (compra) | M47: =IF(PROCESO!D60>0,PROCESO!D60,"") -> 4750 | N47: ="" | O47: =IF(PROCESO!D60>0,PROCESO!B60&" sacos x "&PROCESO!C60&" kg","") -> 50 sacos x 95 kg | P47: =P46+N(M47)-N(N47) -> 4479
A48: =IFERROR(INDEX(K$6:K$201,MATCH(ROW()-5,J$6:J$201,0)),"") -> JUE 24-7 | B48: =IFERROR(INDEX(L$6:L$201,MATCH(ROW()-5,J$6:J$201,0)),"") -> CHANCHO (proceso) | C48: =IFERROR(INDEX(M$6:M$201,MATCH(ROW()-5,J$6:J$201,0)),"") | D48: =IFERROR(INDEX(N$6:N$201,MATCH(ROW()-5,J$6:J$201,0)),"") -> 570 | E48: =IFERROR(INDEX(O$6:O$201,MATCH(ROW()-5,J$6:J$201,0)),"") -> 6 sacos x 95 kg | F48: =IFERROR(INDEX(P$6:P$201,MATCH(ROW()-5,J$6:J$201,0)),"") -> 8701.5 | J48: =IF(N(PROCESO!H64)>0,COUNT(J$6:J47)+1,"") -> 24 | K48: =IF(N(PROCESO!H64)>0,PROCESO!A60&IF(COUNTIF(PROCESO!$A$6:A59,PROCESO!A60)>0," (Ped."&(COUNTIF(PROCESO!$A$6:A59,PROCESO!A60)+1)&")",""),"") -> DOM 19-07 | L48: =IF(N(PROCESO!H64)>0,"CHANCHO (proceso)","") -> CHANCHO (proceso) | M48: ="" | N48: =IF(N(PROCESO!H64)>0,N(PROCESO!H64),"") -> 1282.5 | O48: =IF(N(PROCESO!H64)>0,PROCESO!G64&" sacos x 95 kg","") -> 13.5 sacos x 95 kg | P48: =P47+N(M48)-N(N48) -> 3196.5
A49: =IFERROR(INDEX(K$6:K$201,MATCH(ROW()-5,J$6:J$201,0)),"") -> JUE 24-7 | B49: =IFERROR(INDEX(L$6:L$201,MATCH(ROW()-5,J$6:J$201,0)),"") -> ENVÍO Guía 3011 | C49: =IFERROR(INDEX(M$6:M$201,MATCH(ROW()-5,J$6:J$201,0)),"") | D49: =IFERROR(INDEX(N$6:N$201,MATCH(ROW()-5,J$6:J$201,0)),"") -> 3413 | E49: =IFERROR(INDEX(O$6:O$201,MATCH(ROW()-5,J$6:J$201,0)),"") -> G-3011 | F49: =IFERROR(INDEX(P$6:P$201,MATCH(ROW()-5,J$6:J$201,0)),"") -> 5288.5 | J49: =IF(N(PROCESO!H65)>0,COUNT(J$6:J48)+1,"") | K49: =IF(N(PROCESO!H65)>0,PROCESO!A60&IF(COUNTIF(PROCESO!$A$6:A59,PROCESO!A60)>0," (Ped."&(COUNTIF(PROCESO!$A$6:A59,PROCESO!A60)+1)&")",""),"") | L49: =IF(N(PROCESO!H65)>0,"MALOGRADO","") | M49: ="" | N49: =IF(N(PROCESO!H65)>0,N(PROCESO!H65),"") | O49: ="" | P49: =P48+N(M49)-N(N49) -> 3196.5
A50: =IFERROR(INDEX(K$6:K$201,MATCH(ROW()-5,J$6:J$201,0)),"") | B50: =IFERROR(INDEX(L$6:L$201,MATCH(ROW()-5,J$6:J$201,0)),"") | C50: =IFERROR(INDEX(M$6:M$201,MATCH(ROW()-5,J$6:J$201,0)),"") | D50: =IFERROR(INDEX(N$6:N$201,MATCH(ROW()-5,J$6:J$201,0)),"") | E50: =IFERROR(INDEX(O$6:O$201,MATCH(ROW()-5,J$6:J$201,0)),"") | F50: =IFERROR(INDEX(P$6:P$201,MATCH(ROW()-5,J$6:J$201,0)),"") | J50: =IF(IF(PROCESO!J60<>"",PROCESO!J60,IF(PROCESO!J61<>"",PROCESO!J61,IF(PROCESO!J62<>"",PROCESO!J62,IF(PROCESO!J63<>"",PROCESO!J63,""))))<>"",COUNT(J$6:J49)+1,"") -> 25 | K50: =IF(IF(PROCESO!J60<>"",PROCESO!J60,IF(PROCESO!J61<>"",PROCESO!J61,IF(PROCESO!J62<>"",PROCESO!J62,IF(PROCESO!J63<>"",PROCESO!J63,""))))<>"",PROCESO!A60&IF(COUNTIF(PROCESO!$A$6:A59,PROCESO!A60)>0," (Ped."&(COUNTIF(PROCESO!$A$6:A59,PROCESO!A60)+1)&")",""),"") -> DOM 19-07 | L50: =IF(IF(PROCESO!J60<>"",PROCESO!J60,IF(PROCESO!J61<>"",PROCESO!J61,IF(PROCESO!J62<>"",PROCESO!J62,IF(PROCESO!J63<>"",PROCESO!J63,""))))<>"","ENVÍO Guía "&IF(LEFT(IF(PROCESO!J60<>"",PROCESO!J60,IF(PROCESO!J61<>"",PROCESO!J61,IF(PROCESO!J62<>"",PROCESO!J62,IF(PROCESO!J63<>"",PROCESO!J63,"")))),2)="G-",MID(IF(PROCESO!J60<>"",PROCESO!J60,IF(PROCESO!J61<>"",PROCESO!J61,IF(PROCESO!J62<>"",PROCESO!J62,IF(PROCESO!J63<>"",PROCESO!J63,"")))),3,99),IF(PROCESO!J60<>"",PROCESO!J60,IF(PROCESO!J61<>"",PROCESO!J61,IF(PROCESO!J62<>"",PROCESO!J62,IF(PROCESO!J63<>"",PROCESO!J63,""))))),"") -> ENVÍO Guía 2998 | M50: ="" | N50: =IF(IF(PROCESO!J60<>"",PROCESO!J60,IF(PROCESO!J61<>"",PROCESO!J61,IF(PROCESO!J62<>"",PROCESO!J62,IF(PROCESO!J63<>"",PROCESO!J63,""))))<>"",SUMIF(PROCESO!J60:J63,IF(PROCESO!J60<>"",PROCESO!J60,IF(PROCESO!J61<>"",PROCESO!J61,IF(PROCESO!J62<>"",PROCESO!J62,IF(PROCESO!J63<>"",PROCESO!J63,"")))),PROCESO!L60:L63),"") -> 1883 | O50: =IF(IF(PROCESO!J60<>"",PROCESO!J60,IF(PROCESO!J61<>"",PROCESO!J61,IF(PROCESO!J62<>"",PROCESO!J62,IF(PROCESO!J63<>"",PROCESO!J63,""))))<>"","G-"&IF(LEFT(IF(PROCESO!J60<>"",PROCESO!J60,IF(PROCESO!J61<>"",PROCESO!J61,IF(PROCESO!J62<>"",PROCESO!J62,IF(PROCESO!J63<>"",PROCESO!J63,"")))),2)="G-",MID(IF(PROCESO!J60<>"",PROCESO!J60,IF(PROCESO!J61<>"",PROCESO!J61,IF(PROCESO!J62<>"",PROCESO!J62,IF(PROCESO!J63<>"",PROCESO!J63,"")))),3,99),IF(PROCESO!J60<>"",PROCESO!J60,IF(PROCESO!J61<>"",PROCESO!J61,IF(PROCESO!J62<>"",PROCESO!J62,IF(PROCESO!J63<>"",PROCESO!J63,""))))),"") -> G-2998 | P50: =P49+N(M50)-N(N50) -> 1313.5
A51: =IFERROR(INDEX(K$6:K$201,MATCH(ROW()-5,J$6:J$201,0)),"") | B51: =IFERROR(INDEX(L$6:L$201,MATCH(ROW()-5,J$6:J$201,0)),"") | C51: =IFERROR(INDEX(M$6:M$201,MATCH(ROW()-5,J$6:J$201,0)),"") | D51: =IFERROR(INDEX(N$6:N$201,MATCH(ROW()-5,J$6:J$201,0)),"") | E51: =IFERROR(INDEX(O$6:O$201,MATCH(ROW()-5,J$6:J$201,0)),"") | F51: =IFERROR(INDEX(P$6:P$201,MATCH(ROW()-5,J$6:J$201,0)),"") | J51: =IF(OR(SUM(PROCESO!M60:M63)>0,SUM(PROCESO!N60:N63)>0),COUNT(J$6:J50)+1,"") | K51: =IF(OR(SUM(PROCESO!M60:M63)>0,SUM(PROCESO!N60:N63)>0),PROCESO!A60&IF(COUNTIF(PROCESO!$A$6:A59,PROCESO!A60)>0," (Ped."&(COUNTIF(PROCESO!$A$6:A59,PROCESO!A60)+1)&")",""),"") | L51: =IF(OR(SUM(PROCESO!M60:M63)>0,SUM(PROCESO!N60:N63)>0),"REPROCESO (devolución)","") | M51: =IF(OR(SUM(PROCESO!M60:M63)>0,SUM(PROCESO!N60:N63)>0),SUM(PROCESO!N60:N63),"") | N51: ="" | O51: =IF(OR(SUM(PROCESO!M60:M63)>0,SUM(PROCESO!N60:N63)>0),IF(SUM(PROCESO!M60:M63)>0,SUM(PROCESO!M60:M63)&" jabas devueltas · merma "&TEXT((PROCESO!M60*15+PROCESO!M61*18+PROCESO!M62*17+PROCESO!M63*17)-SUM(PROCESO!N60:N63),"+#,##0;-#,##0;0")&" kg",""),"") | P51: =P50+N(M51)-N(N51) -> 1313.5
A52: =IFERROR(INDEX(K$6:K$201,MATCH(ROW()-5,J$6:J$201,0)),"") | B52: =IFERROR(INDEX(L$6:L$201,MATCH(ROW()-5,J$6:J$201,0)),"") | C52: =IFERROR(INDEX(M$6:M$201,MATCH(ROW()-5,J$6:J$201,0)),"") | D52: =IFERROR(INDEX(N$6:N$201,MATCH(ROW()-5,J$6:J$201,0)),"") | E52: =IFERROR(INDEX(O$6:O$201,MATCH(ROW()-5,J$6:J$201,0)),"") | F52: =IFERROR(INDEX(P$6:P$201,MATCH(ROW()-5,J$6:J$201,0)),"") | J52: =IF(PROCESO!D66>0,COUNT(J$6:J51)+1,"") -> 26 | K52: =IF(PROCESO!D66>0,PROCESO!A66&IF(COUNTIF(PROCESO!$A$6:A65,PROCESO!A66)>0," (Ped."&(COUNTIF(PROCESO!$A$6:A65,PROCESO!A66)+1)&")",""),"") -> LUN 20-07 | L52: =IF(PROCESO!D66>0,"INGRESO (compra)","") -> INGRESO (compra) | M52: =IF(PROCESO!D66>0,PROCESO!D66,"") -> 4560 | N52: ="" | O52: =IF(PROCESO!D66>0,PROCESO!B66&" sacos x "&PROCESO!C66&" kg","") -> 48 sacos x 95 kg | P52: =P51+N(M52)-N(N52) -> 5873.5
A53: =IFERROR(INDEX(K$6:K$201,MATCH(ROW()-5,J$6:J$201,0)),"") | B53: =IFERROR(INDEX(L$6:L$201,MATCH(ROW()-5,J$6:J$201,0)),"") | C53: =IFERROR(INDEX(M$6:M$201,MATCH(ROW()-5,J$6:J$201,0)),"") | D53: =IFERROR(INDEX(N$6:N$201,MATCH(ROW()-5,J$6:J$201,0)),"") | E53: =IFERROR(INDEX(O$6:O$201,MATCH(ROW()-5,J$6:J$201,0)),"") | F53: =IFERROR(INDEX(P$6:P$201,MATCH(ROW()-5,J$6:J$201,0)),"") | J53: =IF(N(PROCESO!H70)>0,COUNT(J$6:J52)+1,"") -> 27 | K53: =IF(N(PROCESO!H70)>0,PROCESO!A66&IF(COUNTIF(PROCESO!$A$6:A65,PROCESO!A66)>0," (Ped."&(COUNTIF(PROCESO!$A$6:A65,PROCESO!A66)+1)&")",""),"") -> LUN 20-07 | L53: =IF(N(PROCESO!H70)>0,"CHANCHO (proceso)","") -> CHANCHO (proceso) | M53: ="" | N53: =IF(N(PROCESO!H70)>0,N(PROCESO!H70),"") -> 617.5 | O53: =IF(N(PROCESO!H70)>0,PROCESO!G70&" sacos x 95 kg","") -> 6.5 sacos x 95 kg | P53: =P52+N(M53)-N(N53) -> 5256
A54: =IFERROR(INDEX(K$6:K$201,MATCH(ROW()-5,J$6:J$201,0)),"") | B54: =IFERROR(INDEX(L$6:L$201,MATCH(ROW()-5,J$6:J$201,0)),"") | C54: =IFERROR(INDEX(M$6:M$201,MATCH(ROW()-5,J$6:J$201,0)),"") | D54: =IFERROR(INDEX(N$6:N$201,MATCH(ROW()-5,J$6:J$201,0)),"") | E54: =IFERROR(INDEX(O$6:O$201,MATCH(ROW()-5,J$6:J$201,0)),"") | F54: =IFERROR(INDEX(P$6:P$201,MATCH(ROW()-5,J$6:J$201,0)),"") | J54: =IF(N(PROCESO!H71)>0,COUNT(J$6:J53)+1,"") | K54: =IF(N(PROCESO!H71)>0,PROCESO!A66&IF(COUNTIF(PROCESO!$A$6:A65,PROCESO!A66)>0," (Ped."&(COUNTIF(PROCESO!$A$6:A65,PROCESO!A66)+1)&")",""),"") | L54: =IF(N(PROCESO!H71)>0,"MALOGRADO","") | M54: ="" | N54: =IF(N(PROCESO!H71)>0,N(PROCESO!H71),"") | O54: ="" | P54: =P53+N(M54)-N(N54) -> 5256
A55: =IFERROR(INDEX(K$6:K$201,MATCH(ROW()-5,J$6:J$201,0)),"") | B55: =IFERROR(INDEX(L$6:L$201,MATCH(ROW()-5,J$6:J$201,0)),"") | C55: =IFERROR(INDEX(M$6:M$201,MATCH(ROW()-5,J$6:J$201,0)),"") | D55: =IFERROR(INDEX(N$6:N$201,MATCH(ROW()-5,J$6:J$201,0)),"") | E55: =IFERROR(INDEX(O$6:O$201,MATCH(ROW()-5,J$6:J$201,0)),"") | F55: =IFERROR(INDEX(P$6:P$201,MATCH(ROW()-5,J$6:J$201,0)),"") | J55: =IF(IF(PROCESO!J66<>"",PROCESO!J66,IF(PROCESO!J67<>"",PROCESO!J67,IF(PROCESO!J68<>"",PROCESO!J68,IF(PROCESO!J69<>"",PROCESO!J69,""))))<>"",COUNT(J$6:J54)+1,"") -> 28 | K55: =IF(IF(PROCESO!J66<>"",PROCESO!J66,IF(PROCESO!J67<>"",PROCESO!J67,IF(PROCESO!J68<>"",PROCESO!J68,IF(PROCESO!J69<>"",PROCESO!J69,""))))<>"",PROCESO!A66&IF(COUNTIF(PROCESO!$A$6:A65,PROCESO!A66)>0," (Ped."&(COUNTIF(PROCESO!$A$6:A65,PROCESO!A66)+1)&")",""),"") -> LUN 20-07 | L55: =IF(IF(PROCESO!J66<>"",PROCESO!J66,IF(PROCESO!J67<>"",PROCESO!J67,IF(PROCESO!J68<>"",PROCESO!J68,IF(PROCESO!J69<>"",PROCESO!J69,""))))<>"","ENVÍO Guía "&IF(LEFT(IF(PROCESO!J66<>"",PROCESO!J66,IF(PROCESO!J67<>"",PROCESO!J67,IF(PROCESO!J68<>"",PROCESO!J68,IF(PROCESO!J69<>"",PROCESO!J69,"")))),2)="G-",MID(IF(PROCESO!J66<>"",PROCESO!J66,IF(PROCESO!J67<>"",PROCESO!J67,IF(PROCESO!J68<>"",PROCESO!J68,IF(PROCESO!J69<>"",PROCESO!J69,"")))),3,99),IF(PROCESO!J66<>"",PROCESO!J66,IF(PROCESO!J67<>"",PROCESO!J67,IF(PROCESO!J68<>"",PROCESO!J68,IF(PROCESO!J69<>"",PROCESO!J69,""))))),"") -> ENVÍO Guía 3001 | M55: ="" | N55: =IF(IF(PROCESO!J66<>"",PROCESO!J66,IF(PROCESO!J67<>"",PROCESO!J67,IF(PROCESO!J68<>"",PROCESO!J68,IF(PROCESO!J69<>"",PROCESO!J69,""))))<>"",SUMIF(PROCESO!J66:J69,IF(PROCESO!J66<>"",PROCESO!J66,IF(PROCESO!J67<>"",PROCESO!J67,IF(PROCESO!J68<>"",PROCESO!J68,IF(PROCESO!J69<>"",PROCESO!J69,"")))),PROCESO!L66:L69),"") -> 3294 | O55: =IF(IF(PROCESO!J66<>"",PROCESO!J66,IF(PROCESO!J67<>"",PROCESO!J67,IF(PROCESO!J68<>"",PROCESO!J68,IF(PROCESO!J69<>"",PROCESO!J69,""))))<>"","G-"&IF(LEFT(IF(PROCESO!J66<>"",PROCESO!J66,IF(PROCESO!J67<>"",PROCESO!J67,IF(PROCESO!J68<>"",PROCESO!J68,IF(PROCESO!J69<>"",PROCESO!J69,"")))),2)="G-",MID(IF(PROCESO!J66<>"",PROCESO!J66,IF(PROCESO!J67<>"",PROCESO!J67,IF(PROCESO!J68<>"",PROCESO!J68,IF(PROCESO!J69<>"",PROCESO!J69,"")))),3,99),IF(PROCESO!J66<>"",PROCESO!J66,IF(PROCESO!J67<>"",PROCESO!J67,IF(PROCESO!J68<>"",PROCESO!J68,IF(PROCESO!J69<>"",PROCESO!J69,""))))),"") -> G-3001 | P55: =P54+N(M55)-N(N55) -> 1962
A56: =IFERROR(INDEX(K$6:K$201,MATCH(ROW()-5,J$6:J$201,0)),"") | B56: =IFERROR(INDEX(L$6:L$201,MATCH(ROW()-5,J$6:J$201,0)),"") | C56: =IFERROR(INDEX(M$6:M$201,MATCH(ROW()-5,J$6:J$201,0)),"") | D56: =IFERROR(INDEX(N$6:N$201,MATCH(ROW()-5,J$6:J$201,0)),"") | E56: =IFERROR(INDEX(O$6:O$201,MATCH(ROW()-5,J$6:J$201,0)),"") | F56: =IFERROR(INDEX(P$6:P$201,MATCH(ROW()-5,J$6:J$201,0)),"") | J56: =IF(OR(SUM(PROCESO!M66:M69)>0,SUM(PROCESO!N66:N69)>0),COUNT(J$6:J55)+1,"") | K56: =IF(OR(SUM(PROCESO!M66:M69)>0,SUM(PROCESO!N66:N69)>0),PROCESO!A66&IF(COUNTIF(PROCESO!$A$6:A65,PROCESO!A66)>0," (Ped."&(COUNTIF(PROCESO!$A$6:A65,PROCESO!A66)+1)&")",""),"") | L56: =IF(OR(SUM(PROCESO!M66:M69)>0,SUM(PROCESO!N66:N69)>0),"REPROCESO (devolución)","") | M56: =IF(OR(SUM(PROCESO!M66:M69)>0,SUM(PROCESO!N66:N69)>0),SUM(PROCESO!N66:N69),"") | N56: ="" | O56: =IF(OR(SUM(PROCESO!M66:M69)>0,SUM(PROCESO!N66:N69)>0),IF(SUM(PROCESO!M66:M69)>0,SUM(PROCESO!M66:M69)&" jabas devueltas · merma "&TEXT((PROCESO!M66*15+PROCESO!M67*18+PROCESO!M68*17+PROCESO!M69*17)-SUM(PROCESO!N66:N69),"+#,##0;-#,##0;0")&" kg",""),"") | P56: =P55+N(M56)-N(N56) -> 1962
A57: =IFERROR(INDEX(K$6:K$201,MATCH(ROW()-5,J$6:J$201,0)),"") | B57: =IFERROR(INDEX(L$6:L$201,MATCH(ROW()-5,J$6:J$201,0)),"") | C57: =IFERROR(INDEX(M$6:M$201,MATCH(ROW()-5,J$6:J$201,0)),"") | D57: =IFERROR(INDEX(N$6:N$201,MATCH(ROW()-5,J$6:J$201,0)),"") | E57: =IFERROR(INDEX(O$6:O$201,MATCH(ROW()-5,J$6:J$201,0)),"") | F57: =IFERROR(INDEX(P$6:P$201,MATCH(ROW()-5,J$6:J$201,0)),"") | J57: =IF(PROCESO!D72>0,COUNT(J$6:J56)+1,"") -> 29 | K57: =IF(PROCESO!D72>0,PROCESO!A72&IF(COUNTIF(PROCESO!$A$6:A71,PROCESO!A72)>0," (Ped."&(COUNTIF(PROCESO!$A$6:A71,PROCESO!A72)+1)&")",""),"") -> LUN 20-07 (Ped.2) | L57: =IF(PROCESO!D72>0,"INGRESO (compra)","") -> INGRESO (compra) | M57: =IF(PROCESO!D72>0,PROCESO!D72,"") -> 2090 | N57: ="" | O57: =IF(PROCESO!D72>0,PROCESO!B72&" sacos x "&PROCESO!C72&" kg","") -> 22 sacos x 95 kg | P57: =P56+N(M57)-N(N57) -> 4052
A58: =IFERROR(INDEX(K$6:K$201,MATCH(ROW()-5,J$6:J$201,0)),"") | B58: =IFERROR(INDEX(L$6:L$201,MATCH(ROW()-5,J$6:J$201,0)),"") | C58: =IFERROR(INDEX(M$6:M$201,MATCH(ROW()-5,J$6:J$201,0)),"") | D58: =IFERROR(INDEX(N$6:N$201,MATCH(ROW()-5,J$6:J$201,0)),"") | E58: =IFERROR(INDEX(O$6:O$201,MATCH(ROW()-5,J$6:J$201,0)),"") | F58: =IFERROR(INDEX(P$6:P$201,MATCH(ROW()-5,J$6:J$201,0)),"") | J58: =IF(N(PROCESO!H76)>0,COUNT(J$6:J57)+1,"") -> 30 | K58: =IF(N(PROCESO!H76)>0,PROCESO!A72&IF(COUNTIF(PROCESO!$A$6:A71,PROCESO!A72)>0," (Ped."&(COUNTIF(PROCESO!$A$6:A71,PROCESO!A72)+1)&")",""),"") -> LUN 20-07 (Ped.2) | L58: =IF(N(PROCESO!H76)>0,"CHANCHO (proceso)","") -> CHANCHO (proceso) | M58: ="" | N58: =IF(N(PROCESO!H76)>0,N(PROCESO!H76),"") -> 285 | O58: =IF(N(PROCESO!H76)>0,PROCESO!G76&" sacos x 95 kg","") -> 3 sacos x 95 kg | P58: =P57+N(M58)-N(N58) -> 3767
A59: =IFERROR(INDEX(K$6:K$201,MATCH(ROW()-5,J$6:J$201,0)),"") | B59: =IFERROR(INDEX(L$6:L$201,MATCH(ROW()-5,J$6:J$201,0)),"") | C59: =IFERROR(INDEX(M$6:M$201,MATCH(ROW()-5,J$6:J$201,0)),"") | D59: =IFERROR(INDEX(N$6:N$201,MATCH(ROW()-5,J$6:J$201,0)),"") | E59: =IFERROR(INDEX(O$6:O$201,MATCH(ROW()-5,J$6:J$201,0)),"") | F59: =IFERROR(INDEX(P$6:P$201,MATCH(ROW()-5,J$6:J$201,0)),"") | J59: =IF(N(PROCESO!H77)>0,COUNT(J$6:J58)+1,"") | K59: =IF(N(PROCESO!H77)>0,PROCESO!A72&IF(COUNTIF(PROCESO!$A$6:A71,PROCESO!A72)>0," (Ped."&(COUNTIF(PROCESO!$A$6:A71,PROCESO!A72)+1)&")",""),"") | L59: =IF(N(PROCESO!H77)>0,"MALOGRADO","") | M59: ="" | N59: =IF(N(PROCESO!H77)>0,N(PROCESO!H77),"") | O59: ="" | P59: =P58+N(M59)-N(N59) -> 3767
A60: =IFERROR(INDEX(K$6:K$201,MATCH(ROW()-5,J$6:J$201,0)),"") | B60: =IFERROR(INDEX(L$6:L$201,MATCH(ROW()-5,J$6:J$201,0)),"") | C60: =IFERROR(INDEX(M$6:M$201,MATCH(ROW()-5,J$6:J$201,0)),"") | D60: =IFERROR(INDEX(N$6:N$201,MATCH(ROW()-5,J$6:J$201,0)),"") | E60: =IFERROR(INDEX(O$6:O$201,MATCH(ROW()-5,J$6:J$201,0)),"") | F60: =IFERROR(INDEX(P$6:P$201,MATCH(ROW()-5,J$6:J$201,0)),"") | J60: =IF(IF(PROCESO!J72<>"",PROCESO!J72,IF(PROCESO!J73<>"",PROCESO!J73,IF(PROCESO!J74<>"",PROCESO!J74,IF(PROCESO!J75<>"",PROCESO!J75,""))))<>"",COUNT(J$6:J59)+1,"") | K60: =IF(IF(PROCESO!J72<>"",PROCESO!J72,IF(PROCESO!J73<>"",PROCESO!J73,IF(PROCESO!J74<>"",PROCESO!J74,IF(PROCESO!J75<>"",PROCESO!J75,""))))<>"",PROCESO!A72&IF(COUNTIF(PROCESO!$A$6:A71,PROCESO!A72)>0," (Ped."&(COUNTIF(PROCESO!$A$6:A71,PROCESO!A72)+1)&")",""),"") | L60: =IF(IF(PROCESO!J72<>"",PROCESO!J72,IF(PROCESO!J73<>"",PROCESO!J73,IF(PROCESO!J74<>"",PROCESO!J74,IF(PROCESO!J75<>"",PROCESO!J75,""))))<>"","ENVÍO Guía "&IF(LEFT(IF(PROCESO!J72<>"",PROCESO!J72,IF(PROCESO!J73<>"",PROCESO!J73,IF(PROCESO!J74<>"",PROCESO!J74,IF(PROCESO!J75<>"",PROCESO!J75,"")))),2)="G-",MID(IF(PROCESO!J72<>"",PROCESO!J72,IF(PROCESO!J73<>"",PROCESO!J73,IF(PROCESO!J74<>"",PROCESO!J74,IF(PROCESO!J75<>"",PROCESO!J75,"")))),3,99),IF(PROCESO!J72<>"",PROCESO!J72,IF(PROCESO!J73<>"",PROCESO!J73,IF(PROCESO!J74<>"",PROCESO!J74,IF(PROCESO!J75<>"",PROCESO!J75,""))))),"") | M60: ="" | N60: =IF(IF(PROCESO!J72<>"",PROCESO!J72,IF(PROCESO!J73<>"",PROCESO!J73,IF(PROCESO!J74<>"",PROCESO!J74,IF(PROCESO!J75<>"",PROCESO!J75,""))))<>"",SUMIF(PROCESO!J72:J75,IF(PROCESO!J72<>"",PROCESO!J72,IF(PROCESO!J73<>"",PROCESO!J73,IF(PROCESO!J74<>"",PROCESO!J74,IF(PROCESO!J75<>"",PROCESO!J75,"")))),PROCESO!L72:L75),"") | O60: =IF(IF(PROCESO!J72<>"",PROCESO!J72,IF(PROCESO!J73<>"",PROCESO!J73,IF(PROCESO!J74<>"",PROCESO!J74,IF(PROCESO!J75<>"",PROCESO!J75,""))))<>"","G-"&IF(LEFT(IF(PROCESO!J72<>"",PROCESO!J72,IF(PROCESO!J73<>"",PROCESO!J73,IF(PROCESO!J74<>"",PROCESO!J74,IF(PROCESO!J75<>"",PROCESO!J75,"")))),2)="G-",MID(IF(PROCESO!J72<>"",PROCESO!J72,IF(PROCESO!J73<>"",PROCESO!J73,IF(PROCESO!J74<>"",PROCESO!J74,IF(PROCESO!J75<>"",PROCESO!J75,"")))),3,99),IF(PROCESO!J72<>"",PROCESO!J72,IF(PROCESO!J73<>"",PROCESO!J73,IF(PROCESO!J74<>"",PROCESO!J74,IF(PROCESO!J75<>"",PROCESO!J75,""))))),"") | P60: =P59+N(M60)-N(N60) -> 3767
A61: =IFERROR(INDEX(K$6:K$201,MATCH(ROW()-5,J$6:J$201,0)),"") | B61: =IFERROR(INDEX(L$6:L$201,MATCH(ROW()-5,J$6:J$201,0)),"") | C61: =IFERROR(INDEX(M$6:M$201,MATCH(ROW()-5,J$6:J$201,0)),"") | D61: =IFERROR(INDEX(N$6:N$201,MATCH(ROW()-5,J$6:J$201,0)),"") | E61: =IFERROR(INDEX(O$6:O$201,MATCH(ROW()-5,J$6:J$201,0)),"") | F61: =IFERROR(INDEX(P$6:P$201,MATCH(ROW()-5,J$6:J$201,0)),"") | J61: =IF(OR(SUM(PROCESO!M72:M75)>0,SUM(PROCESO!N72:N75)>0),COUNT(J$6:J60)+1,"") | K61: =IF(OR(SUM(PROCESO!M72:M75)>0,SUM(PROCESO!N72:N75)>0),PROCESO!A72&IF(COUNTIF(PROCESO!$A$6:A71,PROCESO!A72)>0," (Ped."&(COUNTIF(PROCESO!$A$6:A71,PROCESO!A72)+1)&")",""),"") | L61: =IF(OR(SUM(PROCESO!M72:M75)>0,SUM(PROCESO!N72:N75)>0),"REPROCESO (devolución)","") | M61: =IF(OR(SUM(PROCESO!M72:M75)>0,SUM(PROCESO!N72:N75)>0),SUM(PROCESO!N72:N75),"") | N61: ="" | O61: =IF(OR(SUM(PROCESO!M72:M75)>0,SUM(PROCESO!N72:N75)>0),IF(SUM(PROCESO!M72:M75)>0,SUM(PROCESO!M72:M75)&" jabas devueltas · merma "&TEXT((PROCESO!M72*15+PROCESO!M73*18+PROCESO!M74*17+PROCESO!M75*17)-SUM(PROCESO!N72:N75),"+#,##0;-#,##0;0")&" kg",""),"") | P61: =P60+N(M61)-N(N61) -> 3767
A62: =IFERROR(INDEX(K$6:K$201,MATCH(ROW()-5,J$6:J$201,0)),"") | B62: =IFERROR(INDEX(L$6:L$201,MATCH(ROW()-5,J$6:J$201,0)),"") | C62: =IFERROR(INDEX(M$6:M$201,MATCH(ROW()-5,J$6:J$201,0)),"") | D62: =IFERROR(INDEX(N$6:N$201,MATCH(ROW()-5,J$6:J$201,0)),"") | E62: =IFERROR(INDEX(O$6:O$201,MATCH(ROW()-5,J$6:J$201,0)),"") | F62: =IFERROR(INDEX(P$6:P$201,MATCH(ROW()-5,J$6:J$201,0)),"") | J62: =IF(PROCESO!D78>0,COUNT(J$6:J61)+1,"") -> 31 | K62: =IF(PROCESO!D78>0,PROCESO!A78&IF(COUNTIF(PROCESO!$A$6:A77,PROCESO!A78)>0," (Ped."&(COUNTIF(PROCESO!$A$6:A77,PROCESO!A78)+1)&")",""),"") -> MAR 21-07 | L62: =IF(PROCESO!D78>0,"INGRESO (compra)","") -> INGRESO (compra) | M62: =IF(PROCESO!D78>0,PROCESO!D78,"") -> 6650 | N62: ="" | O62: =IF(PROCESO!D78>0,PROCESO!B78&" sacos x "&PROCESO!C78&" kg","") -> 70 sacos x 95 kg | P62: =P61+N(M62)-N(N62) -> 10417
A63: =IFERROR(INDEX(K$6:K$201,MATCH(ROW()-5,J$6:J$201,0)),"") | B63: =IFERROR(INDEX(L$6:L$201,MATCH(ROW()-5,J$6:J$201,0)),"") | C63: =IFERROR(INDEX(M$6:M$201,MATCH(ROW()-5,J$6:J$201,0)),"") | D63: =IFERROR(INDEX(N$6:N$201,MATCH(ROW()-5,J$6:J$201,0)),"") | E63: =IFERROR(INDEX(O$6:O$201,MATCH(ROW()-5,J$6:J$201,0)),"") | F63: =IFERROR(INDEX(P$6:P$201,MATCH(ROW()-5,J$6:J$201,0)),"") | J63: =IF(N(PROCESO!H82)>0,COUNT(J$6:J62)+1,"") -> 32 | K63: =IF(N(PROCESO!H82)>0,PROCESO!A78&IF(COUNTIF(PROCESO!$A$6:A77,PROCESO!A78)>0," (Ped."&(COUNTIF(PROCESO!$A$6:A77,PROCESO!A78)+1)&")",""),"") -> MAR 21-07 | L63: =IF(N(PROCESO!H82)>0,"CHANCHO (proceso)","") -> CHANCHO (proceso) | M63: ="" | N63: =IF(N(PROCESO!H82)>0,N(PROCESO!H82),"") -> 380 | O63: =IF(N(PROCESO!H82)>0,PROCESO!G82&" sacos x 95 kg","") -> 4 sacos x 95 kg | P63: =P62+N(M63)-N(N63) -> 10037
A64: =IFERROR(INDEX(K$6:K$201,MATCH(ROW()-5,J$6:J$201,0)),"") | B64: =IFERROR(INDEX(L$6:L$201,MATCH(ROW()-5,J$6:J$201,0)),"") | C64: =IFERROR(INDEX(M$6:M$201,MATCH(ROW()-5,J$6:J$201,0)),"") | D64: =IFERROR(INDEX(N$6:N$201,MATCH(ROW()-5,J$6:J$201,0)),"") | E64: =IFERROR(INDEX(O$6:O$201,MATCH(ROW()-5,J$6:J$201,0)),"") | F64: =IFERROR(INDEX(P$6:P$201,MATCH(ROW()-5,J$6:J$201,0)),"") | J64: =IF(N(PROCESO!H83)>0,COUNT(J$6:J63)+1,"") | K64: =IF(N(PROCESO!H83)>0,PROCESO!A78&IF(COUNTIF(PROCESO!$A$6:A77,PROCESO!A78)>0," (Ped."&(COUNTIF(PROCESO!$A$6:A77,PROCESO!A78)+1)&")",""),"") | L64: =IF(N(PROCESO!H83)>0,"MALOGRADO","") | M64: ="" | N64: =IF(N(PROCESO!H83)>0,N(PROCESO!H83),"") | O64: ="" | P64: =P63+N(M64)-N(N64) -> 10037
A65: =IFERROR(INDEX(K$6:K$201,MATCH(ROW()-5,J$6:J$201,0)),"") | B65: =IFERROR(INDEX(L$6:L$201,MATCH(ROW()-5,J$6:J$201,0)),"") | C65: =IFERROR(INDEX(M$6:M$201,MATCH(ROW()-5,J$6:J$201,0)),"") | D65: =IFERROR(INDEX(N$6:N$201,MATCH(ROW()-5,J$6:J$201,0)),"") | E65: =IFERROR(INDEX(O$6:O$201,MATCH(ROW()-5,J$6:J$201,0)),"") | F65: =IFERROR(INDEX(P$6:P$201,MATCH(ROW()-5,J$6:J$201,0)),"") | J65: =IF(IF(PROCESO!J78<>"",PROCESO!J78,IF(PROCESO!J79<>"",PROCESO!J79,IF(PROCESO!J80<>"",PROCESO!J80,IF(PROCESO!J81<>"",PROCESO!J81,""))))<>"",COUNT(J$6:J64)+1,"") -> 33 | K65: =IF(IF(PROCESO!J78<>"",PROCESO!J78,IF(PROCESO!J79<>"",PROCESO!J79,IF(PROCESO!J80<>"",PROCESO!J80,IF(PROCESO!J81<>"",PROCESO!J81,""))))<>"",PROCESO!A78&IF(COUNTIF(PROCESO!$A$6:A77,PROCESO!A78)>0," (Ped."&(COUNTIF(PROCESO!$A$6:A77,PROCESO!A78)+1)&")",""),"") -> MAR 21-07 | L65: =IF(IF(PROCESO!J78<>"",PROCESO!J78,IF(PROCESO!J79<>"",PROCESO!J79,IF(PROCESO!J80<>"",PROCESO!J80,IF(PROCESO!J81<>"",PROCESO!J81,""))))<>"","ENVÍO Guía "&IF(LEFT(IF(PROCESO!J78<>"",PROCESO!J78,IF(PROCESO!J79<>"",PROCESO!J79,IF(PROCESO!J80<>"",PROCESO!J80,IF(PROCESO!J81<>"",PROCESO!J81,"")))),2)="G-",MID(IF(PROCESO!J78<>"",PROCESO!J78,IF(PROCESO!J79<>"",PROCESO!J79,IF(PROCESO!J80<>"",PROCESO!J80,IF(PROCESO!J81<>"",PROCESO!J81,"")))),3,99),IF(PROCESO!J78<>"",PROCESO!J78,IF(PROCESO!J79<>"",PROCESO!J79,IF(PROCESO!J80<>"",PROCESO!J80,IF(PROCESO!J81<>"",PROCESO!J81,""))))),"") -> ENVÍO Guía 3004 | M65: ="" | N65: =IF(IF(PROCESO!J78<>"",PROCESO!J78,IF(PROCESO!J79<>"",PROCESO!J79,IF(PROCESO!J80<>"",PROCESO!J80,IF(PROCESO!J81<>"",PROCESO!J81,""))))<>"",SUMIF(PROCESO!J78:J81,IF(PROCESO!J78<>"",PROCESO!J78,IF(PROCESO!J79<>"",PROCESO!J79,IF(PROCESO!J80<>"",PROCESO!J80,IF(PROCESO!J81<>"",PROCESO!J81,"")))),PROCESO!L78:L81),"") -> 3260 | O65: =IF(IF(PROCESO!J78<>"",PROCESO!J78,IF(PROCESO!J79<>"",PROCESO!J79,IF(PROCESO!J80<>"",PROCESO!J80,IF(PROCESO!J81<>"",PROCESO!J81,""))))<>"","G-"&IF(LEFT(IF(PROCESO!J78<>"",PROCESO!J78,IF(PROCESO!J79<>"",PROCESO!J79,IF(PROCESO!J80<>"",PROCESO!J80,IF(PROCESO!J81<>"",PROCESO!J81,"")))),2)="G-",MID(IF(PROCESO!J78<>"",PROCESO!J78,IF(PROCESO!J79<>"",PROCESO!J79,IF(PROCESO!J80<>"",PROCESO!J80,IF(PROCESO!J81<>"",PROCESO!J81,"")))),3,99),IF(PROCESO!J78<>"",PROCESO!J78,IF(PROCESO!J79<>"",PROCESO!J79,IF(PROCESO!J80<>"",PROCESO!J80,IF(PROCESO!J81<>"",PROCESO!J81,""))))),"") -> G-3004 | P65: =P64+N(M65)-N(N65) -> 6777
A66: =IFERROR(INDEX(K$6:K$201,MATCH(ROW()-5,J$6:J$201,0)),"") | B66: =IFERROR(INDEX(L$6:L$201,MATCH(ROW()-5,J$6:J$201,0)),"") | C66: =IFERROR(INDEX(M$6:M$201,MATCH(ROW()-5,J$6:J$201,0)),"") | D66: =IFERROR(INDEX(N$6:N$201,MATCH(ROW()-5,J$6:J$201,0)),"") | E66: =IFERROR(INDEX(O$6:O$201,MATCH(ROW()-5,J$6:J$201,0)),"") | F66: =IFERROR(INDEX(P$6:P$201,MATCH(ROW()-5,J$6:J$201,0)),"") | J66: =IF(OR(SUM(PROCESO!M78:M81)>0,SUM(PROCESO!N78:N81)>0),COUNT(J$6:J65)+1,"") -> 34 | K66: =IF(OR(SUM(PROCESO!M78:M81)>0,SUM(PROCESO!N78:N81)>0),PROCESO!A78&IF(COUNTIF(PROCESO!$A$6:A77,PROCESO!A78)>0," (Ped."&(COUNTIF(PROCESO!$A$6:A77,PROCESO!A78)+1)&")",""),"") -> MAR 21-07 | L66: =IF(OR(SUM(PROCESO!M78:M81)>0,SUM(PROCESO!N78:N81)>0),"REPROCESO (devolución)","") -> REPROCESO (devolución) | M66: =IF(OR(SUM(PROCESO!M78:M81)>0,SUM(PROCESO!N78:N81)>0),SUM(PROCESO!N78:N81),"") -> 17 | N66: ="" | O66: =IF(OR(SUM(PROCESO!M78:M81)>0,SUM(PROCESO!N78:N81)>0),IF(SUM(PROCESO!M78:M81)>0,SUM(PROCESO!M78:M81)&" jabas devueltas · merma "&TEXT((PROCESO!M78*15+PROCESO!M79*18+PROCESO!M80*17+PROCESO!M81*17)-SUM(PROCESO!N78:N81),"+#,##0;-#,##0;0")&" kg",""),"") -> 2 jabas devueltas · merma +15 kg | P66: =P65+N(M66)-N(N66) -> 6794
A67: =IFERROR(INDEX(K$6:K$201,MATCH(ROW()-5,J$6:J$201,0)),"") | B67: =IFERROR(INDEX(L$6:L$201,MATCH(ROW()-5,J$6:J$201,0)),"") | C67: =IFERROR(INDEX(M$6:M$201,MATCH(ROW()-5,J$6:J$201,0)),"") | D67: =IFERROR(INDEX(N$6:N$201,MATCH(ROW()-5,J$6:J$201,0)),"") | E67: =IFERROR(INDEX(O$6:O$201,MATCH(ROW()-5,J$6:J$201,0)),"") | F67: =IFERROR(INDEX(P$6:P$201,MATCH(ROW()-5,J$6:J$201,0)),"") | J67: =IF(PROCESO!D84>0,COUNT(J$6:J66)+1,"") | K67: =IF(PROCESO!D84>0,PROCESO!A84&IF(COUNTIF(PROCESO!$A$6:A83,PROCESO!A84)>0," (Ped."&(COUNTIF(PROCESO!$A$6:A83,PROCESO!A84)+1)&")",""),"") | L67: =IF(PROCESO!D84>0,"INGRESO (compra)","") | M67: =IF(PROCESO!D84>0,PROCESO!D84,"") | N67: ="" | O67: =IF(PROCESO!D84>0,PROCESO!B84&" sacos x "&PROCESO!C84&" kg","") | P67: =P66+N(M67)-N(N67) -> 6794
A68: =IFERROR(INDEX(K$6:K$201,MATCH(ROW()-5,J$6:J$201,0)),"") | B68: =IFERROR(INDEX(L$6:L$201,MATCH(ROW()-5,J$6:J$201,0)),"") | C68: =IFERROR(INDEX(M$6:M$201,MATCH(ROW()-5,J$6:J$201,0)),"") | D68: =IFERROR(INDEX(N$6:N$201,MATCH(ROW()-5,J$6:J$201,0)),"") | E68: =IFERROR(INDEX(O$6:O$201,MATCH(ROW()-5,J$6:J$201,0)),"") | F68: =IFERROR(INDEX(P$6:P$201,MATCH(ROW()-5,J$6:J$201,0)),"") | J68: =IF(N(PROCESO!H88)>0,COUNT(J$6:J67)+1,"") -> 35 | K68: =IF(N(PROCESO!H88)>0,PROCESO!A84&IF(COUNTIF(PROCESO!$A$6:A83,PROCESO!A84)>0," (Ped."&(COUNTIF(PROCESO!$A$6:A83,PROCESO!A84)+1)&")",""),"") -> MIE 22-07 | L68: =IF(N(PROCESO!H88)>0,"CHANCHO (proceso)","") -> CHANCHO (proceso) | M68: ="" | N68: =IF(N(PROCESO!H88)>0,N(PROCESO!H88),"") -> 760 | O68: =IF(N(PROCESO!H88)>0,PROCESO!G88&" sacos x 95 kg","") -> 8 sacos x 95 kg | P68: =P67+N(M68)-N(N68) -> 6034
A69: =IFERROR(INDEX(K$6:K$201,MATCH(ROW()-5,J$6:J$201,0)),"") | B69: =IFERROR(INDEX(L$6:L$201,MATCH(ROW()-5,J$6:J$201,0)),"") | C69: =IFERROR(INDEX(M$6:M$201,MATCH(ROW()-5,J$6:J$201,0)),"") | D69: =IFERROR(INDEX(N$6:N$201,MATCH(ROW()-5,J$6:J$201,0)),"") | E69: =IFERROR(INDEX(O$6:O$201,MATCH(ROW()-5,J$6:J$201,0)),"") | F69: =IFERROR(INDEX(P$6:P$201,MATCH(ROW()-5,J$6:J$201,0)),"") | J69: =IF(N(PROCESO!H89)>0,COUNT(J$6:J68)+1,"") -> 36 | K69: =IF(N(PROCESO!H89)>0,PROCESO!A84&IF(COUNTIF(PROCESO!$A$6:A83,PROCESO!A84)>0," (Ped."&(COUNTIF(PROCESO!$A$6:A83,PROCESO!A84)+1)&")",""),"") -> MIE 22-07 | L69: =IF(N(PROCESO!H89)>0,"MALOGRADO","") -> MALOGRADO | M69: ="" | N69: =IF(N(PROCESO!H89)>0,N(PROCESO!H89),"") -> 50 | O69: ="" | P69: =P68+N(M69)-N(N69) -> 5984
A70: =IFERROR(INDEX(K$6:K$201,MATCH(ROW()-5,J$6:J$201,0)),"") | B70: =IFERROR(INDEX(L$6:L$201,MATCH(ROW()-5,J$6:J$201,0)),"") | C70: =IFERROR(INDEX(M$6:M$201,MATCH(ROW()-5,J$6:J$201,0)),"") | D70: =IFERROR(INDEX(N$6:N$201,MATCH(ROW()-5,J$6:J$201,0)),"") | E70: =IFERROR(INDEX(O$6:O$201,MATCH(ROW()-5,J$6:J$201,0)),"") | F70: =IFERROR(INDEX(P$6:P$201,MATCH(ROW()-5,J$6:J$201,0)),"") | J70: =IF(IF(PROCESO!J84<>"",PROCESO!J84,IF(PROCESO!J85<>"",PROCESO!J85,IF(PROCESO!J86<>"",PROCESO!J86,IF(PROCESO!J87<>"",PROCESO!J87,""))))<>"",COUNT(J$6:J69)+1,"") -> 37 | K70: =IF(IF(PROCESO!J84<>"",PROCESO!J84,IF(PROCESO!J85<>"",PROCESO!J85,IF(PROCESO!J86<>"",PROCESO!J86,IF(PROCESO!J87<>"",PROCESO!J87,""))))<>"",PROCESO!A84&IF(COUNTIF(PROCESO!$A$6:A83,PROCESO!A84)>0," (Ped."&(COUNTIF(PROCESO!$A$6:A83,PROCESO!A84)+1)&")",""),"") -> MIE 22-07 | L70: =IF(IF(PROCESO!J84<>"",PROCESO!J84,IF(PROCESO!J85<>"",PROCESO!J85,IF(PROCESO!J86<>"",PROCESO!J86,IF(PROCESO!J87<>"",PROCESO!J87,""))))<>"","ENVÍO Guía "&IF(LEFT(IF(PROCESO!J84<>"",PROCESO!J84,IF(PROCESO!J85<>"",PROCESO!J85,IF(PROCESO!J86<>"",PROCESO!J86,IF(PROCESO!J87<>"",PROCESO!J87,"")))),2)="G-",MID(IF(PROCESO!J84<>"",PROCESO!J84,IF(PROCESO!J85<>"",PROCESO!J85,IF(PROCESO!J86<>"",PROCESO!J86,IF(PROCESO!J87<>"",PROCESO!J87,"")))),3,99),IF(PROCESO!J84<>"",PROCESO!J84,IF(PROCESO!J85<>"",PROCESO!J85,IF(PROCESO!J86<>"",PROCESO!J86,IF(PROCESO!J87<>"",PROCESO!J87,""))))),"") -> ENVÍO Guía 3006 | M70: ="" | N70: =IF(IF(PROCESO!J84<>"",PROCESO!J84,IF(PROCESO!J85<>"",PROCESO!J85,IF(PROCESO!J86<>"",PROCESO!J86,IF(PROCESO!J87<>"",PROCESO!J87,""))))<>"",SUMIF(PROCESO!J84:J87,IF(PROCESO!J84<>"",PROCESO!J84,IF(PROCESO!J85<>"",PROCESO!J85,IF(PROCESO!J86<>"",PROCESO!J86,IF(PROCESO!J87<>"",PROCESO!J87,"")))),PROCESO!L84:L87),"") -> 3294 | O70: =IF(IF(PROCESO!J84<>"",PROCESO!J84,IF(PROCESO!J85<>"",PROCESO!J85,IF(PROCESO!J86<>"",PROCESO!J86,IF(PROCESO!J87<>"",PROCESO!J87,""))))<>"","G-"&IF(LEFT(IF(PROCESO!J84<>"",PROCESO!J84,IF(PROCESO!J85<>"",PROCESO!J85,IF(PROCESO!J86<>"",PROCESO!J86,IF(PROCESO!J87<>"",PROCESO!J87,"")))),2)="G-",MID(IF(PROCESO!J84<>"",PROCESO!J84,IF(PROCESO!J85<>"",PROCESO!J85,IF(PROCESO!J86<>"",PROCESO!J86,IF(PROCESO!J87<>"",PROCESO!J87,"")))),3,99),IF(PROCESO!J84<>"",PROCESO!J84,IF(PROCESO!J85<>"",PROCESO!J85,IF(PROCESO!J86<>"",PROCESO!J86,IF(PROCESO!J87<>"",PROCESO!J87,""))))),"") -> G-3006 | P70: =P69+N(M70)-N(N70) -> 2690
A71: =IFERROR(INDEX(K$6:K$201,MATCH(ROW()-5,J$6:J$201,0)),"") | B71: =IFERROR(INDEX(L$6:L$201,MATCH(ROW()-5,J$6:J$201,0)),"") | C71: =IFERROR(INDEX(M$6:M$201,MATCH(ROW()-5,J$6:J$201,0)),"") | D71: =IFERROR(INDEX(N$6:N$201,MATCH(ROW()-5,J$6:J$201,0)),"") | E71: =IFERROR(INDEX(O$6:O$201,MATCH(ROW()-5,J$6:J$201,0)),"") | F71: =IFERROR(INDEX(P$6:P$201,MATCH(ROW()-5,J$6:J$201,0)),"") | J71: =IF(OR(SUM(PROCESO!M84:M87)>0,SUM(PROCESO!N84:N87)>0),COUNT(J$6:J70)+1,"") -> 38 | K71: =IF(OR(SUM(PROCESO!M84:M87)>0,SUM(PROCESO!N84:N87)>0),PROCESO!A84&IF(COUNTIF(PROCESO!$A$6:A83,PROCESO!A84)>0," (Ped."&(COUNTIF(PROCESO!$A$6:A83,PROCESO!A84)+1)&")",""),"") -> MIE 22-07 | L71: =IF(OR(SUM(PROCESO!M84:M87)>0,SUM(PROCESO!N84:N87)>0),"REPROCESO (devolución)","") -> REPROCESO (devolución) | M71: =IF(OR(SUM(PROCESO!M84:M87)>0,SUM(PROCESO!N84:N87)>0),SUM(PROCESO!N84:N87),"") -> 162 | N71: ="" | O71: =IF(OR(SUM(PROCESO!M84:M87)>0,SUM(PROCESO!N84:N87)>0),IF(SUM(PROCESO!M84:M87)>0,SUM(PROCESO!M84:M87)&" jabas devueltas · merma "&TEXT((PROCESO!M84*15+PROCESO!M85*18+PROCESO!M86*17+PROCESO!M87*17)-SUM(PROCESO!N84:N87),"+#,##0;-#,##0;0")&" kg",""),"") -> 10 jabas devueltas · merma +6 kg | P71: =P70+N(M71)-N(N71) -> 2852
A72: =IFERROR(INDEX(K$6:K$201,MATCH(ROW()-5,J$6:J$201,0)),"") | B72: =IFERROR(INDEX(L$6:L$201,MATCH(ROW()-5,J$6:J$201,0)),"") | C72: =IFERROR(INDEX(M$6:M$201,MATCH(ROW()-5,J$6:J$201,0)),"") | D72: =IFERROR(INDEX(N$6:N$201,MATCH(ROW()-5,J$6:J$201,0)),"") | E72: =IFERROR(INDEX(O$6:O$201,MATCH(ROW()-5,J$6:J$201,0)),"") | F72: =IFERROR(INDEX(P$6:P$201,MATCH(ROW()-5,J$6:J$201,0)),"") | J72: =IF(PROCESO!D90>0,COUNT(J$6:J71)+1,"") -> 39 | K72: =IF(PROCESO!D90>0,PROCESO!A90&IF(COUNTIF(PROCESO!$A$6:A89,PROCESO!A90)>0," (Ped."&(COUNTIF(PROCESO!$A$6:A89,PROCESO!A90)+1)&")",""),"") -> MIE 22-07 (Ped.2) | L72: =IF(PROCESO!D90>0,"INGRESO (compra)","") -> INGRESO (compra) | M72: =IF(PROCESO!D90>0,PROCESO!D90,"") -> 3800 | N72: ="" | O72: =IF(PROCESO!D90>0,PROCESO!B90&" sacos x "&PROCESO!C90&" kg","") -> 40 sacos x 95 kg | P72: =P71+N(M72)-N(N72) -> 6652
A73: =IFERROR(INDEX(K$6:K$201,MATCH(ROW()-5,J$6:J$201,0)),"") | B73: =IFERROR(INDEX(L$6:L$201,MATCH(ROW()-5,J$6:J$201,0)),"") | C73: =IFERROR(INDEX(M$6:M$201,MATCH(ROW()-5,J$6:J$201,0)),"") | D73: =IFERROR(INDEX(N$6:N$201,MATCH(ROW()-5,J$6:J$201,0)),"") | E73: =IFERROR(INDEX(O$6:O$201,MATCH(ROW()-5,J$6:J$201,0)),"") | F73: =IFERROR(INDEX(P$6:P$201,MATCH(ROW()-5,J$6:J$201,0)),"") | J73: =IF(N(PROCESO!H94)>0,COUNT(J$6:J72)+1,"") -> 40 | K73: =IF(N(PROCESO!H94)>0,PROCESO!A90&IF(COUNTIF(PROCESO!$A$6:A89,PROCESO!A90)>0," (Ped."&(COUNTIF(PROCESO!$A$6:A89,PROCESO!A90)+1)&")",""),"") -> MIE 22-07 (Ped.2) | L73: =IF(N(PROCESO!H94)>0,"CHANCHO (proceso)","") -> CHANCHO (proceso) | M73: ="" | N73: =IF(N(PROCESO!H94)>0,N(PROCESO!H94),"") -> 617.5 | O73: =IF(N(PROCESO!H94)>0,PROCESO!G94&" sacos x 95 kg","") -> 6.5 sacos x 95 kg | P73: =P72+N(M73)-N(N73) -> 6034.5
A74: =IFERROR(INDEX(K$6:K$201,MATCH(ROW()-5,J$6:J$201,0)),"") | B74: =IFERROR(INDEX(L$6:L$201,MATCH(ROW()-5,J$6:J$201,0)),"") | C74: =IFERROR(INDEX(M$6:M$201,MATCH(ROW()-5,J$6:J$201,0)),"") | D74: =IFERROR(INDEX(N$6:N$201,MATCH(ROW()-5,J$6:J$201,0)),"") | E74: =IFERROR(INDEX(O$6:O$201,MATCH(ROW()-5,J$6:J$201,0)),"") | F74: =IFERROR(INDEX(P$6:P$201,MATCH(ROW()-5,J$6:J$201,0)),"") | J74: =IF(N(PROCESO!H95)>0,COUNT(J$6:J73)+1,"") | K74: =IF(N(PROCESO!H95)>0,PROCESO!A90&IF(COUNTIF(PROCESO!$A$6:A89,PROCESO!A90)>0," (Ped."&(COUNTIF(PROCESO!$A$6:A89,PROCESO!A90)+1)&")",""),"") | L74: =IF(N(PROCESO!H95)>0,"MALOGRADO","") | M74: ="" | N74: =IF(N(PROCESO!H95)>0,N(PROCESO!H95),"") | O74: ="" | P74: =P73+N(M74)-N(N74) -> 6034.5
A75: =IFERROR(INDEX(K$6:K$201,MATCH(ROW()-5,J$6:J$201,0)),"") | B75: =IFERROR(INDEX(L$6:L$201,MATCH(ROW()-5,J$6:J$201,0)),"") | C75: =IFERROR(INDEX(M$6:M$201,MATCH(ROW()-5,J$6:J$201,0)),"") | D75: =IFERROR(INDEX(N$6:N$201,MATCH(ROW()-5,J$6:J$201,0)),"") | E75: =IFERROR(INDEX(O$6:O$201,MATCH(ROW()-5,J$6:J$201,0)),"") | F75: =IFERROR(INDEX(P$6:P$201,MATCH(ROW()-5,J$6:J$201,0)),"") | J75: =IF(IF(PROCESO!J90<>"",PROCESO!J90,IF(PROCESO!J91<>"",PROCESO!J91,IF(PROCESO!J92<>"",PROCESO!J92,IF(PROCESO!J93<>"",PROCESO!J93,""))))<>"",COUNT(J$6:J74)+1,"") -> 41 | K75: =IF(IF(PROCESO!J90<>"",PROCESO!J90,IF(PROCESO!J91<>"",PROCESO!J91,IF(PROCESO!J92<>"",PROCESO!J92,IF(PROCESO!J93<>"",PROCESO!J93,""))))<>"",PROCESO!A90&IF(COUNTIF(PROCESO!$A$6:A89,PROCESO!A90)>0," (Ped."&(COUNTIF(PROCESO!$A$6:A89,PROCESO!A90)+1)&")",""),"") -> MIE 22-07 (Ped.2) | L75: =IF(IF(PROCESO!J90<>"",PROCESO!J90,IF(PROCESO!J91<>"",PROCESO!J91,IF(PROCESO!J92<>"",PROCESO!J92,IF(PROCESO!J93<>"",PROCESO!J93,""))))<>"","ENVÍO Guía "&IF(LEFT(IF(PROCESO!J90<>"",PROCESO!J90,IF(PROCESO!J91<>"",PROCESO!J91,IF(PROCESO!J92<>"",PROCESO!J92,IF(PROCESO!J93<>"",PROCESO!J93,"")))),2)="G-",MID(IF(PROCESO!J90<>"",PROCESO!J90,IF(PROCESO!J91<>"",PROCESO!J91,IF(PROCESO!J92<>"",PROCESO!J92,IF(PROCESO!J93<>"",PROCESO!J93,"")))),3,99),IF(PROCESO!J90<>"",PROCESO!J90,IF(PROCESO!J91<>"",PROCESO!J91,IF(PROCESO!J92<>"",PROCESO!J92,IF(PROCESO!J93<>"",PROCESO!J93,""))))),"") -> ENVÍO Guía 3008 | M75: ="" | N75: =IF(IF(PROCESO!J90<>"",PROCESO!J90,IF(PROCESO!J91<>"",PROCESO!J91,IF(PROCESO!J92<>"",PROCESO!J92,IF(PROCESO!J93<>"",PROCESO!J93,""))))<>"",SUMIF(PROCESO!J90:J93,IF(PROCESO!J90<>"",PROCESO!J90,IF(PROCESO!J91<>"",PROCESO!J91,IF(PROCESO!J92<>"",PROCESO!J92,IF(PROCESO!J93<>"",PROCESO!J93,"")))),PROCESO!L90:L93),"") -> 3413 | O75: =IF(IF(PROCESO!J90<>"",PROCESO!J90,IF(PROCESO!J91<>"",PROCESO!J91,IF(PROCESO!J92<>"",PROCESO!J92,IF(PROCESO!J93<>"",PROCESO!J93,""))))<>"","G-"&IF(LEFT(IF(PROCESO!J90<>"",PROCESO!J90,IF(PROCESO!J91<>"",PROCESO!J91,IF(PROCESO!J92<>"",PROCESO!J92,IF(PROCESO!J93<>"",PROCESO!J93,"")))),2)="G-",MID(IF(PROCESO!J90<>"",PROCESO!J90,IF(PROCESO!J91<>"",PROCESO!J91,IF(PROCESO!J92<>"",PROCESO!J92,IF(PROCESO!J93<>"",PROCESO!J93,"")))),3,99),IF(PROCESO!J90<>"",PROCESO!J90,IF(PROCESO!J91<>"",PROCESO!J91,IF(PROCESO!J92<>"",PROCESO!J92,IF(PROCESO!J93<>"",PROCESO!J93,""))))),"") -> G-3008 | P75: =P74+N(M75)-N(N75) -> 2621.5
A76: =IFERROR(INDEX(K$6:K$201,MATCH(ROW()-5,J$6:J$201,0)),"") | B76: =IFERROR(INDEX(L$6:L$201,MATCH(ROW()-5,J$6:J$201,0)),"") | C76: =IFERROR(INDEX(M$6:M$201,MATCH(ROW()-5,J$6:J$201,0)),"") | D76: =IFERROR(INDEX(N$6:N$201,MATCH(ROW()-5,J$6:J$201,0)),"") | E76: =IFERROR(INDEX(O$6:O$201,MATCH(ROW()-5,J$6:J$201,0)),"") | F76: =IFERROR(INDEX(P$6:P$201,MATCH(ROW()-5,J$6:J$201,0)),"") | J76: =IF(OR(SUM(PROCESO!M90:M93)>0,SUM(PROCESO!N90:N93)>0),COUNT(J$6:J75)+1,"") | K76: =IF(OR(SUM(PROCESO!M90:M93)>0,SUM(PROCESO!N90:N93)>0),PROCESO!A90&IF(COUNTIF(PROCESO!$A$6:A89,PROCESO!A90)>0," (Ped."&(COUNTIF(PROCESO!$A$6:A89,PROCESO!A90)+1)&")",""),"") | L76: =IF(OR(SUM(PROCESO!M90:M93)>0,SUM(PROCESO!N90:N93)>0),"REPROCESO (devolución)","") | M76: =IF(OR(SUM(PROCESO!M90:M93)>0,SUM(PROCESO!N90:N93)>0),SUM(PROCESO!N90:N93),"") | N76: ="" | O76: =IF(OR(SUM(PROCESO!M90:M93)>0,SUM(PROCESO!N90:N93)>0),IF(SUM(PROCESO!M90:M93)>0,SUM(PROCESO!M90:M93)&" jabas devueltas · merma "&TEXT((PROCESO!M90*15+PROCESO!M91*18+PROCESO!M92*17+PROCESO!M93*17)-SUM(PROCESO!N90:N93),"+#,##0;-#,##0;0")&" kg",""),"") | P76: =P75+N(M76)-N(N76) -> 2621.5
A77: =IFERROR(INDEX(K$6:K$201,MATCH(ROW()-5,J$6:J$201,0)),"") | B77: =IFERROR(INDEX(L$6:L$201,MATCH(ROW()-5,J$6:J$201,0)),"") | C77: =IFERROR(INDEX(M$6:M$201,MATCH(ROW()-5,J$6:J$201,0)),"") | D77: =IFERROR(INDEX(N$6:N$201,MATCH(ROW()-5,J$6:J$201,0)),"") | E77: =IFERROR(INDEX(O$6:O$201,MATCH(ROW()-5,J$6:J$201,0)),"") | F77: =IFERROR(INDEX(P$6:P$201,MATCH(ROW()-5,J$6:J$201,0)),"") | J77: =IF(PROCESO!D96>0,COUNT(J$6:J76)+1,"") -> 42 | K77: =IF(PROCESO!D96>0,PROCESO!A96&IF(COUNTIF(PROCESO!$A$6:A95,PROCESO!A96)>0," (Ped."&(COUNTIF(PROCESO!$A$6:A95,PROCESO!A96)+1)&")",""),"") -> JUE 24-7 | L77: =IF(PROCESO!D96>0,"INGRESO (compra)","") -> INGRESO (compra) | M77: =IF(PROCESO!D96>0,PROCESO!D96,"") -> 6650 | N77: ="" | O77: =IF(PROCESO!D96>0,PROCESO!B96&" sacos x "&PROCESO!C96&" kg","") -> 70 sacos x 95 kg | P77: =P76+N(M77)-N(N77) -> 9271.5
A78: =IFERROR(INDEX(K$6:K$201,MATCH(ROW()-5,J$6:J$201,0)),"") | B78: =IFERROR(INDEX(L$6:L$201,MATCH(ROW()-5,J$6:J$201,0)),"") | C78: =IFERROR(INDEX(M$6:M$201,MATCH(ROW()-5,J$6:J$201,0)),"") | D78: =IFERROR(INDEX(N$6:N$201,MATCH(ROW()-5,J$6:J$201,0)),"") | E78: =IFERROR(INDEX(O$6:O$201,MATCH(ROW()-5,J$6:J$201,0)),"") | F78: =IFERROR(INDEX(P$6:P$201,MATCH(ROW()-5,J$6:J$201,0)),"") | J78: =IF(N(PROCESO!H100)>0,COUNT(J$6:J77)+1,"") -> 43 | K78: =IF(N(PROCESO!H100)>0,PROCESO!A96&IF(COUNTIF(PROCESO!$A$6:A95,PROCESO!A96)>0," (Ped."&(COUNTIF(PROCESO!$A$6:A95,PROCESO!A96)+1)&")",""),"") -> JUE 24-7 | L78: =IF(N(PROCESO!H100)>0,"CHANCHO (proceso)","") -> CHANCHO (proceso) | M78: ="" | N78: =IF(N(PROCESO!H100)>0,N(PROCESO!H100),"") -> 570 | O78: =IF(N(PROCESO!H100)>0,PROCESO!G100&" sacos x 95 kg","") -> 6 sacos x 95 kg | P78: =P77+N(M78)-N(N78) -> 8701.5
A79: =IFERROR(INDEX(K$6:K$201,MATCH(ROW()-5,J$6:J$201,0)),"") | B79: =IFERROR(INDEX(L$6:L$201,MATCH(ROW()-5,J$6:J$201,0)),"") | C79: =IFERROR(INDEX(M$6:M$201,MATCH(ROW()-5,J$6:J$201,0)),"") | D79: =IFERROR(INDEX(N$6:N$201,MATCH(ROW()-5,J$6:J$201,0)),"") | E79: =IFERROR(INDEX(O$6:O$201,MATCH(ROW()-5,J$6:J$201,0)),"") | F79: =IFERROR(INDEX(P$6:P$201,MATCH(ROW()-5,J$6:J$201,0)),"") | J79: =IF(N(PROCESO!H101)>0,COUNT(J$6:J78)+1,"") | K79: =IF(N(PROCESO!H101)>0,PROCESO!A96&IF(COUNTIF(PROCESO!$A$6:A95,PROCESO!A96)>0," (Ped."&(COUNTIF(PROCESO!$A$6:A95,PROCESO!A96)+1)&")",""),"") | L79: =IF(N(PROCESO!H101)>0,"MALOGRADO","") | M79: ="" | N79: =IF(N(PROCESO!H101)>0,N(PROCESO!H101),"") | O79: ="" | P79: =P78+N(M79)-N(N79) -> 8701.5
A80: =IFERROR(INDEX(K$6:K$201,MATCH(ROW()-5,J$6:J$201,0)),"") | B80: =IFERROR(INDEX(L$6:L$201,MATCH(ROW()-5,J$6:J$201,0)),"") | C80: =IFERROR(INDEX(M$6:M$201,MATCH(ROW()-5,J$6:J$201,0)),"") | D80: =IFERROR(INDEX(N$6:N$201,MATCH(ROW()-5,J$6:J$201,0)),"") | E80: =IFERROR(INDEX(O$6:O$201,MATCH(ROW()-5,J$6:J$201,0)),"") | F80: =IFERROR(INDEX(P$6:P$201,MATCH(ROW()-5,J$6:J$201,0)),"") | J80: =IF(IF(PROCESO!J96<>"",PROCESO!J96,IF(PROCESO!J97<>"",PROCESO!J97,IF(PROCESO!J98<>"",PROCESO!J98,IF(PROCESO!J99<>"",PROCESO!J99,""))))<>"",COUNT(J$6:J79)+1,"") -> 44 | K80: =IF(IF(PROCESO!J96<>"",PROCESO!J96,IF(PROCESO!J97<>"",PROCESO!J97,IF(PROCESO!J98<>"",PROCESO!J98,IF(PROCESO!J99<>"",PROCESO!J99,""))))<>"",PROCESO!A96&IF(COUNTIF(PROCESO!$A$6:A95,PROCESO!A96)>0," (Ped."&(COUNTIF(PROCESO!$A$6:A95,PROCESO!A96)+1)&")",""),"") -> JUE 24-7 | L80: =IF(IF(PROCESO!J96<>"",PROCESO!J96,IF(PROCESO!J97<>"",PROCESO!J97,IF(PROCESO!J98<>"",PROCESO!J98,IF(PROCESO!J99<>"",PROCESO!J99,""))))<>"","ENVÍO Guía "&IF(LEFT(IF(PROCESO!J96<>"",PROCESO!J96,IF(PROCESO!J97<>"",PROCESO!J97,IF(PROCESO!J98<>"",PROCESO!J98,IF(PROCESO!J99<>"",PROCESO!J99,"")))),2)="G-",MID(IF(PROCESO!J96<>"",PROCESO!J96,IF(PROCESO!J97<>"",PROCESO!J97,IF(PROCESO!J98<>"",PROCESO!J98,IF(PROCESO!J99<>"",PROCESO!J99,"")))),3,99),IF(PROCESO!J96<>"",PROCESO!J96,IF(PROCESO!J97<>"",PROCESO!J97,IF(PROCESO!J98<>"",PROCESO!J98,IF(PROCESO!J99<>"",PROCESO!J99,""))))),"") -> ENVÍO Guía 3011 | M80: ="" | N80: =IF(IF(PROCESO!J96<>"",PROCESO!J96,IF(PROCESO!J97<>"",PROCESO!J97,IF(PROCESO!J98<>"",PROCESO!J98,IF(PROCESO!J99<>"",PROCESO!J99,""))))<>"",SUMIF(PROCESO!J96:J99,IF(PROCESO!J96<>"",PROCESO!J96,IF(PROCESO!J97<>"",PROCESO!J97,IF(PROCESO!J98<>"",PROCESO!J98,IF(PROCESO!J99<>"",PROCESO!J99,"")))),PROCESO!L96:L99),"") -> 3413 | O80: =IF(IF(PROCESO!J96<>"",PROCESO!J96,IF(PROCESO!J97<>"",PROCESO!J97,IF(PROCESO!J98<>"",PROCESO!J98,IF(PROCESO!J99<>"",PROCESO!J99,""))))<>"","G-"&IF(LEFT(IF(PROCESO!J96<>"",PROCESO!J96,IF(PROCESO!J97<>"",PROCESO!J97,IF(PROCESO!J98<>"",PROCESO!J98,IF(PROCESO!J99<>"",PROCESO!J99,"")))),2)="G-",MID(IF(PROCESO!J96<>"",PROCESO!J96,IF(PROCESO!J97<>"",PROCESO!J97,IF(PROCESO!J98<>"",PROCESO!J98,IF(PROCESO!J99<>"",PROCESO!J99,"")))),3,99),IF(PROCESO!J96<>"",PROCESO!J96,IF(PROCESO!J97<>"",PROCESO!J97,IF(PROCESO!J98<>"",PROCESO!J98,IF(PROCESO!J99<>"",PROCESO!J99,""))))),"") -> G-3011 | P80: =P79+N(M80)-N(N80) -> 5288.5
A81: =IFERROR(INDEX(K$6:K$201,MATCH(ROW()-5,J$6:J$201,0)),"") | B81: =IFERROR(INDEX(L$6:L$201,MATCH(ROW()-5,J$6:J$201,0)),"") | C81: =IFERROR(INDEX(M$6:M$201,MATCH(ROW()-5,J$6:J$201,0)),"") | D81: =IFERROR(INDEX(N$6:N$201,MATCH(ROW()-5,J$6:J$201,0)),"") | E81: =IFERROR(INDEX(O$6:O$201,MATCH(ROW()-5,J$6:J$201,0)),"") | F81: =IFERROR(INDEX(P$6:P$201,MATCH(ROW()-5,J$6:J$201,0)),"") | J81: =IF(OR(SUM(PROCESO!M96:M99)>0,SUM(PROCESO!N96:N99)>0),COUNT(J$6:J80)+1,"") | K81: =IF(OR(SUM(PROCESO!M96:M99)>0,SUM(PROCESO!N96:N99)>0),PROCESO!A96&IF(COUNTIF(PROCESO!$A$6:A95,PROCESO!A96)>0," (Ped."&(COUNTIF(PROCESO!$A$6:A95,PROCESO!A96)+1)&")",""),"") | L81: =IF(OR(SUM(PROCESO!M96:M99)>0,SUM(PROCESO!N96:N99)>0),"REPROCESO (devolución)","") | M81: =IF(OR(SUM(PROCESO!M96:M99)>0,SUM(PROCESO!N96:N99)>0),SUM(PROCESO!N96:N99),"") | N81: ="" | O81: =IF(OR(SUM(PROCESO!M96:M99)>0,SUM(PROCESO!N96:N99)>0),IF(SUM(PROCESO!M96:M99)>0,SUM(PROCESO!M96:M99)&" jabas devueltas · merma "&TEXT((PROCESO!M96*15+PROCESO!M97*18+PROCESO!M98*17+PROCESO!M99*17)-SUM(PROCESO!N96:N99),"+#,##0;-#,##0;0")&" kg",""),"") | P81: =P80+N(M81)-N(N81) -> 5288.5
A82: =IFERROR(INDEX(K$6:K$201,MATCH(ROW()-5,J$6:J$201,0)),"") | B82: =IFERROR(INDEX(L$6:L$201,MATCH(ROW()-5,J$6:J$201,0)),"") | C82: =IFERROR(INDEX(M$6:M$201,MATCH(ROW()-5,J$6:J$201,0)),"") | D82: =IFERROR(INDEX(N$6:N$201,MATCH(ROW()-5,J$6:J$201,0)),"") | E82: =IFERROR(INDEX(O$6:O$201,MATCH(ROW()-5,J$6:J$201,0)),"") | F82: =IFERROR(INDEX(P$6:P$201,MATCH(ROW()-5,J$6:J$201,0)),"") | J82: =IF(PROCESO!D102>0,COUNT(J$6:J81)+1,"") | K82: =IF(PROCESO!D102>0,PROCESO!A102&IF(COUNTIF(PROCESO!$A$6:A101,PROCESO!A102)>0," (Ped."&(COUNTIF(PROCESO!$A$6:A101,PROCESO!A102)+1)&")",""),"") | L82: =IF(PROCESO!D102>0,"INGRESO (compra)","") | M82: =IF(PROCESO!D102>0,PROCESO!D102,"") | N82: ="" | O82: =IF(PROCESO!D102>0,PROCESO!B102&" sacos x "&PROCESO!C102&" kg","") | P82: =P81+N(M82)-N(N82) -> 5288.5
A83: =IFERROR(INDEX(K$6:K$201,MATCH(ROW()-5,J$6:J$201,0)),"") | B83: =IFERROR(INDEX(L$6:L$201,MATCH(ROW()-5,J$6:J$201,0)),"") | C83: =IFERROR(INDEX(M$6:M$201,MATCH(ROW()-5,J$6:J$201,0)),"") | D83: =IFERROR(INDEX(N$6:N$201,MATCH(ROW()-5,J$6:J$201,0)),"") | E83: =IFERROR(INDEX(O$6:O$201,MATCH(ROW()-5,J$6:J$201,0)),"") | F83: =IFERROR(INDEX(P$6:P$201,MATCH(ROW()-5,J$6:J$201,0)),"") | J83: =IF(N(PROCESO!H106)>0,COUNT(J$6:J82)+1,"") | K83: =IF(N(PROCESO!H106)>0,PROCESO!A102&IF(COUNTIF(PROCESO!$A$6:A101,PROCESO!A102)>0," (Ped."&(COUNTIF(PROCESO!$A$6:A101,PROCESO!A102)+1)&")",""),"") | L83: =IF(N(PROCESO!H106)>0,"CHANCHO (proceso)","") | M83: ="" | N83: =IF(N(PROCESO!H106)>0,N(PROCESO!H106),"") | O83: =IF(N(PROCESO!H106)>0,PROCESO!G106&" sacos x 95 kg","") | P83: =P82+N(M83)-N(N83) -> 5288.5
A84: =IFERROR(INDEX(K$6:K$201,MATCH(ROW()-5,J$6:J$201,0)),"") | B84: =IFERROR(INDEX(L$6:L$201,MATCH(ROW()-5,J$6:J$201,0)),"") | C84: =IFERROR(INDEX(M$6:M$201,MATCH(ROW()-5,J$6:J$201,0)),"") | D84: =IFERROR(INDEX(N$6:N$201,MATCH(ROW()-5,J$6:J$201,0)),"") | E84: =IFERROR(INDEX(O$6:O$201,MATCH(ROW()-5,J$6:J$201,0)),"") | F84: =IFERROR(INDEX(P$6:P$201,MATCH(ROW()-5,J$6:J$201,0)),"") | J84: =IF(N(PROCESO!H107)>0,COUNT(J$6:J83)+1,"") | K84: =IF(N(PROCESO!H107)>0,PROCESO!A102&IF(COUNTIF(PROCESO!$A$6:A101,PROCESO!A102)>0," (Ped."&(COUNTIF(PROCESO!$A$6:A101,PROCESO!A102)+1)&")",""),"") | L84: =IF(N(PROCESO!H107)>0,"MALOGRADO","") | M84: ="" | N84: =IF(N(PROCESO!H107)>0,N(PROCESO!H107),"") | O84: ="" | P84: =P83+N(M84)-N(N84) -> 5288.5
A85: =IFERROR(INDEX(K$6:K$201,MATCH(ROW()-5,J$6:J$201,0)),"") | B85: =IFERROR(INDEX(L$6:L$201,MATCH(ROW()-5,J$6:J$201,0)),"") | C85: =IFERROR(INDEX(M$6:M$201,MATCH(ROW()-5,J$6:J$201,0)),"") | D85: =IFERROR(INDEX(N$6:N$201,MATCH(ROW()-5,J$6:J$201,0)),"") | E85: =IFERROR(INDEX(O$6:O$201,MATCH(ROW()-5,J$6:J$201,0)),"") | F85: =IFERROR(INDEX(P$6:P$201,MATCH(ROW()-5,J$6:J$201,0)),"") | J85: =IF(IF(PROCESO!J102<>"",PROCESO!J102,IF(PROCESO!J103<>"",PROCESO!J103,IF(PROCESO!J104<>"",PROCESO!J104,IF(PROCESO!J105<>"",PROCESO!J105,""))))<>"",COUNT(J$6:J84)+1,"") | K85: =IF(IF(PROCESO!J102<>"",PROCESO!J102,IF(PROCESO!J103<>"",PROCESO!J103,IF(PROCESO!J104<>"",PROCESO!J104,IF(PROCESO!J105<>"",PROCESO!J105,""))))<>"",PROCESO!A102&IF(COUNTIF(PROCESO!$A$6:A101,PROCESO!A102)>0," (Ped."&(COUNTIF(PROCESO!$A$6:A101,PROCESO!A102)+1)&")",""),"") | L85: =IF(IF(PROCESO!J102<>"",PROCESO!J102,IF(PROCESO!J103<>"",PROCESO!J103,IF(PROCESO!J104<>"",PROCESO!J104,IF(PROCESO!J105<>"",PROCESO!J105,""))))<>"","ENVÍO Guía "&IF(LEFT(IF(PROCESO!J102<>"",PROCESO!J102,IF(PROCESO!J103<>"",PROCESO!J103,IF(PROCESO!J104<>"",PROCESO!J104,IF(PROCESO!J105<>"",PROCESO!J105,"")))),2)="G-",MID(IF(PROCESO!J102<>"",PROCESO!J102,IF(PROCESO!J103<>"",PROCESO!J103,IF(PROCESO!J104<>"",PROCESO!J104,IF(PROCESO!J105<>"",PROCESO!J105,"")))),3,99),IF(PROCESO!J102<>"",PROCESO!J102,IF(PROCESO!J103<>"",PROCESO!J103,IF(PROCESO!J104<>"",PROCESO!J104,IF(PROCESO!J105<>"",PROCESO!J105,""))))),"") | M85: ="" | N85: =IF(IF(PROCESO!J102<>"",PROCESO!J102,IF(PROCESO!J103<>"",PROCESO!J103,IF(PROCESO!J104<>"",PROCESO!J104,IF(PROCESO!J105<>"",PROCESO!J105,""))))<>"",SUMIF(PROCESO!J102:J105,IF(PROCESO!J102<>"",PROCESO!J102,IF(PROCESO!J103<>"",PROCESO!J103,IF(PROCESO!J104<>"",PROCESO!J104,IF(PROCESO!J105<>"",PROCESO!J105,"")))),PROCESO!L102:L105),"") | O85: =IF(IF(PROCESO!J102<>"",PROCESO!J102,IF(PROCESO!J103<>"",PROCESO!J103,IF(PROCESO!J104<>"",PROCESO!J104,IF(PROCESO!J105<>"",PROCESO!J105,""))))<>"","G-"&IF(LEFT(IF(PROCESO!J102<>"",PROCESO!J102,IF(PROCESO!J103<>"",PROCESO!J103,IF(PROCESO!J104<>"",PROCESO!J104,IF(PROCESO!J105<>"",PROCESO!J105,"")))),2)="G-",MID(IF(PROCESO!J102<>"",PROCESO!J102,IF(PROCESO!J103<>"",PROCESO!J103,IF(PROCESO!J104<>"",PROCESO!J104,IF(PROCESO!J105<>"",PROCESO!J105,"")))),3,99),IF(PROCESO!J102<>"",PROCESO!J102,IF(PROCESO!J103<>"",PROCESO!J103,IF(PROCESO!J104<>"",PROCESO!J104,IF(PROCESO!J105<>"",PROCESO!J105,""))))),"") | P85: =P84+N(M85)-N(N85) -> 5288.5
A86: =IFERROR(INDEX(K$6:K$201,MATCH(ROW()-5,J$6:J$201,0)),"") | B86: =IFERROR(INDEX(L$6:L$201,MATCH(ROW()-5,J$6:J$201,0)),"") | C86: =IFERROR(INDEX(M$6:M$201,MATCH(ROW()-5,J$6:J$201,0)),"") | D86: =IFERROR(INDEX(N$6:N$201,MATCH(ROW()-5,J$6:J$201,0)),"") | E86: =IFERROR(INDEX(O$6:O$201,MATCH(ROW()-5,J$6:J$201,0)),"") | F86: =IFERROR(INDEX(P$6:P$201,MATCH(ROW()-5,J$6:J$201,0)),"") | J86: =IF(OR(SUM(PROCESO!M102:M105)>0,SUM(PROCESO!N102:N105)>0),COUNT(J$6:J85)+1,"") | K86: =IF(OR(SUM(PROCESO!M102:M105)>0,SUM(PROCESO!N102:N105)>0),PROCESO!A102&IF(COUNTIF(PROCESO!$A$6:A101,PROCESO!A102)>0," (Ped."&(COUNTIF(PROCESO!$A$6:A101,PROCESO!A102)+1)&")",""),"") | L86: =IF(OR(SUM(PROCESO!M102:M105)>0,SUM(PROCESO!N102:N105)>0),"REPROCESO (devolución)","") | M86: =IF(OR(SUM(PROCESO!M102:M105)>0,SUM(PROCESO!N102:N105)>0),SUM(PROCESO!N102:N105),"") | N86: ="" | O86: =IF(OR(SUM(PROCESO!M102:M105)>0,SUM(PROCESO!N102:N105)>0),IF(SUM(PROCESO!M102:M105)>0,SUM(PROCESO!M102:M105)&" jabas devueltas · merma "&TEXT((PROCESO!M102*15+PROCESO!M103*18+PROCESO!M104*17+PROCESO!M105*17)-SUM(PROCESO!N102:N105),"+#,##0;-#,##0;0")&" kg",""),"") | P86: =P85+N(M86)-N(N86) -> 5288.5
A87: =IFERROR(INDEX(K$6:K$201,MATCH(ROW()-5,J$6:J$201,0)),"") | B87: =IFERROR(INDEX(L$6:L$201,MATCH(ROW()-5,J$6:J$201,0)),"") | C87: =IFERROR(INDEX(M$6:M$201,MATCH(ROW()-5,J$6:J$201,0)),"") | D87: =IFERROR(INDEX(N$6:N$201,MATCH(ROW()-5,J$6:J$201,0)),"") | E87: =IFERROR(INDEX(O$6:O$201,MATCH(ROW()-5,J$6:J$201,0)),"") | F87: =IFERROR(INDEX(P$6:P$201,MATCH(ROW()-5,J$6:J$201,0)),"") | J87: =IF(PROCESO!D108>0,COUNT(J$6:J86)+1,"") | K87: =IF(PROCESO!D108>0,PROCESO!A108&IF(COUNTIF(PROCESO!$A$6:A107,PROCESO!A108)>0," (Ped."&(COUNTIF(PROCESO!$A$6:A107,PROCESO!A108)+1)&")",""),"") | L87: =IF(PROCESO!D108>0,"INGRESO (compra)","") | M87: =IF(PROCESO!D108>0,PROCESO!D108,"") | N87: ="" | O87: =IF(PROCESO!D108>0,PROCESO!B108&" sacos x "&PROCESO!C108&" kg","") | P87: =P86+N(M87)-N(N87) -> 5288.5
A88: =IFERROR(INDEX(K$6:K$201,MATCH(ROW()-5,J$6:J$201,0)),"") | B88: =IFERROR(INDEX(L$6:L$201,MATCH(ROW()-5,J$6:J$201,0)),"") | C88: =IFERROR(INDEX(M$6:M$201,MATCH(ROW()-5,J$6:J$201,0)),"") | D88: =IFERROR(INDEX(N$6:N$201,MATCH(ROW()-5,J$6:J$201,0)),"") | E88: =IFERROR(INDEX(O$6:O$201,MATCH(ROW()-5,J$6:J$201,0)),"") | F88: =IFERROR(INDEX(P$6:P$201,MATCH(ROW()-5,J$6:J$201,0)),"") | J88: =IF(N(PROCESO!H112)>0,COUNT(J$6:J87)+1,"") | K88: =IF(N(PROCESO!H112)>0,PROCESO!A108&IF(COUNTIF(PROCESO!$A$6:A107,PROCESO!A108)>0," (Ped."&(COUNTIF(PROCESO!$A$6:A107,PROCESO!A108)+1)&")",""),"") | L88: =IF(N(PROCESO!H112)>0,"CHANCHO (proceso)","") | M88: ="" | N88: =IF(N(PROCESO!H112)>0,N(PROCESO!H112),"") | O88: =IF(N(PROCESO!H112)>0,PROCESO!G112&" sacos x 95 kg","") | P88: =P87+N(M88)-N(N88) -> 5288.5
A89: =IFERROR(INDEX(K$6:K$201,MATCH(ROW()-5,J$6:J$201,0)),"") | B89: =IFERROR(INDEX(L$6:L$201,MATCH(ROW()-5,J$6:J$201,0)),"") | C89: =IFERROR(INDEX(M$6:M$201,MATCH(ROW()-5,J$6:J$201,0)),"") | D89: =IFERROR(INDEX(N$6:N$201,MATCH(ROW()-5,J$6:J$201,0)),"") | E89: =IFERROR(INDEX(O$6:O$201,MATCH(ROW()-5,J$6:J$201,0)),"") | F89: =IFERROR(INDEX(P$6:P$201,MATCH(ROW()-5,J$6:J$201,0)),"") | J89: =IF(N(PROCESO!H113)>0,COUNT(J$6:J88)+1,"") | K89: =IF(N(PROCESO!H113)>0,PROCESO!A108&IF(COUNTIF(PROCESO!$A$6:A107,PROCESO!A108)>0," (Ped."&(COUNTIF(PROCESO!$A$6:A107,PROCESO!A108)+1)&")",""),"") | L89: =IF(N(PROCESO!H113)>0,"MALOGRADO","") | M89: ="" | N89: =IF(N(PROCESO!H113)>0,N(PROCESO!H113),"") | O89: ="" | P89: =P88+N(M89)-N(N89) -> 5288.5
A90: =IFERROR(INDEX(K$6:K$201,MATCH(ROW()-5,J$6:J$201,0)),"") | B90: =IFERROR(INDEX(L$6:L$201,MATCH(ROW()-5,J$6:J$201,0)),"") | C90: =IFERROR(INDEX(M$6:M$201,MATCH(ROW()-5,J$6:J$201,0)),"") | D90: =IFERROR(INDEX(N$6:N$201,MATCH(ROW()-5,J$6:J$201,0)),"") | E90: =IFERROR(INDEX(O$6:O$201,MATCH(ROW()-5,J$6:J$201,0)),"") | F90: =IFERROR(INDEX(P$6:P$201,MATCH(ROW()-5,J$6:J$201,0)),"") | J90: =IF(IF(PROCESO!J108<>"",PROCESO!J108,IF(PROCESO!J109<>"",PROCESO!J109,IF(PROCESO!J110<>"",PROCESO!J110,IF(PROCESO!J111<>"",PROCESO!J111,""))))<>"",COUNT(J$6:J89)+1,"") | K90: =IF(IF(PROCESO!J108<>"",PROCESO!J108,IF(PROCESO!J109<>"",PROCESO!J109,IF(PROCESO!J110<>"",PROCESO!J110,IF(PROCESO!J111<>"",PROCESO!J111,""))))<>"",PROCESO!A108&IF(COUNTIF(PROCESO!$A$6:A107,PROCESO!A108)>0," (Ped."&(COUNTIF(PROCESO!$A$6:A107,PROCESO!A108)+1)&")",""),"") | L90: =IF(IF(PROCESO!J108<>"",PROCESO!J108,IF(PROCESO!J109<>"",PROCESO!J109,IF(PROCESO!J110<>"",PROCESO!J110,IF(PROCESO!J111<>"",PROCESO!J111,""))))<>"","ENVÍO Guía "&IF(LEFT(IF(PROCESO!J108<>"",PROCESO!J108,IF(PROCESO!J109<>"",PROCESO!J109,IF(PROCESO!J110<>"",PROCESO!J110,IF(PROCESO!J111<>"",PROCESO!J111,"")))),2)="G-",MID(IF(PROCESO!J108<>"",PROCESO!J108,IF(PROCESO!J109<>"",PROCESO!J109,IF(PROCESO!J110<>"",PROCESO!J110,IF(PROCESO!J111<>"",PROCESO!J111,"")))),3,99),IF(PROCESO!J108<>"",PROCESO!J108,IF(PROCESO!J109<>"",PROCESO!J109,IF(PROCESO!J110<>"",PROCESO!J110,IF(PROCESO!J111<>"",PROCESO!J111,""))))),"") | M90: ="" | N90: =IF(IF(PROCESO!J108<>"",PROCESO!J108,IF(PROCESO!J109<>"",PROCESO!J109,IF(PROCESO!J110<>"",PROCESO!J110,IF(PROCESO!J111<>"",PROCESO!J111,""))))<>"",SUMIF(PROCESO!J108:J111,IF(PROCESO!J108<>"",PROCESO!J108,IF(PROCESO!J109<>"",PROCESO!J109,IF(PROCESO!J110<>"",PROCESO!J110,IF(PROCESO!J111<>"",PROCESO!J111,"")))),PROCESO!L108:L111),"") | O90: =IF(IF(PROCESO!J108<>"",PROCESO!J108,IF(PROCESO!J109<>"",PROCESO!J109,IF(PROCESO!J110<>"",PROCESO!J110,IF(PROCESO!J111<>"",PROCESO!J111,""))))<>"","G-"&IF(LEFT(IF(PROCESO!J108<>"",PROCESO!J108,IF(PROCESO!J109<>"",PROCESO!J109,IF(PROCESO!J110<>"",PROCESO!J110,IF(PROCESO!J111<>"",PROCESO!J111,"")))),2)="G-",MID(IF(PROCESO!J108<>"",PROCESO!J108,IF(PROCESO!J109<>"",PROCESO!J109,IF(PROCESO!J110<>"",PROCESO!J110,IF(PROCESO!J111<>"",PROCESO!J111,"")))),3,99),IF(PROCESO!J108<>"",PROCESO!J108,IF(PROCESO!J109<>"",PROCESO!J109,IF(PROCESO!J110<>"",PROCESO!J110,IF(PROCESO!J111<>"",PROCESO!J111,""))))),"") | P90: =P89+N(M90)-N(N90) -> 5288.5
A91: =IFERROR(INDEX(K$6:K$201,MATCH(ROW()-5,J$6:J$201,0)),"") | B91: =IFERROR(INDEX(L$6:L$201,MATCH(ROW()-5,J$6:J$201,0)),"") | C91: =IFERROR(INDEX(M$6:M$201,MATCH(ROW()-5,J$6:J$201,0)),"") | D91: =IFERROR(INDEX(N$6:N$201,MATCH(ROW()-5,J$6:J$201,0)),"") | E91: =IFERROR(INDEX(O$6:O$201,MATCH(ROW()-5,J$6:J$201,0)),"") | F91: =IFERROR(INDEX(P$6:P$201,MATCH(ROW()-5,J$6:J$201,0)),"") | J91: =IF(OR(SUM(PROCESO!M108:M111)>0,SUM(PROCESO!N108:N111)>0),COUNT(J$6:J90)+1,"") | K91: =IF(OR(SUM(PROCESO!M108:M111)>0,SUM(PROCESO!N108:N111)>0),PROCESO!A108&IF(COUNTIF(PROCESO!$A$6:A107,PROCESO!A108)>0," (Ped."&(COUNTIF(PROCESO!$A$6:A107,PROCESO!A108)+1)&")",""),"") | L91: =IF(OR(SUM(PROCESO!M108:M111)>0,SUM(PROCESO!N108:N111)>0),"REPROCESO (devolución)","") | M91: =IF(OR(SUM(PROCESO!M108:M111)>0,SUM(PROCESO!N108:N111)>0),SUM(PROCESO!N108:N111),"") | N91: ="" | O91: =IF(OR(SUM(PROCESO!M108:M111)>0,SUM(PROCESO!N108:N111)>0),IF(SUM(PROCESO!M108:M111)>0,SUM(PROCESO!M108:M111)&" jabas devueltas · merma "&TEXT((PROCESO!M108*15+PROCESO!M109*18+PROCESO!M110*17+PROCESO!M111*17)-SUM(PROCESO!N108:N111),"+#,##0;-#,##0;0")&" kg",""),"") | P91: =P90+N(M91)-N(N91) -> 5288.5
A92: =IFERROR(INDEX(K$6:K$201,MATCH(ROW()-5,J$6:J$201,0)),"") | B92: =IFERROR(INDEX(L$6:L$201,MATCH(ROW()-5,J$6:J$201,0)),"") | C92: =IFERROR(INDEX(M$6:M$201,MATCH(ROW()-5,J$6:J$201,0)),"") | D92: =IFERROR(INDEX(N$6:N$201,MATCH(ROW()-5,J$6:J$201,0)),"") | E92: =IFERROR(INDEX(O$6:O$201,MATCH(ROW()-5,J$6:J$201,0)),"") | F92: =IFERROR(INDEX(P$6:P$201,MATCH(ROW()-5,J$6:J$201,0)),"") | J92: =IF(PROCESO!D114>0,COUNT(J$6:J91)+1,"") | K92: =IF(PROCESO!D114>0,PROCESO!A114&IF(COUNTIF(PROCESO!$A$6:A113,PROCESO!A114)>0," (Ped."&(COUNTIF(PROCESO!$A$6:A113,PROCESO!A114)+1)&")",""),"") | L92: =IF(PROCESO!D114>0,"INGRESO (compra)","") | M92: =IF(PROCESO!D114>0,PROCESO!D114,"") | N92: ="" | O92: =IF(PROCESO!D114>0,PROCESO!B114&" sacos x "&PROCESO!C114&" kg","") | P92: =P91+N(M92)-N(N92) -> 5288.5
A93: =IFERROR(INDEX(K$6:K$201,MATCH(ROW()-5,J$6:J$201,0)),"") | B93: =IFERROR(INDEX(L$6:L$201,MATCH(ROW()-5,J$6:J$201,0)),"") | C93: =IFERROR(INDEX(M$6:M$201,MATCH(ROW()-5,J$6:J$201,0)),"") | D93: =IFERROR(INDEX(N$6:N$201,MATCH(ROW()-5,J$6:J$201,0)),"") | E93: =IFERROR(INDEX(O$6:O$201,MATCH(ROW()-5,J$6:J$201,0)),"") | F93: =IFERROR(INDEX(P$6:P$201,MATCH(ROW()-5,J$6:J$201,0)),"") | J93: =IF(N(PROCESO!H118)>0,COUNT(J$6:J92)+1,"") | K93: =IF(N(PROCESO!H118)>0,PROCESO!A114&IF(COUNTIF(PROCESO!$A$6:A113,PROCESO!A114)>0," (Ped."&(COUNTIF(PROCESO!$A$6:A113,PROCESO!A114)+1)&")",""),"") | L93: =IF(N(PROCESO!H118)>0,"CHANCHO (proceso)","") | M93: ="" | N93: =IF(N(PROCESO!H118)>0,N(PROCESO!H118),"") | O93: =IF(N(PROCESO!H118)>0,PROCESO!G118&" sacos x 95 kg","") | P93: =P92+N(M93)-N(N93) -> 5288.5
A94: =IFERROR(INDEX(K$6:K$201,MATCH(ROW()-5,J$6:J$201,0)),"") | B94: =IFERROR(INDEX(L$6:L$201,MATCH(ROW()-5,J$6:J$201,0)),"") | C94: =IFERROR(INDEX(M$6:M$201,MATCH(ROW()-5,J$6:J$201,0)),"") | D94: =IFERROR(INDEX(N$6:N$201,MATCH(ROW()-5,J$6:J$201,0)),"") | E94: =IFERROR(INDEX(O$6:O$201,MATCH(ROW()-5,J$6:J$201,0)),"") | F94: =IFERROR(INDEX(P$6:P$201,MATCH(ROW()-5,J$6:J$201,0)),"") | J94: =IF(N(PROCESO!H119)>0,COUNT(J$6:J93)+1,"") | K94: =IF(N(PROCESO!H119)>0,PROCESO!A114&IF(COUNTIF(PROCESO!$A$6:A113,PROCESO!A114)>0," (Ped."&(COUNTIF(PROCESO!$A$6:A113,PROCESO!A114)+1)&")",""),"") | L94: =IF(N(PROCESO!H119)>0,"MALOGRADO","") | M94: ="" | N94: =IF(N(PROCESO!H119)>0,N(PROCESO!H119),"") | O94: ="" | P94: =P93+N(M94)-N(N94) -> 5288.5
A95: =IFERROR(INDEX(K$6:K$201,MATCH(ROW()-5,J$6:J$201,0)),"") | B95: =IFERROR(INDEX(L$6:L$201,MATCH(ROW()-5,J$6:J$201,0)),"") | C95: =IFERROR(INDEX(M$6:M$201,MATCH(ROW()-5,J$6:J$201,0)),"") | D95: =IFERROR(INDEX(N$6:N$201,MATCH(ROW()-5,J$6:J$201,0)),"") | E95: =IFERROR(INDEX(O$6:O$201,MATCH(ROW()-5,J$6:J$201,0)),"") | F95: =IFERROR(INDEX(P$6:P$201,MATCH(ROW()-5,J$6:J$201,0)),"") | J95: =IF(IF(PROCESO!J114<>"",PROCESO!J114,IF(PROCESO!J115<>"",PROCESO!J115,IF(PROCESO!J116<>"",PROCESO!J116,IF(PROCESO!J117<>"",PROCESO!J117,""))))<>"",COUNT(J$6:J94)+1,"") | K95: =IF(IF(PROCESO!J114<>"",PROCESO!J114,IF(PROCESO!J115<>"",PROCESO!J115,IF(PROCESO!J116<>"",PROCESO!J116,IF(PROCESO!J117<>"",PROCESO!J117,""))))<>"",PROCESO!A114&IF(COUNTIF(PROCESO!$A$6:A113,PROCESO!A114)>0," (Ped."&(COUNTIF(PROCESO!$A$6:A113,PROCESO!A114)+1)&")",""),"") | L95: =IF(IF(PROCESO!J114<>"",PROCESO!J114,IF(PROCESO!J115<>"",PROCESO!J115,IF(PROCESO!J116<>"",PROCESO!J116,IF(PROCESO!J117<>"",PROCESO!J117,""))))<>"","ENVÍO Guía "&IF(LEFT(IF(PROCESO!J114<>"",PROCESO!J114,IF(PROCESO!J115<>"",PROCESO!J115,IF(PROCESO!J116<>"",PROCESO!J116,IF(PROCESO!J117<>"",PROCESO!J117,"")))),2)="G-",MID(IF(PROCESO!J114<>"",PROCESO!J114,IF(PROCESO!J115<>"",PROCESO!J115,IF(PROCESO!J116<>"",PROCESO!J116,IF(PROCESO!J117<>"",PROCESO!J117,"")))),3,99),IF(PROCESO!J114<>"",PROCESO!J114,IF(PROCESO!J115<>"",PROCESO!J115,IF(PROCESO!J116<>"",PROCESO!J116,IF(PROCESO!J117<>"",PROCESO!J117,""))))),"") | M95: ="" | N95: =IF(IF(PROCESO!J114<>"",PROCESO!J114,IF(PROCESO!J115<>"",PROCESO!J115,IF(PROCESO!J116<>"",PROCESO!J116,IF(PROCESO!J117<>"",PROCESO!J117,""))))<>"",SUMIF(PROCESO!J114:J117,IF(PROCESO!J114<>"",PROCESO!J114,IF(PROCESO!J115<>"",PROCESO!J115,IF(PROCESO!J116<>"",PROCESO!J116,IF(PROCESO!J117<>"",PROCESO!J117,"")))),PROCESO!L114:L117),"") | O95: =IF(IF(PROCESO!J114<>"",PROCESO!J114,IF(PROCESO!J115<>"",PROCESO!J115,IF(PROCESO!J116<>"",PROCESO!J116,IF(PROCESO!J117<>"",PROCESO!J117,""))))<>"","G-"&IF(LEFT(IF(PROCESO!J114<>"",PROCESO!J114,IF(PROCESO!J115<>"",PROCESO!J115,IF(PROCESO!J116<>"",PROCESO!J116,IF(PROCESO!J117<>"",PROCESO!J117,"")))),2)="G-",MID(IF(PROCESO!J114<>"",PROCESO!J114,IF(PROCESO!J115<>"",PROCESO!J115,IF(PROCESO!J116<>"",PROCESO!J116,IF(PROCESO!J117<>"",PROCESO!J117,"")))),3,99),IF(PROCESO!J114<>"",PROCESO!J114,IF(PROCESO!J115<>"",PROCESO!J115,IF(PROCESO!J116<>"",PROCESO!J116,IF(PROCESO!J117<>"",PROCESO!J117,""))))),"") | P95: =P94+N(M95)-N(N95) -> 5288.5
A96: =IFERROR(INDEX(K$6:K$201,MATCH(ROW()-5,J$6:J$201,0)),"") | B96: =IFERROR(INDEX(L$6:L$201,MATCH(ROW()-5,J$6:J$201,0)),"") | C96: =IFERROR(INDEX(M$6:M$201,MATCH(ROW()-5,J$6:J$201,0)),"") | D96: =IFERROR(INDEX(N$6:N$201,MATCH(ROW()-5,J$6:J$201,0)),"") | E96: =IFERROR(INDEX(O$6:O$201,MATCH(ROW()-5,J$6:J$201,0)),"") | F96: =IFERROR(INDEX(P$6:P$201,MATCH(ROW()-5,J$6:J$201,0)),"") | J96: =IF(OR(SUM(PROCESO!M114:M117)>0,SUM(PROCESO!N114:N117)>0),COUNT(J$6:J95)+1,"") | K96: =IF(OR(SUM(PROCESO!M114:M117)>0,SUM(PROCESO!N114:N117)>0),PROCESO!A114&IF(COUNTIF(PROCESO!$A$6:A113,PROCESO!A114)>0," (Ped."&(COUNTIF(PROCESO!$A$6:A113,PROCESO!A114)+1)&")",""),"") | L96: =IF(OR(SUM(PROCESO!M114:M117)>0,SUM(PROCESO!N114:N117)>0),"REPROCESO (devolución)","") | M96: =IF(OR(SUM(PROCESO!M114:M117)>0,SUM(PROCESO!N114:N117)>0),SUM(PROCESO!N114:N117),"") | N96: ="" | O96: =IF(OR(SUM(PROCESO!M114:M117)>0,SUM(PROCESO!N114:N117)>0),IF(SUM(PROCESO!M114:M117)>0,SUM(PROCESO!M114:M117)&" jabas devueltas · merma "&TEXT((PROCESO!M114*15+PROCESO!M115*18+PROCESO!M116*17+PROCESO!M117*17)-SUM(PROCESO!N114:N117),"+#,##0;-#,##0;0")&" kg",""),"") | P96: =P95+N(M96)-N(N96) -> 5288.5
A97: =IFERROR(INDEX(K$6:K$201,MATCH(ROW()-5,J$6:J$201,0)),"") | B97: =IFERROR(INDEX(L$6:L$201,MATCH(ROW()-5,J$6:J$201,0)),"") | C97: =IFERROR(INDEX(M$6:M$201,MATCH(ROW()-5,J$6:J$201,0)),"") | D97: =IFERROR(INDEX(N$6:N$201,MATCH(ROW()-5,J$6:J$201,0)),"") | E97: =IFERROR(INDEX(O$6:O$201,MATCH(ROW()-5,J$6:J$201,0)),"") | F97: =IFERROR(INDEX(P$6:P$201,MATCH(ROW()-5,J$6:J$201,0)),"") | J97: =IF(PROCESO!D120>0,COUNT(J$6:J96)+1,"") | K97: =IF(PROCESO!D120>0,PROCESO!A120&IF(COUNTIF(PROCESO!$A$6:A119,PROCESO!A120)>0," (Ped."&(COUNTIF(PROCESO!$A$6:A119,PROCESO!A120)+1)&")",""),"") | L97: =IF(PROCESO!D120>0,"INGRESO (compra)","") | M97: =IF(PROCESO!D120>0,PROCESO!D120,"") | N97: ="" | O97: =IF(PROCESO!D120>0,PROCESO!B120&" sacos x "&PROCESO!C120&" kg","") | P97: =P96+N(M97)-N(N97) -> 5288.5
A98: =IFERROR(INDEX(K$6:K$201,MATCH(ROW()-5,J$6:J$201,0)),"") | B98: =IFERROR(INDEX(L$6:L$201,MATCH(ROW()-5,J$6:J$201,0)),"") | C98: =IFERROR(INDEX(M$6:M$201,MATCH(ROW()-5,J$6:J$201,0)),"") | D98: =IFERROR(INDEX(N$6:N$201,MATCH(ROW()-5,J$6:J$201,0)),"") | E98: =IFERROR(INDEX(O$6:O$201,MATCH(ROW()-5,J$6:J$201,0)),"") | F98: =IFERROR(INDEX(P$6:P$201,MATCH(ROW()-5,J$6:J$201,0)),"") | J98: =IF(N(PROCESO!H124)>0,COUNT(J$6:J97)+1,"") | K98: =IF(N(PROCESO!H124)>0,PROCESO!A120&IF(COUNTIF(PROCESO!$A$6:A119,PROCESO!A120)>0," (Ped."&(COUNTIF(PROCESO!$A$6:A119,PROCESO!A120)+1)&")",""),"") | L98: =IF(N(PROCESO!H124)>0,"CHANCHO (proceso)","") | M98: ="" | N98: =IF(N(PROCESO!H124)>0,N(PROCESO!H124),"") | O98: =IF(N(PROCESO!H124)>0,PROCESO!G124&" sacos x 95 kg","") | P98: =P97+N(M98)-N(N98) -> 5288.5
A99: =IFERROR(INDEX(K$6:K$201,MATCH(ROW()-5,J$6:J$201,0)),"") | B99: =IFERROR(INDEX(L$6:L$201,MATCH(ROW()-5,J$6:J$201,0)),"") | C99: =IFERROR(INDEX(M$6:M$201,MATCH(ROW()-5,J$6:J$201,0)),"") | D99: =IFERROR(INDEX(N$6:N$201,MATCH(ROW()-5,J$6:J$201,0)),"") | E99: =IFERROR(INDEX(O$6:O$201,MATCH(ROW()-5,J$6:J$201,0)),"") | F99: =IFERROR(INDEX(P$6:P$201,MATCH(ROW()-5,J$6:J$201,0)),"") | J99: =IF(N(PROCESO!H125)>0,COUNT(J$6:J98)+1,"") | K99: =IF(N(PROCESO!H125)>0,PROCESO!A120&IF(COUNTIF(PROCESO!$A$6:A119,PROCESO!A120)>0," (Ped."&(COUNTIF(PROCESO!$A$6:A119,PROCESO!A120)+1)&")",""),"") | L99: =IF(N(PROCESO!H125)>0,"MALOGRADO","") | M99: ="" | N99: =IF(N(PROCESO!H125)>0,N(PROCESO!H125),"") | O99: ="" | P99: =P98+N(M99)-N(N99) -> 5288.5
A100: =IFERROR(INDEX(K$6:K$201,MATCH(ROW()-5,J$6:J$201,0)),"") | B100: =IFERROR(INDEX(L$6:L$201,MATCH(ROW()-5,J$6:J$201,0)),"") | C100: =IFERROR(INDEX(M$6:M$201,MATCH(ROW()-5,J$6:J$201,0)),"") | D100: =IFERROR(INDEX(N$6:N$201,MATCH(ROW()-5,J$6:J$201,0)),"") | E100: =IFERROR(INDEX(O$6:O$201,MATCH(ROW()-5,J$6:J$201,0)),"") | F100: =IFERROR(INDEX(P$6:P$201,MATCH(ROW()-5,J$6:J$201,0)),"") | J100: =IF(IF(PROCESO!J120<>"",PROCESO!J120,IF(PROCESO!J121<>"",PROCESO!J121,IF(PROCESO!J122<>"",PROCESO!J122,IF(PROCESO!J123<>"",PROCESO!J123,""))))<>"",COUNT(J$6:J99)+1,"") | K100: =IF(IF(PROCESO!J120<>"",PROCESO!J120,IF(PROCESO!J121<>"",PROCESO!J121,IF(PROCESO!J122<>"",PROCESO!J122,IF(PROCESO!J123<>"",PROCESO!J123,""))))<>"",PROCESO!A120&IF(COUNTIF(PROCESO!$A$6:A119,PROCESO!A120)>0," (Ped."&(COUNTIF(PROCESO!$A$6:A119,PROCESO!A120)+1)&")",""),"") | L100: =IF(IF(PROCESO!J120<>"",PROCESO!J120,IF(PROCESO!J121<>"",PROCESO!J121,IF(PROCESO!J122<>"",PROCESO!J122,IF(PROCESO!J123<>"",PROCESO!J123,""))))<>"","ENVÍO Guía "&IF(LEFT(IF(PROCESO!J120<>"",PROCESO!J120,IF(PROCESO!J121<>"",PROCESO!J121,IF(PROCESO!J122<>"",PROCESO!J122,IF(PROCESO!J123<>"",PROCESO!J123,"")))),2)="G-",MID(IF(PROCESO!J120<>"",PROCESO!J120,IF(PROCESO!J121<>"",PROCESO!J121,IF(PROCESO!J122<>"",PROCESO!J122,IF(PROCESO!J123<>"",PROCESO!J123,"")))),3,99),IF(PROCESO!J120<>"",PROCESO!J120,IF(PROCESO!J121<>"",PROCESO!J121,IF(PROCESO!J122<>"",PROCESO!J122,IF(PROCESO!J123<>"",PROCESO!J123,""))))),"") | M100: ="" | N100: =IF(IF(PROCESO!J120<>"",PROCESO!J120,IF(PROCESO!J121<>"",PROCESO!J121,IF(PROCESO!J122<>"",PROCESO!J122,IF(PROCESO!J123<>"",PROCESO!J123,""))))<>"",SUMIF(PROCESO!J120:J123,IF(PROCESO!J120<>"",PROCESO!J120,IF(PROCESO!J121<>"",PROCESO!J121,IF(PROCESO!J122<>"",PROCESO!J122,IF(PROCESO!J123<>"",PROCESO!J123,"")))),PROCESO!L120:L123),"") | O100: =IF(IF(PROCESO!J120<>"",PROCESO!J120,IF(PROCESO!J121<>"",PROCESO!J121,IF(PROCESO!J122<>"",PROCESO!J122,IF(PROCESO!J123<>"",PROCESO!J123,""))))<>"","G-"&IF(LEFT(IF(PROCESO!J120<>"",PROCESO!J120,IF(PROCESO!J121<>"",PROCESO!J121,IF(PROCESO!J122<>"",PROCESO!J122,IF(PROCESO!J123<>"",PROCESO!J123,"")))),2)="G-",MID(IF(PROCESO!J120<>"",PROCESO!J120,IF(PROCESO!J121<>"",PROCESO!J121,IF(PROCESO!J122<>"",PROCESO!J122,IF(PROCESO!J123<>"",PROCESO!J123,"")))),3,99),IF(PROCESO!J120<>"",PROCESO!J120,IF(PROCESO!J121<>"",PROCESO!J121,IF(PROCESO!J122<>"",PROCESO!J122,IF(PROCESO!J123<>"",PROCESO!J123,""))))),"") | P100: =P99+N(M100)-N(N100) -> 5288.5
A101: =IFERROR(INDEX(K$6:K$201,MATCH(ROW()-5,J$6:J$201,0)),"") | B101: =IFERROR(INDEX(L$6:L$201,MATCH(ROW()-5,J$6:J$201,0)),"") | C101: =IFERROR(INDEX(M$6:M$201,MATCH(ROW()-5,J$6:J$201,0)),"") | D101: =IFERROR(INDEX(N$6:N$201,MATCH(ROW()-5,J$6:J$201,0)),"") | E101: =IFERROR(INDEX(O$6:O$201,MATCH(ROW()-5,J$6:J$201,0)),"") | F101: =IFERROR(INDEX(P$6:P$201,MATCH(ROW()-5,J$6:J$201,0)),"") | J101: =IF(OR(SUM(PROCESO!M120:M123)>0,SUM(PROCESO!N120:N123)>0),COUNT(J$6:J100)+1,"") | K101: =IF(OR(SUM(PROCESO!M120:M123)>0,SUM(PROCESO!N120:N123)>0),PROCESO!A120&IF(COUNTIF(PROCESO!$A$6:A119,PROCESO!A120)>0," (Ped."&(COUNTIF(PROCESO!$A$6:A119,PROCESO!A120)+1)&")",""),"") | L101: =IF(OR(SUM(PROCESO!M120:M123)>0,SUM(PROCESO!N120:N123)>0),"REPROCESO (devolución)","") | M101: =IF(OR(SUM(PROCESO!M120:M123)>0,SUM(PROCESO!N120:N123)>0),SUM(PROCESO!N120:N123),"") | N101: ="" | O101: =IF(OR(SUM(PROCESO!M120:M123)>0,SUM(PROCESO!N120:N123)>0),IF(SUM(PROCESO!M120:M123)>0,SUM(PROCESO!M120:M123)&" jabas devueltas · merma "&TEXT((PROCESO!M120*15+PROCESO!M121*18+PROCESO!M122*17+PROCESO!M123*17)-SUM(PROCESO!N120:N123),"+#,##0;-#,##0;0")&" kg",""),"") | P101: =P100+N(M101)-N(N101) -> 5288.5
...
