Workbook

Sheet MOVIMIENTOS
A1: AGRO PACAYALES · PLANTA CAMOTE 2026 | MOVIMIENTOS — registra aquí un evento por fila
A2: Única hoja que llenas: escribe la fecha como 24-7 (saldrá "vie 24-07" solita) + Tipo (lista) + Calidad + Unidad (jabas/sacos/kg) + Cantidad → los Kg salen solos. Si registras en kg (muestras, malogrado, reproceso, otras salidas) los Kg = Cantidad. Guía/ticket y nota al final. KARDEX, SALDO DIARIO y RESUMEN se arman solos.
A4: Fecha | B4: Tipo | C4: Calidad | D4: Unidad | E4: Cantidad | F4: Kg | G4: N° Guía / Ticket | H4: Observación
A5: 46214 | B5: SALDO INICIAL | C5: A | D5: jabas | E5: 8 | F5: =IF($B5="","",IF($D5="kg",N($E5),IF($D5="sacos",N($E5)*95,IF($D5="jabas",N($E5)*IFERROR(VLOOKUP($C5,LISTAS!$A$2:$B$12,2,0),0),"")))) -> 120 | H5: Saldo semana anterior | I5: =N($F5) -> 120
A6: 46214 | B6: SALDO INICIAL | C6: M | D6: jabas | E6: 7 | F6: =IF($B6="","",IF($D6="kg",N($E6),IF($D6="sacos",N($E6)*95,IF($D6="jabas",N($E6)*IFERROR(VLOOKUP($C6,LISTAS!$A$2:$B$12,2,0),0),"")))) -> 119 | H6: Saldo semana anterior | I6: =N($F6) -> 119
A7: 46214 | B7: SALDO INICIAL | C7: Chancho | D7: sacos | E7: 20 | F7: =IF($B7="","",IF($D7="kg",N($E7),IF($D7="sacos",N($E7)*95,IF($D7="jabas",N($E7)*IFERROR(VLOOKUP($C7,LISTAS!$A$2:$B$12,2,0),0),"")))) -> 1900 | H7: Saldo semana anterior | I7: =N($F7) -> 1900
A8: 46215 | B8: COMPRA | C8: — | D8: sacos | E8: 30 | F8: =IF($B8="","",IF($D8="kg",N($E8),IF($D8="sacos",N($E8)*95,IF($D8="jabas",N($E8)*IFERROR(VLOOKUP($C8,LISTAS!$A$2:$B$12,2,0),0),"")))) -> 2850 | H8: peso aprox 95 kg/saco | I8: =N($F8) -> 2850
A9: 46215 | B9: PROCESO | C9: A | D9: jabas | E9: 59 | F9: =IF($B9="","",IF($D9="kg",N($E9),IF($D9="sacos",N($E9)*95,IF($D9="jabas",N($E9)*IFERROR(VLOOKUP($C9,LISTAS!$A$2:$B$12,2,0),0),"")))) -> 885 | I9: =N($F9) -> 885
A10: 46215 | B10: PROCESO | C10: P | D10: jabas | E10: 11 | F10: =IF($B10="","",IF($D10="kg",N($E10),IF($D10="sacos",N($E10)*95,IF($D10="jabas",N($E10)*IFERROR(VLOOKUP($C10,LISTAS!$A$2:$B$12,2,0),0),"")))) -> 198 | I10: =N($F10) -> 198
A11: 46215 | B11: PROCESO | C11: C | D11: jabas | E11: 12 | F11: =IF($B11="","",IF($D11="kg",N($E11),IF($D11="sacos",N($E11)*95,IF($D11="jabas",N($E11)*IFERROR(VLOOKUP($C11,LISTAS!$A$2:$B$12,2,0),0),"")))) -> 204 | I11: =N($F11) -> 204
A12: 46215 | B12: PROCESO | C12: M | D12: jabas | E12: 64 | F12: =IF($B12="","",IF($D12="kg",N($E12),IF($D12="sacos",N($E12)*95,IF($D12="jabas",N($E12)*IFERROR(VLOOKUP($C12,LISTAS!$A$2:$B$12,2,0),0),"")))) -> 1088 | I12: =N($F12) -> 1088
A13: 46215 | B13: PROCESO | C13: Chancho | D13: sacos | E13: 6 | F13: =IF($B13="","",IF($D13="kg",N($E13),IF($D13="sacos",N($E13)*95,IF($D13="jabas",N($E13)*IFERROR(VLOOKUP($C13,LISTAS!$A$2:$B$12,2,0),0),"")))) -> 570 | I13: =N($F13) -> 570
A14: 46215 | B14: ENVÍO A SUPESA | C14: A | D14: jabas | E14: 67 | F14: =IF($B14="","",IF($D14="kg",N($E14),IF($D14="sacos",N($E14)*95,IF($D14="jabas",N($E14)*IFERROR(VLOOKUP($C14,LISTAS!$A$2:$B$12,2,0),0),"")))) -> 1005 | G14: 2977 | I14: =N($F14) -> 1005
A15: 46215 | B15: ENVÍO A SUPESA | C15: P | D15: jabas | E15: 11 | F15: =IF($B15="","",IF($D15="kg",N($E15),IF($D15="sacos",N($E15)*95,IF($D15="jabas",N($E15)*IFERROR(VLOOKUP($C15,LISTAS!$A$2:$B$12,2,0),0),"")))) -> 198 | G15: 2977 | I15: =N($F15) -> 198
A16: 46215 | B16: ENVÍO A SUPESA | C16: C | D16: jabas | E16: 12 | F16: =IF($B16="","",IF($D16="kg",N($E16),IF($D16="sacos",N($E16)*95,IF($D16="jabas",N($E16)*IFERROR(VLOOKUP($C16,LISTAS!$A$2:$B$12,2,0),0),"")))) -> 204 | G16: 2977 | I16: =N($F16) -> 204
A17: 46215 | B17: ENVÍO A SUPESA | C17: M | D17: jabas | E17: 42 | F17: =IF($B17="","",IF($D17="kg",N($E17),IF($D17="sacos",N($E17)*95,IF($D17="jabas",N($E17)*IFERROR(VLOOKUP($C17,LISTAS!$A$2:$B$12,2,0),0),"")))) -> 714 | G17: 2977 | I17: =N($F17) -> 714
A18: 46216 | B18: COMPRA | C18: — | D18: sacos | E18: 40 | F18: =IF($B18="","",IF($D18="kg",N($E18),IF($D18="sacos",N($E18)*95,IF($D18="jabas",N($E18)*IFERROR(VLOOKUP($C18,LISTAS!$A$2:$B$12,2,0),0),"")))) -> 3800 | H18: peso aprox 95 kg/saco | I18: =N($F18) -> 3800
A19: 46216 | B19: PROCESO | C19: A | D19: jabas | E19: 107 | F19: =IF($B19="","",IF($D19="kg",N($E19),IF($D19="sacos",N($E19)*95,IF($D19="jabas",N($E19)*IFERROR(VLOOKUP($C19,LISTAS!$A$2:$B$12,2,0),0),"")))) -> 1605 | I19: =N($F19) -> 1605
A20: 46216 | B20: PROCESO | C20: P | D20: jabas | E20: 11 | F20: =IF($B20="","",IF($D20="kg",N($E20),IF($D20="sacos",N($E20)*95,IF($D20="jabas",N($E20)*IFERROR(VLOOKUP($C20,LISTAS!$A$2:$B$12,2,0),0),"")))) -> 198 | I20: =N($F20) -> 198
A21: 46216 | B21: PROCESO | C21: C | D21: jabas | E21: 12 | F21: =IF($B21="","",IF($D21="kg",N($E21),IF($D21="sacos",N($E21)*95,IF($D21="jabas",N($E21)*IFERROR(VLOOKUP($C21,LISTAS!$A$2:$B$12,2,0),0),"")))) -> 204 | I21: =N($F21) -> 204
A22: 46216 | B22: PROCESO | C22: M | D22: jabas | E22: 110 | F22: =IF($B22="","",IF($D22="kg",N($E22),IF($D22="sacos",N($E22)*95,IF($D22="jabas",N($E22)*IFERROR(VLOOKUP($C22,LISTAS!$A$2:$B$12,2,0),0),"")))) -> 1870 | I22: =N($F22) -> 1870
A23: 46216 | B23: PROCESO | C23: Chancho | D23: sacos | E23: 2 | F23: =IF($B23="","",IF($D23="kg",N($E23),IF($D23="sacos",N($E23)*95,IF($D23="jabas",N($E23)*IFERROR(VLOOKUP($C23,LISTAS!$A$2:$B$12,2,0),0),"")))) -> 190 | I23: =N($F23) -> 190
A24: 46216 | B24: ENVÍO A SUPESA | C24: A | D24: jabas | E24: 67 | F24: =IF($B24="","",IF($D24="kg",N($E24),IF($D24="sacos",N($E24)*95,IF($D24="jabas",N($E24)*IFERROR(VLOOKUP($C24,LISTAS!$A$2:$B$12,2,0),0),"")))) -> 1005 | G24: 2980 | I24: =N($F24) -> 1005
A25: 46216 | B25: ENVÍO A SUPESA | C25: P | D25: jabas | E25: 11 | F25: =IF($B25="","",IF($D25="kg",N($E25),IF($D25="sacos",N($E25)*95,IF($D25="jabas",N($E25)*IFERROR(VLOOKUP($C25,LISTAS!$A$2:$B$12,2,0),0),"")))) -> 198 | G25: 2980 | I25: =N($F25) -> 198
A26: 46216 | B26: ENVÍO A SUPESA | C26: C | D26: jabas | E26: 12 | F26: =IF($B26="","",IF($D26="kg",N($E26),IF($D26="sacos",N($E26)*95,IF($D26="jabas",N($E26)*IFERROR(VLOOKUP($C26,LISTAS!$A$2:$B$12,2,0),0),"")))) -> 204 | G26: 2980 | I26: =N($F26) -> 204
A27: 46216 | B27: ENVÍO A SUPESA | C27: M | D27: jabas | E27: 97 | F27: =IF($B27="","",IF($D27="kg",N($E27),IF($D27="sacos",N($E27)*95,IF($D27="jabas",N($E27)*IFERROR(VLOOKUP($C27,LISTAS!$A$2:$B$12,2,0),0),"")))) -> 1649 | G27: 2980 | I27: =N($F27) -> 1649
A28: 46217 | B28: COMPRA | C28: — | D28: sacos | E28: 40 | F28: =IF($B28="","",IF($D28="kg",N($E28),IF($D28="sacos",N($E28)*95,IF($D28="jabas",N($E28)*IFERROR(VLOOKUP($C28,LISTAS!$A$2:$B$12,2,0),0),"")))) -> 3800 | H28: peso aprox 95 kg/saco | I28: =N($F28) -> 3800
A29: 46217 | B29: PROCESO | C29: A | D29: jabas | E29: 45 | F29: =IF($B29="","",IF($D29="kg",N($E29),IF($D29="sacos",N($E29)*95,IF($D29="jabas",N($E29)*IFERROR(VLOOKUP($C29,LISTAS!$A$2:$B$12,2,0),0),"")))) -> 675 | I29: =N($F29) -> 675
A30: 46217 | B30: PROCESO | C30: P | D30: jabas | E30: 11 | F30: =IF($B30="","",IF($D30="kg",N($E30),IF($D30="sacos",N($E30)*95,IF($D30="jabas",N($E30)*IFERROR(VLOOKUP($C30,LISTAS!$A$2:$B$12,2,0),0),"")))) -> 198 | I30: =N($F30) -> 198
A31: 46217 | B31: PROCESO | C31: C | D31: jabas | E31: 12 | F31: =IF($B31="","",IF($D31="kg",N($E31),IF($D31="sacos",N($E31)*95,IF($D31="jabas",N($E31)*IFERROR(VLOOKUP($C31,LISTAS!$A$2:$B$12,2,0),0),"")))) -> 204 | I31: =N($F31) -> 204
A32: 46217 | B32: PROCESO | C32: M | D32: jabas | E32: 121 | F32: =IF($B32="","",IF($D32="kg",N($E32),IF($D32="sacos",N($E32)*95,IF($D32="jabas",N($E32)*IFERROR(VLOOKUP($C32,LISTAS!$A$2:$B$12,2,0),0),"")))) -> 2057 | I32: =N($F32) -> 2057
A33: 46217 | B33: PROCESO | C33: Chancho | D33: sacos | E33: 7 | F33: =IF($B33="","",IF($D33="kg",N($E33),IF($D33="sacos",N($E33)*95,IF($D33="jabas",N($E33)*IFERROR(VLOOKUP($C33,LISTAS!$A$2:$B$12,2,0),0),"")))) -> 665 | I33: =N($F33) -> 665
A34: 46217 | B34: ENVÍO A SUPESA | C34: A | D34: jabas | E34: 67 | F34: =IF($B34="","",IF($D34="kg",N($E34),IF($D34="sacos",N($E34)*95,IF($D34="jabas",N($E34)*IFERROR(VLOOKUP($C34,LISTAS!$A$2:$B$12,2,0),0),"")))) -> 1005 | G34: 2984 | I34: =N($F34) -> 1005
A35: 46217 | B35: ENVÍO A SUPESA | C35: P | D35: jabas | E35: 11 | F35: =IF($B35="","",IF($D35="kg",N($E35),IF($D35="sacos",N($E35)*95,IF($D35="jabas",N($E35)*IFERROR(VLOOKUP($C35,LISTAS!$A$2:$B$12,2,0),0),"")))) -> 198 | G35: 2984 | I35: =N($F35) -> 198
A36: 46217 | B36: ENVÍO A SUPESA | C36: C | D36: jabas | E36: 12 | F36: =IF($B36="","",IF($D36="kg",N($E36),IF($D36="sacos",N($E36)*95,IF($D36="jabas",N($E36)*IFERROR(VLOOKUP($C36,LISTAS!$A$2:$B$12,2,0),0),"")))) -> 204 | G36: 2984 | I36: =N($F36) -> 204
A37: 46217 | B37: ENVÍO A SUPESA | C37: M | D37: jabas | E37: 116 | F37: =IF($B37="","",IF($D37="kg",N($E37),IF($D37="sacos",N($E37)*95,IF($D37="jabas",N($E37)*IFERROR(VLOOKUP($C37,LISTAS!$A$2:$B$12,2,0),0),"")))) -> 1972 | G37: 2984 | I37: =N($F37) -> 1972
A38: 46218 | B38: COMPRA | C38: — | D38: sacos | E38: 40 | F38: =IF($B38="","",IF($D38="kg",N($E38),IF($D38="sacos",N($E38)*95,IF($D38="jabas",N($E38)*IFERROR(VLOOKUP($C38,LISTAS!$A$2:$B$12,2,0),0),"")))) -> 3800 | H38: peso aprox 95 kg/saco | I38: =N($F38) -> 3800
A39: 46218 | B39: PROCESO | C39: A | D39: jabas | E39: 79 | F39: =IF($B39="","",IF($D39="kg",N($E39),IF($D39="sacos",N($E39)*95,IF($D39="jabas",N($E39)*IFERROR(VLOOKUP($C39,LISTAS!$A$2:$B$12,2,0),0),"")))) -> 1185 | I39: =N($F39) -> 1185
A40: 46218 | B40: PROCESO | C40: P | D40: jabas | E40: 22 | F40: =IF($B40="","",IF($D40="kg",N($E40),IF($D40="sacos",N($E40)*95,IF($D40="jabas",N($E40)*IFERROR(VLOOKUP($C40,LISTAS!$A$2:$B$12,2,0),0),"")))) -> 396 | I40: =N($F40) -> 396
A41: 46218 | B41: PROCESO | C41: C | D41: jabas | E41: 21 | F41: =IF($B41="","",IF($D41="kg",N($E41),IF($D41="sacos",N($E41)*95,IF($D41="jabas",N($E41)*IFERROR(VLOOKUP($C41,LISTAS!$A$2:$B$12,2,0),0),"")))) -> 357 | I41: =N($F41) -> 357
A42: 46218 | B42: PROCESO | C42: M | D42: jabas | E42: 83 | F42: =IF($B42="","",IF($D42="kg",N($E42),IF($D42="sacos",N($E42)*95,IF($D42="jabas",N($E42)*IFERROR(VLOOKUP($C42,LISTAS!$A$2:$B$12,2,0),0),"")))) -> 1411 | I42: =N($F42) -> 1411
A43: 46218 | B43: PROCESO | C43: Chancho | D43: sacos | E43: 5 | F43: =IF($B43="","",IF($D43="kg",N($E43),IF($D43="sacos",N($E43)*95,IF($D43="jabas",N($E43)*IFERROR(VLOOKUP($C43,LISTAS!$A$2:$B$12,2,0),0),"")))) -> 475 | I43: =N($F43) -> 475
A44: 46218 | B44: ENVÍO A SUPESA | C44: A | D44: jabas | E44: 67 | F44: =IF($B44="","",IF($D44="kg",N($E44),IF($D44="sacos",N($E44)*95,IF($D44="jabas",N($E44)*IFERROR(VLOOKUP($C44,LISTAS!$A$2:$B$12,2,0),0),"")))) -> 1005 | G44: 2986 | I44: =N($F44) -> 1005
A45: 46218 | B45: ENVÍO A SUPESA | C45: P | D45: jabas | E45: 11 | F45: =IF($B45="","",IF($D45="kg",N($E45),IF($D45="sacos",N($E45)*95,IF($D45="jabas",N($E45)*IFERROR(VLOOKUP($C45,LISTAS!$A$2:$B$12,2,0),0),"")))) -> 198 | G45: 2986 | I45: =N($F45) -> 198
A46: 46218 | B46: ENVÍO A SUPESA | C46: C | D46: jabas | E46: 9 | F46: =IF($B46="","",IF($D46="kg",N($E46),IF($D46="sacos",N($E46)*95,IF($D46="jabas",N($E46)*IFERROR(VLOOKUP($C46,LISTAS!$A$2:$B$12,2,0),0),"")))) -> 153 | G46: 2986 | I46: =N($F46) -> 153
A47: 46218 | B47: ENVÍO A SUPESA | C47: M | D47: jabas | E47: 95 | F47: =IF($B47="","",IF($D47="kg",N($E47),IF($D47="sacos",N($E47)*95,IF($D47="jabas",N($E47)*IFERROR(VLOOKUP($C47,LISTAS!$A$2:$B$12,2,0),0),"")))) -> 1615 | G47: 2986 | I47: =N($F47) -> 1615
A48: 46218 | B48: VENTA CHANCHO | C48: Chancho | D48: sacos | E48: 35 | F48: =IF($B48="","",IF($D48="kg",N($E48),IF($D48="sacos",N($E48)*95,IF($D48="jabas",N($E48)*IFERROR(VLOOKUP($C48,LISTAS!$A$2:$B$12,2,0),0),"")))) -> 3325 | G48: TCK002-724 | I48: =N($F48) -> 3325
A49: 46219 | B49: COMPRA | C49: — | D49: sacos | E49: 40 | F49: =IF($B49="","",IF($D49="kg",N($E49),IF($D49="sacos",N($E49)*95,IF($D49="jabas",N($E49)*IFERROR(VLOOKUP($C49,LISTAS!$A$2:$B$12,2,0),0),"")))) -> 3800 | H49: peso aprox 95 kg/saco | I49: =N($F49) -> 3800
A50: 46219 | B50: PROCESO | C50: A | D50: jabas | E50: 68 | F50: =IF($B50="","",IF($D50="kg",N($E50),IF($D50="sacos",N($E50)*95,IF($D50="jabas",N($E50)*IFERROR(VLOOKUP($C50,LISTAS!$A$2:$B$12,2,0),0),"")))) -> 1020 | I50: =N($F50) -> 1020
A51: 46219 | B51: PROCESO | C51: P | D51: jabas | E51: 11 | F51: =IF($B51="","",IF($D51="kg",N($E51),IF($D51="sacos",N($E51)*95,IF($D51="jabas",N($E51)*IFERROR(VLOOKUP($C51,LISTAS!$A$2:$B$12,2,0),0),"")))) -> 198 | I51: =N($F51) -> 198
A52: 46219 | B52: PROCESO | C52: C | D52: jabas | E52: 12 | F52: =IF($B52="","",IF($D52="kg",N($E52),IF($D52="sacos",N($E52)*95,IF($D52="jabas",N($E52)*IFERROR(VLOOKUP($C52,LISTAS!$A$2:$B$12,2,0),0),"")))) -> 204 | I52: =N($F52) -> 204
A53: 46219 | B53: PROCESO | C53: M | D53: jabas | E53: 116 | F53: =IF($B53="","",IF($D53="kg",N($E53),IF($D53="sacos",N($E53)*95,IF($D53="jabas",N($E53)*IFERROR(VLOOKUP($C53,LISTAS!$A$2:$B$12,2,0),0),"")))) -> 1972 | I53: =N($F53) -> 1972
A54: 46219 | B54: PROCESO | C54: Chancho | D54: sacos | E54: 4 | F54: =IF($B54="","",IF($D54="kg",N($E54),IF($D54="sacos",N($E54)*95,IF($D54="jabas",N($E54)*IFERROR(VLOOKUP($C54,LISTAS!$A$2:$B$12,2,0),0),"")))) -> 380 | I54: =N($F54) -> 380
A55: 46219 | B55: ENVÍO A SUPESA | C55: A | D55: jabas | E55: 63 | F55: =IF($B55="","",IF($D55="kg",N($E55),IF($D55="sacos",N($E55)*95,IF($D55="jabas",N($E55)*IFERROR(VLOOKUP($C55,LISTAS!$A$2:$B$12,2,0),0),"")))) -> 945 | G55: 2992 | I55: =N($F55) -> 945
A56: 46219 | B56: ENVÍO A SUPESA | C56: P | D56: jabas | E56: 11 | F56: =IF($B56="","",IF($D56="kg",N($E56),IF($D56="sacos",N($E56)*95,IF($D56="jabas",N($E56)*IFERROR(VLOOKUP($C56,LISTAS!$A$2:$B$12,2,0),0),"")))) -> 198 | G56: 2992 | I56: =N($F56) -> 198
A57: 46219 | B57: ENVÍO A SUPESA | C57: C | D57: jabas | E57: 12 | F57: =IF($B57="","",IF($D57="kg",N($E57),IF($D57="sacos",N($E57)*95,IF($D57="jabas",N($E57)*IFERROR(VLOOKUP($C57,LISTAS!$A$2:$B$12,2,0),0),"")))) -> 204 | G57: 2992 | I57: =N($F57) -> 204
A58: 46219 | B58: ENVÍO A SUPESA | C58: M | D58: jabas | E58: 115 | F58: =IF($B58="","",IF($D58="kg",N($E58),IF($D58="sacos",N($E58)*95,IF($D58="jabas",N($E58)*IFERROR(VLOOKUP($C58,LISTAS!$A$2:$B$12,2,0),0),"")))) -> 1955 | G58: 2992 | I58: =N($F58) -> 1955
A59: 46220 | B59: COMPRA | C59: — | D59: sacos | E59: 60 | F59: =IF($B59="","",IF($D59="kg",N($E59),IF($D59="sacos",N($E59)*95,IF($D59="jabas",N($E59)*IFERROR(VLOOKUP($C59,LISTAS!$A$2:$B$12,2,0),0),"")))) -> 5700 | H59: peso aprox 95 kg/saco | I59: =N($F59) -> 5700
A60: 46220 | B60: PROCESO | C60: A | D60: jabas | E60: 99 | F60: =IF($B60="","",IF($D60="kg",N($E60),IF($D60="sacos",N($E60)*95,IF($D60="jabas",N($E60)*IFERROR(VLOOKUP($C60,LISTAS!$A$2:$B$12,2,0),0),"")))) -> 1485 | I60: =N($F60) -> 1485
A61: 46220 | B61: PROCESO | C61: P | D61: jabas | E61: 4 | F61: =IF($B61="","",IF($D61="kg",N($E61),IF($D61="sacos",N($E61)*95,IF($D61="jabas",N($E61)*IFERROR(VLOOKUP($C61,LISTAS!$A$2:$B$12,2,0),0),"")))) -> 72 | I61: =N($F61) -> 72
A62: 46220 | B62: PROCESO | C62: C | D62: jabas | E62: 9 | F62: =IF($B62="","",IF($D62="kg",N($E62),IF($D62="sacos",N($E62)*95,IF($D62="jabas",N($E62)*IFERROR(VLOOKUP($C62,LISTAS!$A$2:$B$12,2,0),0),"")))) -> 153 | I62: =N($F62) -> 153
A63: 46220 | B63: PROCESO | C63: M | D63: jabas | E63: 178 | F63: =IF($B63="","",IF($D63="kg",N($E63),IF($D63="sacos",N($E63)*95,IF($D63="jabas",N($E63)*IFERROR(VLOOKUP($C63,LISTAS!$A$2:$B$12,2,0),0),"")))) -> 3026 | I63: =N($F63) -> 3026
A64: 46220 | B64: PROCESO | C64: Chancho | D64: sacos | E64: 10 | F64: =IF($B64="","",IF($D64="kg",N($E64),IF($D64="sacos",N($E64)*95,IF($D64="jabas",N($E64)*IFERROR(VLOOKUP($C64,LISTAS!$A$2:$B$12,2,0),0),"")))) -> 950 | I64: =N($F64) -> 950
A65: 46220 | B65: ENVÍO A SUPESA | C65: A | D65: jabas | E65: 67 | F65: =IF($B65="","",IF($D65="kg",N($E65),IF($D65="sacos",N($E65)*95,IF($D65="jabas",N($E65)*IFERROR(VLOOKUP($C65,LISTAS!$A$2:$B$12,2,0),0),"")))) -> 1005 | G65: 2994 | I65: =N($F65) -> 1005
A66: 46220 | B66: ENVÍO A SUPESA | C66: P | D66: jabas | E66: 11 | F66: =IF($B66="","",IF($D66="kg",N($E66),IF($D66="sacos",N($E66)*95,IF($D66="jabas",N($E66)*IFERROR(VLOOKUP($C66,LISTAS!$A$2:$B$12,2,0),0),"")))) -> 198 | G66: 2994 | I66: =N($F66) -> 198
A67: 46220 | B67: ENVÍO A SUPESA | C67: C | D67: jabas | E67: 12 | F67: =IF($B67="","",IF($D67="kg",N($E67),IF($D67="sacos",N($E67)*95,IF($D67="jabas",N($E67)*IFERROR(VLOOKUP($C67,LISTAS!$A$2:$B$12,2,0),0),"")))) -> 204 | G67: 2994 | I67: =N($F67) -> 204
A68: 46220 | B68: ENVÍO A SUPESA | C68: M | D68: jabas | E68: 118 | F68: =IF($B68="","",IF($D68="kg",N($E68),IF($D68="sacos",N($E68)*95,IF($D68="jabas",N($E68)*IFERROR(VLOOKUP($C68,LISTAS!$A$2:$B$12,2,0),0),"")))) -> 2006 | G68: 2994 | I68: =N($F68) -> 2006
A69: 46220 | B69: VENTA CHANCHO | C69: Chancho | D69: sacos | E69: 15 | F69: =IF($B69="","",IF($D69="kg",N($E69),IF($D69="sacos",N($E69)*95,IF($D69="jabas",N($E69)*IFERROR(VLOOKUP($C69,LISTAS!$A$2:$B$12,2,0),0),"")))) -> 1425 | G69: TCK002-725 | I69: =N($F69) -> 1425
A70: 46220 | B70: COMPRA | C70: — | D70: sacos | E70: 5 | F70: =IF($B70="","",IF($D70="kg",N($E70),IF($D70="sacos",N($E70)*95,IF($D70="jabas",N($E70)*IFERROR(VLOOKUP($C70,LISTAS!$A$2:$B$12,2,0),0),"")))) -> 475 | H70: peso aprox 95 kg/saco | I70: =N($F70) -> 475
A71: 46220 | B71: PROCESO | C71: A | D71: jabas | E71: 4 | F71: =IF($B71="","",IF($D71="kg",N($E71),IF($D71="sacos",N($E71)*95,IF($D71="jabas",N($E71)*IFERROR(VLOOKUP($C71,LISTAS!$A$2:$B$12,2,0),0),"")))) -> 60 | I71: =N($F71) -> 60
A72: 46220 | B72: PROCESO | C72: M | D72: jabas | E72: 18 | F72: =IF($B72="","",IF($D72="kg",N($E72),IF($D72="sacos",N($E72)*95,IF($D72="jabas",N($E72)*IFERROR(VLOOKUP($C72,LISTAS!$A$2:$B$12,2,0),0),"")))) -> 306 | I72: =N($F72) -> 306
A73: 46220 | B73: PROCESO | C73: Chancho | D73: sacos | E73: 1 | F73: =IF($B73="","",IF($D73="kg",N($E73),IF($D73="sacos",N($E73)*95,IF($D73="jabas",N($E73)*IFERROR(VLOOKUP($C73,LISTAS!$A$2:$B$12,2,0),0),"")))) -> 95 | I73: =N($F73) -> 95
A74: 46221 | B74: ENVÍO A SUPESA | C74: A | D74: jabas | E74: 67 | F74: =IF($B74="","",IF($D74="kg",N($E74),IF($D74="sacos",N($E74)*95,IF($D74="jabas",N($E74)*IFERROR(VLOOKUP($C74,LISTAS!$A$2:$B$12,2,0),0),"")))) -> 1005 | G74: 2996 | I74: =N($F74) -> 1005
A75: 46221 | B75: ENVÍO A SUPESA | C75: P | D75: jabas | E75: 4 | F75: =IF($B75="","",IF($D75="kg",N($E75),IF($D75="sacos",N($E75)*95,IF($D75="jabas",N($E75)*IFERROR(VLOOKUP($C75,LISTAS!$A$2:$B$12,2,0),0),"")))) -> 72 | G75: 2996 | I75: =N($F75) -> 72
A76: 46221 | B76: ENVÍO A SUPESA | C76: C | D76: jabas | E76: 9 | F76: =IF($B76="","",IF($D76="kg",N($E76),IF($D76="sacos",N($E76)*95,IF($D76="jabas",N($E76)*IFERROR(VLOOKUP($C76,LISTAS!$A$2:$B$12,2,0),0),"")))) -> 153 | G76: 2996 | I76: =N($F76) -> 153
A77: 46221 | B77: ENVÍO A SUPESA | C77: M | D77: jabas | E77: 114 | F77: =IF($B77="","",IF($D77="kg",N($E77),IF($D77="sacos",N($E77)*95,IF($D77="jabas",N($E77)*IFERROR(VLOOKUP($C77,LISTAS!$A$2:$B$12,2,0),0),"")))) -> 1938 | G77: 2996 | I77: =N($F77) -> 1938
A78: 46221 | B78: TRASIEGO | C78: A | D78: jabas | E78: 1 | F78: =IF($B78="","",IF($D78="kg",N($E78),IF($D78="sacos",N($E78)*95,IF($D78="jabas",N($E78)*IFERROR(VLOOKUP($C78,LISTAS!$A$2:$B$12,2,0),0),"")))) -> 15 | I78: =N($F78) -> 15
A79: 46222 | B79: COMPRA | C79: — | D79: sacos | E79: 50 | F79: =IF($B79="","",IF($D79="kg",N($E79),IF($D79="sacos",N($E79)*95,IF($D79="jabas",N($E79)*IFERROR(VLOOKUP($C79,LISTAS!$A$2:$B$12,2,0),0),"")))) -> 4750 | H79: peso aprox 95 kg/saco | I79: =N($F79) -> 4750
A80: 46222 | B80: PROCESO | C80: A | D80: jabas | E80: 107 | F80: =IF($B80="","",IF($D80="kg",N($E80),IF($D80="sacos",N($E80)*95,IF($D80="jabas",N($E80)*IFERROR(VLOOKUP($C80,LISTAS!$A$2:$B$12,2,0),0),"")))) -> 1605 | I80: =N($F80) -> 1605
A81: 46222 | B81: PROCESO | C81: P | D81: jabas | E81: 11 | F81: =IF($B81="","",IF($D81="kg",N($E81),IF($D81="sacos",N($E81)*95,IF($D81="jabas",N($E81)*IFERROR(VLOOKUP($C81,LISTAS!$A$2:$B$12,2,0),0),"")))) -> 198 | I81: =N($F81) -> 198
A82: 46222 | B82: PROCESO | C82: C | D82: jabas | E82: 12 | F82: =IF($B82="","",IF($D82="kg",N($E82),IF($D82="sacos",N($E82)*95,IF($D82="jabas",N($E82)*IFERROR(VLOOKUP($C82,LISTAS!$A$2:$B$12,2,0),0),"")))) -> 204 | I82: =N($F82) -> 204
A83: 46222 | B83: PROCESO | C83: M | D83: jabas | E83: 88 | F83: =IF($B83="","",IF($D83="kg",N($E83),IF($D83="sacos",N($E83)*95,IF($D83="jabas",N($E83)*IFERROR(VLOOKUP($C83,LISTAS!$A$2:$B$12,2,0),0),"")))) -> 1496 | I83: =N($F83) -> 1496
A84: 46222 | B84: PROCESO | C84: Chancho | D84: sacos | E84: 13.5 | F84: =IF($B84="","",IF($D84="kg",N($E84),IF($D84="sacos",N($E84)*95,IF($D84="jabas",N($E84)*IFERROR(VLOOKUP($C84,LISTAS!$A$2:$B$12,2,0),0),"")))) -> 1282.5 | I84: =N($F84) -> 1282.5
A85: 46222 | B85: ENVÍO A SUPESA | C85: A | D85: jabas | E85: 67 | F85: =IF($B85="","",IF($D85="kg",N($E85),IF($D85="sacos",N($E85)*95,IF($D85="jabas",N($E85)*IFERROR(VLOOKUP($C85,LISTAS!$A$2:$B$12,2,0),0),"")))) -> 1005 | G85: 2998 | I85: =N($F85) -> 1005
A86: 46222 | B86: ENVÍO A SUPESA | C86: P | D86: jabas | E86: 11 | F86: =IF($B86="","",IF($D86="kg",N($E86),IF($D86="sacos",N($E86)*95,IF($D86="jabas",N($E86)*IFERROR(VLOOKUP($C86,LISTAS!$A$2:$B$12,2,0),0),"")))) -> 198 | G86: 2998 | I86: =N($F86) -> 198
A87: 46222 | B87: ENVÍO A SUPESA | C87: C | D87: jabas | E87: 12 | F87: =IF($B87="","",IF($D87="kg",N($E87),IF($D87="sacos",N($E87)*95,IF($D87="jabas",N($E87)*IFERROR(VLOOKUP($C87,LISTAS!$A$2:$B$12,2,0),0),"")))) -> 204 | G87: 2998 | I87: =N($F87) -> 204
A88: 46222 | B88: ENVÍO A SUPESA | C88: M | D88: jabas | E88: 28 | F88: =IF($B88="","",IF($D88="kg",N($E88),IF($D88="sacos",N($E88)*95,IF($D88="jabas",N($E88)*IFERROR(VLOOKUP($C88,LISTAS!$A$2:$B$12,2,0),0),"")))) -> 476 | G88: 2998 | I88: =N($F88) -> 476
A89: 46223 | B89: COMPRA | C89: — | D89: sacos | E89: 48 | F89: =IF($B89="","",IF($D89="kg",N($E89),IF($D89="sacos",N($E89)*95,IF($D89="jabas",N($E89)*IFERROR(VLOOKUP($C89,LISTAS!$A$2:$B$12,2,0),0),"")))) -> 4560 | H89: peso aprox 95 kg/saco | I89: =N($F89) -> 4560
A90: 46223 | B90: PROCESO | C90: A | D90: jabas | E90: 68 | F90: =IF($B90="","",IF($D90="kg",N($E90),IF($D90="sacos",N($E90)*95,IF($D90="jabas",N($E90)*IFERROR(VLOOKUP($C90,LISTAS!$A$2:$B$12,2,0),0),"")))) -> 1020 | I90: =N($F90) -> 1020
A91: 46223 | B91: PROCESO | C91: P | D91: jabas | E91: 23 | F91: =IF($B91="","",IF($D91="kg",N($E91),IF($D91="sacos",N($E91)*95,IF($D91="jabas",N($E91)*IFERROR(VLOOKUP($C91,LISTAS!$A$2:$B$12,2,0),0),"")))) -> 414 | I91: =N($F91) -> 414
A92: 46223 | B92: PROCESO | C92: C | D92: jabas | E92: 23 | F92: =IF($B92="","",IF($D92="kg",N($E92),IF($D92="sacos",N($E92)*95,IF($D92="jabas",N($E92)*IFERROR(VLOOKUP($C92,LISTAS!$A$2:$B$12,2,0),0),"")))) -> 391 | I92: =N($F92) -> 391
A93: 46223 | B93: PROCESO | C93: M | D93: jabas | E93: 129 | F93: =IF($B93="","",IF($D93="kg",N($E93),IF($D93="sacos",N($E93)*95,IF($D93="jabas",N($E93)*IFERROR(VLOOKUP($C93,LISTAS!$A$2:$B$12,2,0),0),"")))) -> 2193 | I93: =N($F93) -> 2193
A94: 46223 | B94: PROCESO | C94: Chancho | D94: sacos | E94: 6.5 | F94: =IF($B94="","",IF($D94="kg",N($E94),IF($D94="sacos",N($E94)*95,IF($D94="jabas",N($E94)*IFERROR(VLOOKUP($C94,LISTAS!$A$2:$B$12,2,0),0),"")))) -> 617.5 | I94: =N($F94) -> 617.5
A95: 46223 | B95: ENVÍO A SUPESA | C95: A | D95: jabas | E95: 67 | F95: =IF($B95="","",IF($D95="kg",N($E95),IF($D95="sacos",N($E95)*95,IF($D95="jabas",N($E95)*IFERROR(VLOOKUP($C95,LISTAS!$A$2:$B$12,2,0),0),"")))) -> 1005 | G95: 3001 | I95: =N($F95) -> 1005
A96: 46223 | B96: ENVÍO A SUPESA | C96: P | D96: jabas | E96: 11 | F96: =IF($B96="","",IF($D96="kg",N($E96),IF($D96="sacos",N($E96)*95,IF($D96="jabas",N($E96)*IFERROR(VLOOKUP($C96,LISTAS!$A$2:$B$12,2,0),0),"")))) -> 198 | G96: 3001 | I96: =N($F96) -> 198
A97: 46223 | B97: ENVÍO A SUPESA | C97: C | D97: jabas | E97: 12 | F97: =IF($B97="","",IF($D97="kg",N($E97),IF($D97="sacos",N($E97)*95,IF($D97="jabas",N($E97)*IFERROR(VLOOKUP($C97,LISTAS!$A$2:$B$12,2,0),0),"")))) -> 204 | G97: 3001 | I97: =N($F97) -> 204
A98: 46223 | B98: ENVÍO A SUPESA | C98: M | D98: jabas | E98: 111 | F98: =IF($B98="","",IF($D98="kg",N($E98),IF($D98="sacos",N($E98)*95,IF($D98="jabas",N($E98)*IFERROR(VLOOKUP($C98,LISTAS!$A$2:$B$12,2,0),0),"")))) -> 1887 | G98: 3001 | I98: =N($F98) -> 1887
A99: 46223 | B99: VENTA CHANCHO | C99: Chancho | D99: sacos | E99: 18 | F99: =IF($B99="","",IF($D99="kg",N($E99),IF($D99="sacos",N($E99)*95,IF($D99="jabas",N($E99)*IFERROR(VLOOKUP($C99,LISTAS!$A$2:$B$12,2,0),0),"")))) -> 1710 | G99: TCK002-726 | I99: =N($F99) -> 1710
A100: 46223 | B100: COMPRA | C100: — | D100: sacos | E100: 22 | F100: =IF($B100="","",IF($D100="kg",N($E100),IF($D100="sacos",N($E100)*95,IF($D100="jabas",N($E100)*IFERROR(VLOOKUP($C100,LISTAS!$A$2:$B$12,2,0),0),"")))) -> 2090 | H100: peso aprox 95 kg/saco | I100: =N($F100) -> 2090
A101: 46223 | B101: TRASIEGO | C101: P | D101: jabas | E101: 1 | F101: =IF($B101="","",IF($D101="kg",N($E101),IF($D101="sacos",N($E101)*95,IF($D101="jabas",N($E101)*IFERROR(VLOOKUP($C101,LISTAS!$A$2:$B$12,2,0),0),"")))) -> 18 | I101: =N($F101) -> 18
...

Sheet KARDEX
A1: AGRO PACAYALES · PLANTA CAMOTE 2026 | KARDEX — Entradas / Salidas y Stock (kg)
A2: Automático desde MOVIMIENTOS. Entradas: saldo inicial, compras, reprocesos. Salidas: envíos, chancho del proceso, malogrado, trasiegos y otras salidas. Ventas de chancho y devoluciones aparecen como información.
C4: ENTRADAS | D4: SALIDAS
A5: Fecha | B5: Detalle | C5: Ingresos Kg | D5: Salidas Kg | E5: N. Guía / Nota | F5: Stock Kg
A6: =IFERROR(INDEX(K$6:K$401,MATCH(ROW()-5,J$6:J$401,0)),"") -> 46214 | B6: =IFERROR(INDEX(L$6:L$401,MATCH(ROW()-5,J$6:J$401,0)),"") -> APERTURA (A) | C6: =IFERROR(INDEX(M$6:M$401,MATCH(ROW()-5,J$6:J$401,0)),"") -> 120 | D6: =IFERROR(INDEX(N$6:N$401,MATCH(ROW()-5,J$6:J$401,0)),"") | E6: =IFERROR(INDEX(O$6:O$401,MATCH(ROW()-5,J$6:J$401,0)),"") -> 8 jabas | F6: =IFERROR(INDEX(P$6:P$401,MATCH(ROW()-5,J$6:J$401,0)),"") -> 120 | J6: =IF(AND(MOVIMIENTOS!$B5<>"",NOT(AND(MOVIMIENTOS!$B5="PROCESO",MOVIMIENTOS!$C5<>"Chancho")),NOT(AND(MOVIMIENTOS!$B5="SALDO INICIAL",MOVIMIENTOS!$C5="Chancho"))),COUNT(J$5:J5)+1,"") -> 1 | K6: =IF(AND(MOVIMIENTOS!$B5<>"",NOT(AND(MOVIMIENTOS!$B5="PROCESO",MOVIMIENTOS!$C5<>"Chancho")),NOT(AND(MOVIMIENTOS!$B5="SALDO INICIAL",MOVIMIENTOS!$C5="Chancho"))),MOVIMIENTOS!$A5,"") -> 46214 | L6: =IF(AND(MOVIMIENTOS!$B5<>"",NOT(AND(MOVIMIENTOS!$B5="PROCESO",MOVIMIENTOS!$C5<>"Chancho")),NOT(AND(MOVIMIENTOS!$B5="SALDO INICIAL",MOVIMIENTOS!$C5="Chancho"))),IF(MOVIMIENTOS!$B5="SALDO INICIAL","APERTURA ("&MOVIMIENTOS!$C5&")",IF(MOVIMIENTOS!$B5="COMPRA","INGRESO (compra)",IF(MOVIMIENTOS!$B5="PROCESO","CHANCHO (proceso)",IF(MOVIMIENTOS!$B5="ENVÍO A SUPESA","ENVÍO SUPESA cal. "&MOVIMIENTOS!$C5,IF(MOVIMIENTOS!$B5="VENTA CHANCHO","VENTA CHANCHO",IF(MOVIMIENTOS!$B5="DEVOLUCIÓN","DEVOLUCIÓN cal. "&MOVIMIENTOS!$C5,IF(MOVIMIENTOS!$B5="TRASIEGO","TRASIEGO cal. "&MOVIMIENTOS!$C5,IF(MOVIMIENTOS!$B5="REGALO","REGALO "&MOVIMIENTOS!$C5,IF(MOVIMIENTOS!$B5="VENTA","VENTA "&MOVIMIENTOS!$C5,IF(MOVIMIENTOS!$B5="AJUSTE","AJUSTE inventario ("&MOVIMIENTOS!$C5&")",MOVIMIENTOS!$B5)))))))))),"") -> APERTURA (A) | M6: =IF(AND(AND(MOVIMIENTOS!$B5<>"",NOT(AND(MOVIMIENTOS!$B5="PROCESO",MOVIMIENTOS!$C5<>"Chancho")),NOT(AND(MOVIMIENTOS!$B5="SALDO INICIAL",MOVIMIENTOS!$C5="Chancho"))),OR(MOVIMIENTOS!$B5="SALDO INICIAL",MOVIMIENTOS!$B5="COMPRA",MOVIMIENTOS!$B5="REPROCESO",AND(MOVIMIENTOS!$B5="AJUSTE",MOVIMIENTOS!$C5<>"Chancho",N(MOVIMIENTOS!$F5)>=0))),N(MOVIMIENTOS!$F5),"") -> 120 | N6: =IF(AND(AND(MOVIMIENTOS!$B5<>"",NOT(AND(MOVIMIENTOS!$B5="PROCESO",MOVIMIENTOS!$C5<>"Chancho")),NOT(AND(MOVIMIENTOS!$B5="SALDO INICIAL",MOVIMIENTOS!$C5="Chancho"))),OR(MOVIMIENTOS!$B5="ENVÍO A SUPESA",MOVIMIENTOS!$B5="MALOGRADO",MOVIMIENTOS!$B5="OTRA SALIDA",MOVIMIENTOS!$B5="TRASIEGO",AND(MOVIMIENTOS!$B5="PROCESO",MOVIMIENTOS!$C5="Chancho"),AND(MOVIMIENTOS!$B5="REGALO",MOVIMIENTOS!$C5<>"Chancho"),AND(MOVIMIENTOS!$B5="VENTA",MOVIMIENTOS!$C5<>"Chancho"),AND(MOVIMIENTOS!$B5="AJUSTE",MOVIMIENTOS!$C5<>"Chancho",N(MOVIMIENTOS!$F5)<0))),IF(MOVIMIENTOS!$B5="AJUSTE",-N(MOVIMIENTOS!$F5),N(MOVIMIENTOS!$F5)),"") | O6: =IF(AND(MOVIMIENTOS!$B5<>"",NOT(AND(MOVIMIENTOS!$B5="PROCESO",MOVIMIENTOS!$C5<>"Chancho")),NOT(AND(MOVIMIENTOS!$B5="SALDO INICIAL",MOVIMIENTOS!$C5="Chancho"))),TRIM(IF(MOVIMIENTOS!$G5<>"",IF(MOVIMIENTOS!$B5="ENVÍO A SUPESA","G-"&MOVIMIENTOS!$G5,MOVIMIENTOS!$G5)&" ","")&IF(N(MOVIMIENTOS!$E5)>0,MOVIMIENTOS!$E5&" "&MOVIMIENTOS!$D5,"")),"") -> 8 jabas | P6: =N(P5)+N(M6)-N(N6) -> 120
A7: =IFERROR(INDEX(K$6:K$401,MATCH(ROW()-5,J$6:J$401,0)),"") -> 46214 | B7: =IFERROR(INDEX(L$6:L$401,MATCH(ROW()-5,J$6:J$401,0)),"") -> APERTURA (M) | C7: =IFERROR(INDEX(M$6:M$401,MATCH(ROW()-5,J$6:J$401,0)),"") -> 119 | D7: =IFERROR(INDEX(N$6:N$401,MATCH(ROW()-5,J$6:J$401,0)),"") | E7: =IFERROR(INDEX(O$6:O$401,MATCH(ROW()-5,J$6:J$401,0)),"") -> 7 jabas | F7: =IFERROR(INDEX(P$6:P$401,MATCH(ROW()-5,J$6:J$401,0)),"") -> 239 | J7: =IF(AND(MOVIMIENTOS!$B6<>"",NOT(AND(MOVIMIENTOS!$B6="PROCESO",MOVIMIENTOS!$C6<>"Chancho")),NOT(AND(MOVIMIENTOS!$B6="SALDO INICIAL",MOVIMIENTOS!$C6="Chancho"))),COUNT(J$5:J6)+1,"") -> 2 | K7: =IF(AND(MOVIMIENTOS!$B6<>"",NOT(AND(MOVIMIENTOS!$B6="PROCESO",MOVIMIENTOS!$C6<>"Chancho")),NOT(AND(MOVIMIENTOS!$B6="SALDO INICIAL",MOVIMIENTOS!$C6="Chancho"))),MOVIMIENTOS!$A6,"") -> 46214 | L7: =IF(AND(MOVIMIENTOS!$B6<>"",NOT(AND(MOVIMIENTOS!$B6="PROCESO",MOVIMIENTOS!$C6<>"Chancho")),NOT(AND(MOVIMIENTOS!$B6="SALDO INICIAL",MOVIMIENTOS!$C6="Chancho"))),IF(MOVIMIENTOS!$B6="SALDO INICIAL","APERTURA ("&MOVIMIENTOS!$C6&")",IF(MOVIMIENTOS!$B6="COMPRA","INGRESO (compra)",IF(MOVIMIENTOS!$B6="PROCESO","CHANCHO (proceso)",IF(MOVIMIENTOS!$B6="ENVÍO A SUPESA","ENVÍO SUPESA cal. "&MOVIMIENTOS!$C6,IF(MOVIMIENTOS!$B6="VENTA CHANCHO","VENTA CHANCHO",IF(MOVIMIENTOS!$B6="DEVOLUCIÓN","DEVOLUCIÓN cal. "&MOVIMIENTOS!$C6,IF(MOVIMIENTOS!$B6="TRASIEGO","TRASIEGO cal. "&MOVIMIENTOS!$C6,IF(MOVIMIENTOS!$B6="REGALO","REGALO "&MOVIMIENTOS!$C6,IF(MOVIMIENTOS!$B6="VENTA","VENTA "&MOVIMIENTOS!$C6,IF(MOVIMIENTOS!$B6="AJUSTE","AJUSTE inventario ("&MOVIMIENTOS!$C6&")",MOVIMIENTOS!$B6)))))))))),"") -> APERTURA (M) | M7: =IF(AND(AND(MOVIMIENTOS!$B6<>"",NOT(AND(MOVIMIENTOS!$B6="PROCESO",MOVIMIENTOS!$C6<>"Chancho")),NOT(AND(MOVIMIENTOS!$B6="SALDO INICIAL",MOVIMIENTOS!$C6="Chancho"))),OR(MOVIMIENTOS!$B6="SALDO INICIAL",MOVIMIENTOS!$B6="COMPRA",MOVIMIENTOS!$B6="REPROCESO",AND(MOVIMIENTOS!$B6="AJUSTE",MOVIMIENTOS!$C6<>"Chancho",N(MOVIMIENTOS!$F6)>=0))),N(MOVIMIENTOS!$F6),"") -> 119 | N7: =IF(AND(AND(MOVIMIENTOS!$B6<>"",NOT(AND(MOVIMIENTOS!$B6="PROCESO",MOVIMIENTOS!$C6<>"Chancho")),NOT(AND(MOVIMIENTOS!$B6="SALDO INICIAL",MOVIMIENTOS!$C6="Chancho"))),OR(MOVIMIENTOS!$B6="ENVÍO A SUPESA",MOVIMIENTOS!$B6="MALOGRADO",MOVIMIENTOS!$B6="OTRA SALIDA",MOVIMIENTOS!$B6="TRASIEGO",AND(MOVIMIENTOS!$B6="PROCESO",MOVIMIENTOS!$C6="Chancho"),AND(MOVIMIENTOS!$B6="REGALO",MOVIMIENTOS!$C6<>"Chancho"),AND(MOVIMIENTOS!$B6="VENTA",MOVIMIENTOS!$C6<>"Chancho"),AND(MOVIMIENTOS!$B6="AJUSTE",MOVIMIENTOS!$C6<>"Chancho",N(MOVIMIENTOS!$F6)<0))),IF(MOVIMIENTOS!$B6="AJUSTE",-N(MOVIMIENTOS!$F6),N(MOVIMIENTOS!$F6)),"") | O7: =IF(AND(MOVIMIENTOS!$B6<>"",NOT(AND(MOVIMIENTOS!$B6="PROCESO",MOVIMIENTOS!$C6<>"Chancho")),NOT(AND(MOVIMIENTOS!$B6="SALDO INICIAL",MOVIMIENTOS!$C6="Chancho"))),TRIM(IF(MOVIMIENTOS!$G6<>"",IF(MOVIMIENTOS!$B6="ENVÍO A SUPESA","G-"&MOVIMIENTOS!$G6,MOVIMIENTOS!$G6)&" ","")&IF(N(MOVIMIENTOS!$E6)>0,MOVIMIENTOS!$E6&" "&MOVIMIENTOS!$D6,"")),"") -> 7 jabas | P7: =N(P6)+N(M7)-N(N7) -> 239
A8: =IFERROR(INDEX(K$6:K$401,MATCH(ROW()-5,J$6:J$401,0)),"") -> 46215 | B8: =IFERROR(INDEX(L$6:L$401,MATCH(ROW()-5,J$6:J$401,0)),"") -> INGRESO (compra) | C8: =IFERROR(INDEX(M$6:M$401,MATCH(ROW()-5,J$6:J$401,0)),"") -> 2850 | D8: =IFERROR(INDEX(N$6:N$401,MATCH(ROW()-5,J$6:J$401,0)),"") | E8: =IFERROR(INDEX(O$6:O$401,MATCH(ROW()-5,J$6:J$401,0)),"") -> 30 sacos | F8: =IFERROR(INDEX(P$6:P$401,MATCH(ROW()-5,J$6:J$401,0)),"") -> 3089 | J8: =IF(AND(MOVIMIENTOS!$B7<>"",NOT(AND(MOVIMIENTOS!$B7="PROCESO",MOVIMIENTOS!$C7<>"Chancho")),NOT(AND(MOVIMIENTOS!$B7="SALDO INICIAL",MOVIMIENTOS!$C7="Chancho"))),COUNT(J$5:J7)+1,"") | K8: =IF(AND(MOVIMIENTOS!$B7<>"",NOT(AND(MOVIMIENTOS!$B7="PROCESO",MOVIMIENTOS!$C7<>"Chancho")),NOT(AND(MOVIMIENTOS!$B7="SALDO INICIAL",MOVIMIENTOS!$C7="Chancho"))),MOVIMIENTOS!$A7,"") | L8: =IF(AND(MOVIMIENTOS!$B7<>"",NOT(AND(MOVIMIENTOS!$B7="PROCESO",MOVIMIENTOS!$C7<>"Chancho")),NOT(AND(MOVIMIENTOS!$B7="SALDO INICIAL",MOVIMIENTOS!$C7="Chancho"))),IF(MOVIMIENTOS!$B7="SALDO INICIAL","APERTURA ("&MOVIMIENTOS!$C7&")",IF(MOVIMIENTOS!$B7="COMPRA","INGRESO (compra)",IF(MOVIMIENTOS!$B7="PROCESO","CHANCHO (proceso)",IF(MOVIMIENTOS!$B7="ENVÍO A SUPESA","ENVÍO SUPESA cal. "&MOVIMIENTOS!$C7,IF(MOVIMIENTOS!$B7="VENTA CHANCHO","VENTA CHANCHO",IF(MOVIMIENTOS!$B7="DEVOLUCIÓN","DEVOLUCIÓN cal. "&MOVIMIENTOS!$C7,IF(MOVIMIENTOS!$B7="TRASIEGO","TRASIEGO cal. "&MOVIMIENTOS!$C7,IF(MOVIMIENTOS!$B7="REGALO","REGALO "&MOVIMIENTOS!$C7,IF(MOVIMIENTOS!$B7="VENTA","VENTA "&MOVIMIENTOS!$C7,IF(MOVIMIENTOS!$B7="AJUSTE","AJUSTE inventario ("&MOVIMIENTOS!$C7&")",MOVIMIENTOS!$B7)))))))))),"") | M8: =IF(AND(AND(MOVIMIENTOS!$B7<>"",NOT(AND(MOVIMIENTOS!$B7="PROCESO",MOVIMIENTOS!$C7<>"Chancho")),NOT(AND(MOVIMIENTOS!$B7="SALDO INICIAL",MOVIMIENTOS!$C7="Chancho"))),OR(MOVIMIENTOS!$B7="SALDO INICIAL",MOVIMIENTOS!$B7="COMPRA",MOVIMIENTOS!$B7="REPROCESO",AND(MOVIMIENTOS!$B7="AJUSTE",MOVIMIENTOS!$C7<>"Chancho",N(MOVIMIENTOS!$F7)>=0))),N(MOVIMIENTOS!$F7),"") | N8: =IF(AND(AND(MOVIMIENTOS!$B7<>"",NOT(AND(MOVIMIENTOS!$B7="PROCESO",MOVIMIENTOS!$C7<>"Chancho")),NOT(AND(MOVIMIENTOS!$B7="SALDO INICIAL",MOVIMIENTOS!$C7="Chancho"))),OR(MOVIMIENTOS!$B7="ENVÍO A SUPESA",MOVIMIENTOS!$B7="MALOGRADO",MOVIMIENTOS!$B7="OTRA SALIDA",MOVIMIENTOS!$B7="TRASIEGO",AND(MOVIMIENTOS!$B7="PROCESO",MOVIMIENTOS!$C7="Chancho"),AND(MOVIMIENTOS!$B7="REGALO",MOVIMIENTOS!$C7<>"Chancho"),AND(MOVIMIENTOS!$B7="VENTA",MOVIMIENTOS!$C7<>"Chancho"),AND(MOVIMIENTOS!$B7="AJUSTE",MOVIMIENTOS!$C7<>"Chancho",N(MOVIMIENTOS!$F7)<0))),IF(MOVIMIENTOS!$B7="AJUSTE",-N(MOVIMIENTOS!$F7),N(MOVIMIENTOS!$F7)),"") | O8: =IF(AND(MOVIMIENTOS!$B7<>"",NOT(AND(MOVIMIENTOS!$B7="PROCESO",MOVIMIENTOS!$C7<>"Chancho")),NOT(AND(MOVIMIENTOS!$B7="SALDO INICIAL",MOVIMIENTOS!$C7="Chancho"))),TRIM(IF(MOVIMIENTOS!$G7<>"",IF(MOVIMIENTOS!$B7="ENVÍO A SUPESA","G-"&MOVIMIENTOS!$G7,MOVIMIENTOS!$G7)&" ","")&IF(N(MOVIMIENTOS!$E7)>0,MOVIMIENTOS!$E7&" "&MOVIMIENTOS!$D7,"")),"") | P8: =N(P7)+N(M8)-N(N8) -> 239
A9: =IFERROR(INDEX(K$6:K$401,MATCH(ROW()-5,J$6:J$401,0)),"") -> 46215 | B9: =IFERROR(INDEX(L$6:L$401,MATCH(ROW()-5,J$6:J$401,0)),"") -> CHANCHO (proceso) | C9: =IFERROR(INDEX(M$6:M$401,MATCH(ROW()-5,J$6:J$401,0)),"") | D9: =IFERROR(INDEX(N$6:N$401,MATCH(ROW()-5,J$6:J$401,0)),"") -> 570 | E9: =IFERROR(INDEX(O$6:O$401,MATCH(ROW()-5,J$6:J$401,0)),"") -> 6 sacos | F9: =IFERROR(INDEX(P$6:P$401,MATCH(ROW()-5,J$6:J$401,0)),"") -> 2519 | J9: =IF(AND(MOVIMIENTOS!$B8<>"",NOT(AND(MOVIMIENTOS!$B8="PROCESO",MOVIMIENTOS!$C8<>"Chancho")),NOT(AND(MOVIMIENTOS!$B8="SALDO INICIAL",MOVIMIENTOS!$C8="Chancho"))),COUNT(J$5:J8)+1,"") -> 3 | K9: =IF(AND(MOVIMIENTOS!$B8<>"",NOT(AND(MOVIMIENTOS!$B8="PROCESO",MOVIMIENTOS!$C8<>"Chancho")),NOT(AND(MOVIMIENTOS!$B8="SALDO INICIAL",MOVIMIENTOS!$C8="Chancho"))),MOVIMIENTOS!$A8,"") -> 46215 | L9: =IF(AND(MOVIMIENTOS!$B8<>"",NOT(AND(MOVIMIENTOS!$B8="PROCESO",MOVIMIENTOS!$C8<>"Chancho")),NOT(AND(MOVIMIENTOS!$B8="SALDO INICIAL",MOVIMIENTOS!$C8="Chancho"))),IF(MOVIMIENTOS!$B8="SALDO INICIAL","APERTURA ("&MOVIMIENTOS!$C8&")",IF(MOVIMIENTOS!$B8="COMPRA","INGRESO (compra)",IF(MOVIMIENTOS!$B8="PROCESO","CHANCHO (proceso)",IF(MOVIMIENTOS!$B8="ENVÍO A SUPESA","ENVÍO SUPESA cal. "&MOVIMIENTOS!$C8,IF(MOVIMIENTOS!$B8="VENTA CHANCHO","VENTA CHANCHO",IF(MOVIMIENTOS!$B8="DEVOLUCIÓN","DEVOLUCIÓN cal. "&MOVIMIENTOS!$C8,IF(MOVIMIENTOS!$B8="TRASIEGO","TRASIEGO cal. "&MOVIMIENTOS!$C8,IF(MOVIMIENTOS!$B8="REGALO","REGALO "&MOVIMIENTOS!$C8,IF(MOVIMIENTOS!$B8="VENTA","VENTA "&MOVIMIENTOS!$C8,IF(MOVIMIENTOS!$B8="AJUSTE","AJUSTE inventario ("&MOVIMIENTOS!$C8&")",MOVIMIENTOS!$B8)))))))))),"") -> INGRESO (compra) | M9: =IF(AND(AND(MOVIMIENTOS!$B8<>"",NOT(AND(MOVIMIENTOS!$B8="PROCESO",MOVIMIENTOS!$C8<>"Chancho")),NOT(AND(MOVIMIENTOS!$B8="SALDO INICIAL",MOVIMIENTOS!$C8="Chancho"))),OR(MOVIMIENTOS!$B8="SALDO INICIAL",MOVIMIENTOS!$B8="COMPRA",MOVIMIENTOS!$B8="REPROCESO",AND(MOVIMIENTOS!$B8="AJUSTE",MOVIMIENTOS!$C8<>"Chancho",N(MOVIMIENTOS!$F8)>=0))),N(MOVIMIENTOS!$F8),"") -> 2850 | N9: =IF(AND(AND(MOVIMIENTOS!$B8<>"",NOT(AND(MOVIMIENTOS!$B8="PROCESO",MOVIMIENTOS!$C8<>"Chancho")),NOT(AND(MOVIMIENTOS!$B8="SALDO INICIAL",MOVIMIENTOS!$C8="Chancho"))),OR(MOVIMIENTOS!$B8="ENVÍO A SUPESA",MOVIMIENTOS!$B8="MALOGRADO",MOVIMIENTOS!$B8="OTRA SALIDA",MOVIMIENTOS!$B8="TRASIEGO",AND(MOVIMIENTOS!$B8="PROCESO",MOVIMIENTOS!$C8="Chancho"),AND(MOVIMIENTOS!$B8="REGALO",MOVIMIENTOS!$C8<>"Chancho"),AND(MOVIMIENTOS!$B8="VENTA",MOVIMIENTOS!$C8<>"Chancho"),AND(MOVIMIENTOS!$B8="AJUSTE",MOVIMIENTOS!$C8<>"Chancho",N(MOVIMIENTOS!$F8)<0))),IF(MOVIMIENTOS!$B8="AJUSTE",-N(MOVIMIENTOS!$F8),N(MOVIMIENTOS!$F8)),"") | O9: =IF(AND(MOVIMIENTOS!$B8<>"",NOT(AND(MOVIMIENTOS!$B8="PROCESO",MOVIMIENTOS!$C8<>"Chancho")),NOT(AND(MOVIMIENTOS!$B8="SALDO INICIAL",MOVIMIENTOS!$C8="Chancho"))),TRIM(IF(MOVIMIENTOS!$G8<>"",IF(MOVIMIENTOS!$B8="ENVÍO A SUPESA","G-"&MOVIMIENTOS!$G8,MOVIMIENTOS!$G8)&" ","")&IF(N(MOVIMIENTOS!$E8)>0,MOVIMIENTOS!$E8&" "&MOVIMIENTOS!$D8,"")),"") -> 30 sacos | P9: =N(P8)+N(M9)-N(N9) -> 3089
A10: =IFERROR(INDEX(K$6:K$401,MATCH(ROW()-5,J$6:J$401,0)),"") -> 46215 | B10: =IFERROR(INDEX(L$6:L$401,MATCH(ROW()-5,J$6:J$401,0)),"") -> ENVÍO SUPESA cal. A | C10: =IFERROR(INDEX(M$6:M$401,MATCH(ROW()-5,J$6:J$401,0)),"") | D10: =IFERROR(INDEX(N$6:N$401,MATCH(ROW()-5,J$6:J$401,0)),"") -> 1005 | E10: =IFERROR(INDEX(O$6:O$401,MATCH(ROW()-5,J$6:J$401,0)),"") -> G-2977 67 jabas | F10: =IFERROR(INDEX(P$6:P$401,MATCH(ROW()-5,J$6:J$401,0)),"") -> 1514 | J10: =IF(AND(MOVIMIENTOS!$B9<>"",NOT(AND(MOVIMIENTOS!$B9="PROCESO",MOVIMIENTOS!$C9<>"Chancho")),NOT(AND(MOVIMIENTOS!$B9="SALDO INICIAL",MOVIMIENTOS!$C9="Chancho"))),COUNT(J$5:J9)+1,"") | K10: =IF(AND(MOVIMIENTOS!$B9<>"",NOT(AND(MOVIMIENTOS!$B9="PROCESO",MOVIMIENTOS!$C9<>"Chancho")),NOT(AND(MOVIMIENTOS!$B9="SALDO INICIAL",MOVIMIENTOS!$C9="Chancho"))),MOVIMIENTOS!$A9,"") | L10: =IF(AND(MOVIMIENTOS!$B9<>"",NOT(AND(MOVIMIENTOS!$B9="PROCESO",MOVIMIENTOS!$C9<>"Chancho")),NOT(AND(MOVIMIENTOS!$B9="SALDO INICIAL",MOVIMIENTOS!$C9="Chancho"))),IF(MOVIMIENTOS!$B9="SALDO INICIAL","APERTURA ("&MOVIMIENTOS!$C9&")",IF(MOVIMIENTOS!$B9="COMPRA","INGRESO (compra)",IF(MOVIMIENTOS!$B9="PROCESO","CHANCHO (proceso)",IF(MOVIMIENTOS!$B9="ENVÍO A SUPESA","ENVÍO SUPESA cal. "&MOVIMIENTOS!$C9,IF(MOVIMIENTOS!$B9="VENTA CHANCHO","VENTA CHANCHO",IF(MOVIMIENTOS!$B9="DEVOLUCIÓN","DEVOLUCIÓN cal. "&MOVIMIENTOS!$C9,IF(MOVIMIENTOS!$B9="TRASIEGO","TRASIEGO cal. "&MOVIMIENTOS!$C9,IF(MOVIMIENTOS!$B9="REGALO","REGALO "&MOVIMIENTOS!$C9,IF(MOVIMIENTOS!$B9="VENTA","VENTA "&MOVIMIENTOS!$C9,IF(MOVIMIENTOS!$B9="AJUSTE","AJUSTE inventario ("&MOVIMIENTOS!$C9&")",MOVIMIENTOS!$B9)))))))))),"") | M10: =IF(AND(AND(MOVIMIENTOS!$B9<>"",NOT(AND(MOVIMIENTOS!$B9="PROCESO",MOVIMIENTOS!$C9<>"Chancho")),NOT(AND(MOVIMIENTOS!$B9="SALDO INICIAL",MOVIMIENTOS!$C9="Chancho"))),OR(MOVIMIENTOS!$B9="SALDO INICIAL",MOVIMIENTOS!$B9="COMPRA",MOVIMIENTOS!$B9="REPROCESO",AND(MOVIMIENTOS!$B9="AJUSTE",MOVIMIENTOS!$C9<>"Chancho",N(MOVIMIENTOS!$F9)>=0))),N(MOVIMIENTOS!$F9),"") | N10: =IF(AND(AND(MOVIMIENTOS!$B9<>"",NOT(AND(MOVIMIENTOS!$B9="PROCESO",MOVIMIENTOS!$C9<>"Chancho")),NOT(AND(MOVIMIENTOS!$B9="SALDO INICIAL",MOVIMIENTOS!$C9="Chancho"))),OR(MOVIMIENTOS!$B9="ENVÍO A SUPESA",MOVIMIENTOS!$B9="MALOGRADO",MOVIMIENTOS!$B9="OTRA SALIDA",MOVIMIENTOS!$B9="TRASIEGO",AND(MOVIMIENTOS!$B9="PROCESO",MOVIMIENTOS!$C9="Chancho"),AND(MOVIMIENTOS!$B9="REGALO",MOVIMIENTOS!$C9<>"Chancho"),AND(MOVIMIENTOS!$B9="VENTA",MOVIMIENTOS!$C9<>"Chancho"),AND(MOVIMIENTOS!$B9="AJUSTE",MOVIMIENTOS!$C9<>"Chancho",N(MOVIMIENTOS!$F9)<0))),IF(MOVIMIENTOS!$B9="AJUSTE",-N(MOVIMIENTOS!$F9),N(MOVIMIENTOS!$F9)),"") | O10: =IF(AND(MOVIMIENTOS!$B9<>"",NOT(AND(MOVIMIENTOS!$B9="PROCESO",MOVIMIENTOS!$C9<>"Chancho")),NOT(AND(MOVIMIENTOS!$B9="SALDO INICIAL",MOVIMIENTOS!$C9="Chancho"))),TRIM(IF(MOVIMIENTOS!$G9<>"",IF(MOVIMIENTOS!$B9="ENVÍO A SUPESA","G-"&MOVIMIENTOS!$G9,MOVIMIENTOS!$G9)&" ","")&IF(N(MOVIMIENTOS!$E9)>0,MOVIMIENTOS!$E9&" "&MOVIMIENTOS!$D9,"")),"") | P10: =N(P9)+N(M10)-N(N10) -> 3089
A11: =IFERROR(INDEX(K$6:K$401,MATCH(ROW()-5,J$6:J$401,0)),"") -> 46215 | B11: =IFERROR(INDEX(L$6:L$401,MATCH(ROW()-5,J$6:J$401,0)),"") -> ENVÍO SUPESA cal. P | C11: =IFERROR(INDEX(M$6:M$401,MATCH(ROW()-5,J$6:J$401,0)),"") | D11: =IFERROR(INDEX(N$6:N$401,MATCH(ROW()-5,J$6:J$401,0)),"") -> 198 | E11: =IFERROR(INDEX(O$6:O$401,MATCH(ROW()-5,J$6:J$401,0)),"") -> G-2977 11 jabas | F11: =IFERROR(INDEX(P$6:P$401,MATCH(ROW()-5,J$6:J$401,0)),"") -> 1316 | J11: =IF(AND(MOVIMIENTOS!$B10<>"",NOT(AND(MOVIMIENTOS!$B10="PROCESO",MOVIMIENTOS!$C10<>"Chancho")),NOT(AND(MOVIMIENTOS!$B10="SALDO INICIAL",MOVIMIENTOS!$C10="Chancho"))),COUNT(J$5:J10)+1,"") | K11: =IF(AND(MOVIMIENTOS!$B10<>"",NOT(AND(MOVIMIENTOS!$B10="PROCESO",MOVIMIENTOS!$C10<>"Chancho")),NOT(AND(MOVIMIENTOS!$B10="SALDO INICIAL",MOVIMIENTOS!$C10="Chancho"))),MOVIMIENTOS!$A10,"") | L11: =IF(AND(MOVIMIENTOS!$B10<>"",NOT(AND(MOVIMIENTOS!$B10="PROCESO",MOVIMIENTOS!$C10<>"Chancho")),NOT(AND(MOVIMIENTOS!$B10="SALDO INICIAL",MOVIMIENTOS!$C10="Chancho"))),IF(MOVIMIENTOS!$B10="SALDO INICIAL","APERTURA ("&MOVIMIENTOS!$C10&")",IF(MOVIMIENTOS!$B10="COMPRA","INGRESO (compra)",IF(MOVIMIENTOS!$B10="PROCESO","CHANCHO (proceso)",IF(MOVIMIENTOS!$B10="ENVÍO A SUPESA","ENVÍO SUPESA cal. "&MOVIMIENTOS!$C10,IF(MOVIMIENTOS!$B10="VENTA CHANCHO","VENTA CHANCHO",IF(MOVIMIENTOS!$B10="DEVOLUCIÓN","DEVOLUCIÓN cal. "&MOVIMIENTOS!$C10,IF(MOVIMIENTOS!$B10="TRASIEGO","TRASIEGO cal. "&MOVIMIENTOS!$C10,IF(MOVIMIENTOS!$B10="REGALO","REGALO "&MOVIMIENTOS!$C10,IF(MOVIMIENTOS!$B10="VENTA","VENTA "&MOVIMIENTOS!$C10,IF(MOVIMIENTOS!$B10="AJUSTE","AJUSTE inventario ("&MOVIMIENTOS!$C10&")",MOVIMIENTOS!$B10)))))))))),"") | M11: =IF(AND(AND(MOVIMIENTOS!$B10<>"",NOT(AND(MOVIMIENTOS!$B10="PROCESO",MOVIMIENTOS!$C10<>"Chancho")),NOT(AND(MOVIMIENTOS!$B10="SALDO INICIAL",MOVIMIENTOS!$C10="Chancho"))),OR(MOVIMIENTOS!$B10="SALDO INICIAL",MOVIMIENTOS!$B10="COMPRA",MOVIMIENTOS!$B10="REPROCESO",AND(MOVIMIENTOS!$B10="AJUSTE",MOVIMIENTOS!$C10<>"Chancho",N(MOVIMIENTOS!$F10)>=0))),N(MOVIMIENTOS!$F10),"") | N11: =IF(AND(AND(MOVIMIENTOS!$B10<>"",NOT(AND(MOVIMIENTOS!$B10="PROCESO",MOVIMIENTOS!$C10<>"Chancho")),NOT(AND(MOVIMIENTOS!$B10="SALDO INICIAL",MOVIMIENTOS!$C10="Chancho"))),OR(MOVIMIENTOS!$B10="ENVÍO A SUPESA",MOVIMIENTOS!$B10="MALOGRADO",MOVIMIENTOS!$B10="OTRA SALIDA",MOVIMIENTOS!$B10="TRASIEGO",AND(MOVIMIENTOS!$B10="PROCESO",MOVIMIENTOS!$C10="Chancho"),AND(MOVIMIENTOS!$B10="REGALO",MOVIMIENTOS!$C10<>"Chancho"),AND(MOVIMIENTOS!$B10="VENTA",MOVIMIENTOS!$C10<>"Chancho"),AND(MOVIMIENTOS!$B10="AJUSTE",MOVIMIENTOS!$C10<>"Chancho",N(MOVIMIENTOS!$F10)<0))),IF(MOVIMIENTOS!$B10="AJUSTE",-N(MOVIMIENTOS!$F10),N(MOVIMIENTOS!$F10)),"") | O11: =IF(AND(MOVIMIENTOS!$B10<>"",NOT(AND(MOVIMIENTOS!$B10="PROCESO",MOVIMIENTOS!$C10<>"Chancho")),NOT(AND(MOVIMIENTOS!$B10="SALDO INICIAL",MOVIMIENTOS!$C10="Chancho"))),TRIM(IF(MOVIMIENTOS!$G10<>"",IF(MOVIMIENTOS!$B10="ENVÍO A SUPESA","G-"&MOVIMIENTOS!$G10,MOVIMIENTOS!$G10)&" ","")&IF(N(MOVIMIENTOS!$E10)>0,MOVIMIENTOS!$E10&" "&MOVIMIENTOS!$D10,"")),"") | P11: =N(P10)+N(M11)-N(N11) -> 3089
A12: =IFERROR(INDEX(K$6:K$401,MATCH(ROW()-5,J$6:J$401,0)),"") -> 46215 | B12: =IFERROR(INDEX(L$6:L$401,MATCH(ROW()-5,J$6:J$401,0)),"") -> ENVÍO SUPESA cal. C | C12: =IFERROR(INDEX(M$6:M$401,MATCH(ROW()-5,J$6:J$401,0)),"") | D12: =IFERROR(INDEX(N$6:N$401,MATCH(ROW()-5,J$6:J$401,0)),"") -> 204 | E12: =IFERROR(INDEX(O$6:O$401,MATCH(ROW()-5,J$6:J$401,0)),"") -> G-2977 12 jabas | F12: =IFERROR(INDEX(P$6:P$401,MATCH(ROW()-5,J$6:J$401,0)),"") -> 1112 | J12: =IF(AND(MOVIMIENTOS!$B11<>"",NOT(AND(MOVIMIENTOS!$B11="PROCESO",MOVIMIENTOS!$C11<>"Chancho")),NOT(AND(MOVIMIENTOS!$B11="SALDO INICIAL",MOVIMIENTOS!$C11="Chancho"))),COUNT(J$5:J11)+1,"") | K12: =IF(AND(MOVIMIENTOS!$B11<>"",NOT(AND(MOVIMIENTOS!$B11="PROCESO",MOVIMIENTOS!$C11<>"Chancho")),NOT(AND(MOVIMIENTOS!$B11="SALDO INICIAL",MOVIMIENTOS!$C11="Chancho"))),MOVIMIENTOS!$A11,"") | L12: =IF(AND(MOVIMIENTOS!$B11<>"",NOT(AND(MOVIMIENTOS!$B11="PROCESO",MOVIMIENTOS!$C11<>"Chancho")),NOT(AND(MOVIMIENTOS!$B11="SALDO INICIAL",MOVIMIENTOS!$C11="Chancho"))),IF(MOVIMIENTOS!$B11="SALDO INICIAL","APERTURA ("&MOVIMIENTOS!$C11&")",IF(MOVIMIENTOS!$B11="COMPRA","INGRESO (compra)",IF(MOVIMIENTOS!$B11="PROCESO","CHANCHO (proceso)",IF(MOVIMIENTOS!$B11="ENVÍO A SUPESA","ENVÍO SUPESA cal. "&MOVIMIENTOS!$C11,IF(MOVIMIENTOS!$B11="VENTA CHANCHO","VENTA CHANCHO",IF(MOVIMIENTOS!$B11="DEVOLUCIÓN","DEVOLUCIÓN cal. "&MOVIMIENTOS!$C11,IF(MOVIMIENTOS!$B11="TRASIEGO","TRASIEGO cal. "&MOVIMIENTOS!$C11,IF(MOVIMIENTOS!$B11="REGALO","REGALO "&MOVIMIENTOS!$C11,IF(MOVIMIENTOS!$B11="VENTA","VENTA "&MOVIMIENTOS!$C11,IF(MOVIMIENTOS!$B11="AJUSTE","AJUSTE inventario ("&MOVIMIENTOS!$C11&")",MOVIMIENTOS!$B11)))))))))),"") | M12: =IF(AND(AND(MOVIMIENTOS!$B11<>"",NOT(AND(MOVIMIENTOS!$B11="PROCESO",MOVIMIENTOS!$C11<>"Chancho")),NOT(AND(MOVIMIENTOS!$B11="SALDO INICIAL",MOVIMIENTOS!$C11="Chancho"))),OR(MOVIMIENTOS!$B11="SALDO INICIAL",MOVIMIENTOS!$B11="COMPRA",MOVIMIENTOS!$B11="REPROCESO",AND(MOVIMIENTOS!$B11="AJUSTE",MOVIMIENTOS!$C11<>"Chancho",N(MOVIMIENTOS!$F11)>=0))),N(MOVIMIENTOS!$F11),"") | N12: =IF(AND(AND(MOVIMIENTOS!$B11<>"",NOT(AND(MOVIMIENTOS!$B11="PROCESO",MOVIMIENTOS!$C11<>"Chancho")),NOT(AND(MOVIMIENTOS!$B11="SALDO INICIAL",MOVIMIENTOS!$C11="Chancho"))),OR(MOVIMIENTOS!$B11="ENVÍO A SUPESA",MOVIMIENTOS!$B11="MALOGRADO",MOVIMIENTOS!$B11="OTRA SALIDA",MOVIMIENTOS!$B11="TRASIEGO",AND(MOVIMIENTOS!$B11="PROCESO",MOVIMIENTOS!$C11="Chancho"),AND(MOVIMIENTOS!$B11="REGALO",MOVIMIENTOS!$C11<>"Chancho"),AND(MOVIMIENTOS!$B11="VENTA",MOVIMIENTOS!$C11<>"Chancho"),AND(MOVIMIENTOS!$B11="AJUSTE",MOVIMIENTOS!$C11<>"Chancho",N(MOVIMIENTOS!$F11)<0))),IF(MOVIMIENTOS!$B11="AJUSTE",-N(MOVIMIENTOS!$F11),N(MOVIMIENTOS!$F11)),"") | O12: =IF(AND(MOVIMIENTOS!$B11<>"",NOT(AND(MOVIMIENTOS!$B11="PROCESO",MOVIMIENTOS!$C11<>"Chancho")),NOT(AND(MOVIMIENTOS!$B11="SALDO INICIAL",MOVIMIENTOS!$C11="Chancho"))),TRIM(IF(MOVIMIENTOS!$G11<>"",IF(MOVIMIENTOS!$B11="ENVÍO A SUPESA","G-"&MOVIMIENTOS!$G11,MOVIMIENTOS!$G11)&" ","")&IF(N(MOVIMIENTOS!$E11)>0,MOVIMIENTOS!$E11&" "&MOVIMIENTOS!$D11,"")),"") | P12: =N(P11)+N(M12)-N(N12) -> 3089
A13: =IFERROR(INDEX(K$6:K$401,MATCH(ROW()-5,J$6:J$401,0)),"") -> 46215 | B13: =IFERROR(INDEX(L$6:L$401,MATCH(ROW()-5,J$6:J$401,0)),"") -> ENVÍO SUPESA cal. M | C13: =IFERROR(INDEX(M$6:M$401,MATCH(ROW()-5,J$6:J$401,0)),"") | D13: =IFERROR(INDEX(N$6:N$401,MATCH(ROW()-5,J$6:J$401,0)),"") -> 714 | E13: =IFERROR(INDEX(O$6:O$401,MATCH(ROW()-5,J$6:J$401,0)),"") -> G-2977 42 jabas | F13: =IFERROR(INDEX(P$6:P$401,MATCH(ROW()-5,J$6:J$401,0)),"") -> 398 | J13: =IF(AND(MOVIMIENTOS!$B12<>"",NOT(AND(MOVIMIENTOS!$B12="PROCESO",MOVIMIENTOS!$C12<>"Chancho")),NOT(AND(MOVIMIENTOS!$B12="SALDO INICIAL",MOVIMIENTOS!$C12="Chancho"))),COUNT(J$5:J12)+1,"") | K13: =IF(AND(MOVIMIENTOS!$B12<>"",NOT(AND(MOVIMIENTOS!$B12="PROCESO",MOVIMIENTOS!$C12<>"Chancho")),NOT(AND(MOVIMIENTOS!$B12="SALDO INICIAL",MOVIMIENTOS!$C12="Chancho"))),MOVIMIENTOS!$A12,"") | L13: =IF(AND(MOVIMIENTOS!$B12<>"",NOT(AND(MOVIMIENTOS!$B12="PROCESO",MOVIMIENTOS!$C12<>"Chancho")),NOT(AND(MOVIMIENTOS!$B12="SALDO INICIAL",MOVIMIENTOS!$C12="Chancho"))),IF(MOVIMIENTOS!$B12="SALDO INICIAL","APERTURA ("&MOVIMIENTOS!$C12&")",IF(MOVIMIENTOS!$B12="COMPRA","INGRESO (compra)",IF(MOVIMIENTOS!$B12="PROCESO","CHANCHO (proceso)",IF(MOVIMIENTOS!$B12="ENVÍO A SUPESA","ENVÍO SUPESA cal. "&MOVIMIENTOS!$C12,IF(MOVIMIENTOS!$B12="VENTA CHANCHO","VENTA CHANCHO",IF(MOVIMIENTOS!$B12="DEVOLUCIÓN","DEVOLUCIÓN cal. "&MOVIMIENTOS!$C12,IF(MOVIMIENTOS!$B12="TRASIEGO","TRASIEGO cal. "&MOVIMIENTOS!$C12,IF(MOVIMIENTOS!$B12="REGALO","REGALO "&MOVIMIENTOS!$C12,IF(MOVIMIENTOS!$B12="VENTA","VENTA "&MOVIMIENTOS!$C12,IF(MOVIMIENTOS!$B12="AJUSTE","AJUSTE inventario ("&MOVIMIENTOS!$C12&")",MOVIMIENTOS!$B12)))))))))),"") | M13: =IF(AND(AND(MOVIMIENTOS!$B12<>"",NOT(AND(MOVIMIENTOS!$B12="PROCESO",MOVIMIENTOS!$C12<>"Chancho")),NOT(AND(MOVIMIENTOS!$B12="SALDO INICIAL",MOVIMIENTOS!$C12="Chancho"))),OR(MOVIMIENTOS!$B12="SALDO INICIAL",MOVIMIENTOS!$B12="COMPRA",MOVIMIENTOS!$B12="REPROCESO",AND(MOVIMIENTOS!$B12="AJUSTE",MOVIMIENTOS!$C12<>"Chancho",N(MOVIMIENTOS!$F12)>=0))),N(MOVIMIENTOS!$F12),"") | N13: =IF(AND(AND(MOVIMIENTOS!$B12<>"",NOT(AND(MOVIMIENTOS!$B12="PROCESO",MOVIMIENTOS!$C12<>"Chancho")),NOT(AND(MOVIMIENTOS!$B12="SALDO INICIAL",MOVIMIENTOS!$C12="Chancho"))),OR(MOVIMIENTOS!$B12="ENVÍO A SUPESA",MOVIMIENTOS!$B12="MALOGRADO",MOVIMIENTOS!$B12="OTRA SALIDA",MOVIMIENTOS!$B12="TRASIEGO",AND(MOVIMIENTOS!$B12="PROCESO",MOVIMIENTOS!$C12="Chancho"),AND(MOVIMIENTOS!$B12="REGALO",MOVIMIENTOS!$C12<>"Chancho"),AND(MOVIMIENTOS!$B12="VENTA",MOVIMIENTOS!$C12<>"Chancho"),AND(MOVIMIENTOS!$B12="AJUSTE",MOVIMIENTOS!$C12<>"Chancho",N(MOVIMIENTOS!$F12)<0))),IF(MOVIMIENTOS!$B12="AJUSTE",-N(MOVIMIENTOS!$F12),N(MOVIMIENTOS!$F12)),"") | O13: =IF(AND(MOVIMIENTOS!$B12<>"",NOT(AND(MOVIMIENTOS!$B12="PROCESO",MOVIMIENTOS!$C12<>"Chancho")),NOT(AND(MOVIMIENTOS!$B12="SALDO INICIAL",MOVIMIENTOS!$C12="Chancho"))),TRIM(IF(MOVIMIENTOS!$G12<>"",IF(MOVIMIENTOS!$B12="ENVÍO A SUPESA","G-"&MOVIMIENTOS!$G12,MOVIMIENTOS!$G12)&" ","")&IF(N(MOVIMIENTOS!$E12)>0,MOVIMIENTOS!$E12&" "&MOVIMIENTOS!$D12,"")),"") | P13: =N(P12)+N(M13)-N(N13) -> 3089
A14: =IFERROR(INDEX(K$6:K$401,MATCH(ROW()-5,J$6:J$401,0)),"") -> 46216 | B14: =IFERROR(INDEX(L$6:L$401,MATCH(ROW()-5,J$6:J$401,0)),"") -> INGRESO (compra) | C14: =IFERROR(INDEX(M$6:M$401,MATCH(ROW()-5,J$6:J$401,0)),"") -> 3800 | D14: =IFERROR(INDEX(N$6:N$401,MATCH(ROW()-5,J$6:J$401,0)),"") | E14: =IFERROR(INDEX(O$6:O$401,MATCH(ROW()-5,J$6:J$401,0)),"") -> 40 sacos | F14: =IFERROR(INDEX(P$6:P$401,MATCH(ROW()-5,J$6:J$401,0)),"") -> 4198 | J14: =IF(AND(MOVIMIENTOS!$B13<>"",NOT(AND(MOVIMIENTOS!$B13="PROCESO",MOVIMIENTOS!$C13<>"Chancho")),NOT(AND(MOVIMIENTOS!$B13="SALDO INICIAL",MOVIMIENTOS!$C13="Chancho"))),COUNT(J$5:J13)+1,"") -> 4 | K14: =IF(AND(MOVIMIENTOS!$B13<>"",NOT(AND(MOVIMIENTOS!$B13="PROCESO",MOVIMIENTOS!$C13<>"Chancho")),NOT(AND(MOVIMIENTOS!$B13="SALDO INICIAL",MOVIMIENTOS!$C13="Chancho"))),MOVIMIENTOS!$A13,"") -> 46215 | L14: =IF(AND(MOVIMIENTOS!$B13<>"",NOT(AND(MOVIMIENTOS!$B13="PROCESO",MOVIMIENTOS!$C13<>"Chancho")),NOT(AND(MOVIMIENTOS!$B13="SALDO INICIAL",MOVIMIENTOS!$C13="Chancho"))),IF(MOVIMIENTOS!$B13="SALDO INICIAL","APERTURA ("&MOVIMIENTOS!$C13&")",IF(MOVIMIENTOS!$B13="COMPRA","INGRESO (compra)",IF(MOVIMIENTOS!$B13="PROCESO","CHANCHO (proceso)",IF(MOVIMIENTOS!$B13="ENVÍO A SUPESA","ENVÍO SUPESA cal. "&MOVIMIENTOS!$C13,IF(MOVIMIENTOS!$B13="VENTA CHANCHO","VENTA CHANCHO",IF(MOVIMIENTOS!$B13="DEVOLUCIÓN","DEVOLUCIÓN cal. "&MOVIMIENTOS!$C13,IF(MOVIMIENTOS!$B13="TRASIEGO","TRASIEGO cal. "&MOVIMIENTOS!$C13,IF(MOVIMIENTOS!$B13="REGALO","REGALO "&MOVIMIENTOS!$C13,IF(MOVIMIENTOS!$B13="VENTA","VENTA "&MOVIMIENTOS!$C13,IF(MOVIMIENTOS!$B13="AJUSTE","AJUSTE inventario ("&MOVIMIENTOS!$C13&")",MOVIMIENTOS!$B13)))))))))),"") -> CHANCHO (proceso) | M14: =IF(AND(AND(MOVIMIENTOS!$B13<>"",NOT(AND(MOVIMIENTOS!$B13="PROCESO",MOVIMIENTOS!$C13<>"Chancho")),NOT(AND(MOVIMIENTOS!$B13="SALDO INICIAL",MOVIMIENTOS!$C13="Chancho"))),OR(MOVIMIENTOS!$B13="SALDO INICIAL",MOVIMIENTOS!$B13="COMPRA",MOVIMIENTOS!$B13="REPROCESO",AND(MOVIMIENTOS!$B13="AJUSTE",MOVIMIENTOS!$C13<>"Chancho",N(MOVIMIENTOS!$F13)>=0))),N(MOVIMIENTOS!$F13),"") | N14: =IF(AND(AND(MOVIMIENTOS!$B13<>"",NOT(AND(MOVIMIENTOS!$B13="PROCESO",MOVIMIENTOS!$C13<>"Chancho")),NOT(AND(MOVIMIENTOS!$B13="SALDO INICIAL",MOVIMIENTOS!$C13="Chancho"))),OR(MOVIMIENTOS!$B13="ENVÍO A SUPESA",MOVIMIENTOS!$B13="MALOGRADO",MOVIMIENTOS!$B13="OTRA SALIDA",MOVIMIENTOS!$B13="TRASIEGO",AND(MOVIMIENTOS!$B13="PROCESO",MOVIMIENTOS!$C13="Chancho"),AND(MOVIMIENTOS!$B13="REGALO",MOVIMIENTOS!$C13<>"Chancho"),AND(MOVIMIENTOS!$B13="VENTA",MOVIMIENTOS!$C13<>"Chancho"),AND(MOVIMIENTOS!$B13="AJUSTE",MOVIMIENTOS!$C13<>"Chancho",N(MOVIMIENTOS!$F13)<0))),IF(MOVIMIENTOS!$B13="AJUSTE",-N(MOVIMIENTOS!$F13),N(MOVIMIENTOS!$F13)),"") -> 570 | O14: =IF(AND(MOVIMIENTOS!$B13<>"",NOT(AND(MOVIMIENTOS!$B13="PROCESO",MOVIMIENTOS!$C13<>"Chancho")),NOT(AND(MOVIMIENTOS!$B13="SALDO INICIAL",MOVIMIENTOS!$C13="Chancho"))),TRIM(IF(MOVIMIENTOS!$G13<>"",IF(MOVIMIENTOS!$B13="ENVÍO A SUPESA","G-"&MOVIMIENTOS!$G13,MOVIMIENTOS!$G13)&" ","")&IF(N(MOVIMIENTOS!$E13)>0,MOVIMIENTOS!$E13&" "&MOVIMIENTOS!$D13,"")),"") -> 6 sacos | P14: =N(P13)+N(M14)-N(N14) -> 2519
A15: =IFERROR(INDEX(K$6:K$401,MATCH(ROW()-5,J$6:J$401,0)),"") -> 46216 | B15: =IFERROR(INDEX(L$6:L$401,MATCH(ROW()-5,J$6:J$401,0)),"") -> CHANCHO (proceso) | C15: =IFERROR(INDEX(M$6:M$401,MATCH(ROW()-5,J$6:J$401,0)),"") | D15: =IFERROR(INDEX(N$6:N$401,MATCH(ROW()-5,J$6:J$401,0)),"") -> 190 | E15: =IFERROR(INDEX(O$6:O$401,MATCH(ROW()-5,J$6:J$401,0)),"") -> 2 sacos | F15: =IFERROR(INDEX(P$6:P$401,MATCH(ROW()-5,J$6:J$401,0)),"") -> 4008 | J15: =IF(AND(MOVIMIENTOS!$B14<>"",NOT(AND(MOVIMIENTOS!$B14="PROCESO",MOVIMIENTOS!$C14<>"Chancho")),NOT(AND(MOVIMIENTOS!$B14="SALDO INICIAL",MOVIMIENTOS!$C14="Chancho"))),COUNT(J$5:J14)+1,"") -> 5 | K15: =IF(AND(MOVIMIENTOS!$B14<>"",NOT(AND(MOVIMIENTOS!$B14="PROCESO",MOVIMIENTOS!$C14<>"Chancho")),NOT(AND(MOVIMIENTOS!$B14="SALDO INICIAL",MOVIMIENTOS!$C14="Chancho"))),MOVIMIENTOS!$A14,"") -> 46215 | L15: =IF(AND(MOVIMIENTOS!$B14<>"",NOT(AND(MOVIMIENTOS!$B14="PROCESO",MOVIMIENTOS!$C14<>"Chancho")),NOT(AND(MOVIMIENTOS!$B14="SALDO INICIAL",MOVIMIENTOS!$C14="Chancho"))),IF(MOVIMIENTOS!$B14="SALDO INICIAL","APERTURA ("&MOVIMIENTOS!$C14&")",IF(MOVIMIENTOS!$B14="COMPRA","INGRESO (compra)",IF(MOVIMIENTOS!$B14="PROCESO","CHANCHO (proceso)",IF(MOVIMIENTOS!$B14="ENVÍO A SUPESA","ENVÍO SUPESA cal. "&MOVIMIENTOS!$C14,IF(MOVIMIENTOS!$B14="VENTA CHANCHO","VENTA CHANCHO",IF(MOVIMIENTOS!$B14="DEVOLUCIÓN","DEVOLUCIÓN cal. "&MOVIMIENTOS!$C14,IF(MOVIMIENTOS!$B14="TRASIEGO","TRASIEGO cal. "&MOVIMIENTOS!$C14,IF(MOVIMIENTOS!$B14="REGALO","REGALO "&MOVIMIENTOS!$C14,IF(MOVIMIENTOS!$B14="VENTA","VENTA "&MOVIMIENTOS!$C14,IF(MOVIMIENTOS!$B14="AJUSTE","AJUSTE inventario ("&MOVIMIENTOS!$C14&")",MOVIMIENTOS!$B14)))))))))),"") -> ENVÍO SUPESA cal. A | M15: =IF(AND(AND(MOVIMIENTOS!$B14<>"",NOT(AND(MOVIMIENTOS!$B14="PROCESO",MOVIMIENTOS!$C14<>"Chancho")),NOT(AND(MOVIMIENTOS!$B14="SALDO INICIAL",MOVIMIENTOS!$C14="Chancho"))),OR(MOVIMIENTOS!$B14="SALDO INICIAL",MOVIMIENTOS!$B14="COMPRA",MOVIMIENTOS!$B14="REPROCESO",AND(MOVIMIENTOS!$B14="AJUSTE",MOVIMIENTOS!$C14<>"Chancho",N(MOVIMIENTOS!$F14)>=0))),N(MOVIMIENTOS!$F14),"") | N15: =IF(AND(AND(MOVIMIENTOS!$B14<>"",NOT(AND(MOVIMIENTOS!$B14="PROCESO",MOVIMIENTOS!$C14<>"Chancho")),NOT(AND(MOVIMIENTOS!$B14="SALDO INICIAL",MOVIMIENTOS!$C14="Chancho"))),OR(MOVIMIENTOS!$B14="ENVÍO A SUPESA",MOVIMIENTOS!$B14="MALOGRADO",MOVIMIENTOS!$B14="OTRA SALIDA",MOVIMIENTOS!$B14="TRASIEGO",AND(MOVIMIENTOS!$B14="PROCESO",MOVIMIENTOS!$C14="Chancho"),AND(MOVIMIENTOS!$B14="REGALO",MOVIMIENTOS!$C14<>"Chancho"),AND(MOVIMIENTOS!$B14="VENTA",MOVIMIENTOS!$C14<>"Chancho"),AND(MOVIMIENTOS!$B14="AJUSTE",MOVIMIENTOS!$C14<>"Chancho",N(MOVIMIENTOS!$F14)<0))),IF(MOVIMIENTOS!$B14="AJUSTE",-N(MOVIMIENTOS!$F14),N(MOVIMIENTOS!$F14)),"") -> 1005 | O15: =IF(AND(MOVIMIENTOS!$B14<>"",NOT(AND(MOVIMIENTOS!$B14="PROCESO",MOVIMIENTOS!$C14<>"Chancho")),NOT(AND(MOVIMIENTOS!$B14="SALDO INICIAL",MOVIMIENTOS!$C14="Chancho"))),TRIM(IF(MOVIMIENTOS!$G14<>"",IF(MOVIMIENTOS!$B14="ENVÍO A SUPESA","G-"&MOVIMIENTOS!$G14,MOVIMIENTOS!$G14)&" ","")&IF(N(MOVIMIENTOS!$E14)>0,MOVIMIENTOS!$E14&" "&MOVIMIENTOS!$D14,"")),"") -> G-2977 67 jabas | P15: =N(P14)+N(M15)-N(N15) -> 1514
A16: =IFERROR(INDEX(K$6:K$401,MATCH(ROW()-5,J$6:J$401,0)),"") -> 46216 | B16: =IFERROR(INDEX(L$6:L$401,MATCH(ROW()-5,J$6:J$401,0)),"") -> ENVÍO SUPESA cal. A | C16: =IFERROR(INDEX(M$6:M$401,MATCH(ROW()-5,J$6:J$401,0)),"") | D16: =IFERROR(INDEX(N$6:N$401,MATCH(ROW()-5,J$6:J$401,0)),"") -> 1005 | E16: =IFERROR(INDEX(O$6:O$401,MATCH(ROW()-5,J$6:J$401,0)),"") -> G-2980 67 jabas | F16: =IFERROR(INDEX(P$6:P$401,MATCH(ROW()-5,J$6:J$401,0)),"") -> 3003 | J16: =IF(AND(MOVIMIENTOS!$B15<>"",NOT(AND(MOVIMIENTOS!$B15="PROCESO",MOVIMIENTOS!$C15<>"Chancho")),NOT(AND(MOVIMIENTOS!$B15="SALDO INICIAL",MOVIMIENTOS!$C15="Chancho"))),COUNT(J$5:J15)+1,"") -> 6 | K16: =IF(AND(MOVIMIENTOS!$B15<>"",NOT(AND(MOVIMIENTOS!$B15="PROCESO",MOVIMIENTOS!$C15<>"Chancho")),NOT(AND(MOVIMIENTOS!$B15="SALDO INICIAL",MOVIMIENTOS!$C15="Chancho"))),MOVIMIENTOS!$A15,"") -> 46215 | L16: =IF(AND(MOVIMIENTOS!$B15<>"",NOT(AND(MOVIMIENTOS!$B15="PROCESO",MOVIMIENTOS!$C15<>"Chancho")),NOT(AND(MOVIMIENTOS!$B15="SALDO INICIAL",MOVIMIENTOS!$C15="Chancho"))),IF(MOVIMIENTOS!$B15="SALDO INICIAL","APERTURA ("&MOVIMIENTOS!$C15&")",IF(MOVIMIENTOS!$B15="COMPRA","INGRESO (compra)",IF(MOVIMIENTOS!$B15="PROCESO","CHANCHO (proceso)",IF(MOVIMIENTOS!$B15="ENVÍO A SUPESA","ENVÍO SUPESA cal. "&MOVIMIENTOS!$C15,IF(MOVIMIENTOS!$B15="VENTA CHANCHO","VENTA CHANCHO",IF(MOVIMIENTOS!$B15="DEVOLUCIÓN","DEVOLUCIÓN cal. "&MOVIMIENTOS!$C15,IF(MOVIMIENTOS!$B15="TRASIEGO","TRASIEGO cal. "&MOVIMIENTOS!$C15,IF(MOVIMIENTOS!$B15="REGALO","REGALO "&MOVIMIENTOS!$C15,IF(MOVIMIENTOS!$B15="VENTA","VENTA "&MOVIMIENTOS!$C15,IF(MOVIMIENTOS!$B15="AJUSTE","AJUSTE inventario ("&MOVIMIENTOS!$C15&")",MOVIMIENTOS!$B15)))))))))),"") -> ENVÍO SUPESA cal. P | M16: =IF(AND(AND(MOVIMIENTOS!$B15<>"",NOT(AND(MOVIMIENTOS!$B15="PROCESO",MOVIMIENTOS!$C15<>"Chancho")),NOT(AND(MOVIMIENTOS!$B15="SALDO INICIAL",MOVIMIENTOS!$C15="Chancho"))),OR(MOVIMIENTOS!$B15="SALDO INICIAL",MOVIMIENTOS!$B15="COMPRA",MOVIMIENTOS!$B15="REPROCESO",AND(MOVIMIENTOS!$B15="AJUSTE",MOVIMIENTOS!$C15<>"Chancho",N(MOVIMIENTOS!$F15)>=0))),N(MOVIMIENTOS!$F15),"") | N16: =IF(AND(AND(MOVIMIENTOS!$B15<>"",NOT(AND(MOVIMIENTOS!$B15="PROCESO",MOVIMIENTOS!$C15<>"Chancho")),NOT(AND(MOVIMIENTOS!$B15="SALDO INICIAL",MOVIMIENTOS!$C15="Chancho"))),OR(MOVIMIENTOS!$B15="ENVÍO A SUPESA",MOVIMIENTOS!$B15="MALOGRADO",MOVIMIENTOS!$B15="OTRA SALIDA",MOVIMIENTOS!$B15="TRASIEGO",AND(MOVIMIENTOS!$B15="PROCESO",MOVIMIENTOS!$C15="Chancho"),AND(MOVIMIENTOS!$B15="REGALO",MOVIMIENTOS!$C15<>"Chancho"),AND(MOVIMIENTOS!$B15="VENTA",MOVIMIENTOS!$C15<>"Chancho"),AND(MOVIMIENTOS!$B15="AJUSTE",MOVIMIENTOS!$C15<>"Chancho",N(MOVIMIENTOS!$F15)<0))),IF(MOVIMIENTOS!$B15="AJUSTE",-N(MOVIMIENTOS!$F15),N(MOVIMIENTOS!$F15)),"") -> 198 | O16: =IF(AND(MOVIMIENTOS!$B15<>"",NOT(AND(MOVIMIENTOS!$B15="PROCESO",MOVIMIENTOS!$C15<>"Chancho")),NOT(AND(MOVIMIENTOS!$B15="SALDO INICIAL",MOVIMIENTOS!$C15="Chancho"))),TRIM(IF(MOVIMIENTOS!$G15<>"",IF(MOVIMIENTOS!$B15="ENVÍO A SUPESA","G-"&MOVIMIENTOS!$G15,MOVIMIENTOS!$G15)&" ","")&IF(N(MOVIMIENTOS!$E15)>0,MOVIMIENTOS!$E15&" "&MOVIMIENTOS!$D15,"")),"") -> G-2977 11 jabas | P16: =N(P15)+N(M16)-N(N16) -> 1316
A17: =IFERROR(INDEX(K$6:K$401,MATCH(ROW()-5,J$6:J$401,0)),"") -> 46216 | B17: =IFERROR(INDEX(L$6:L$401,MATCH(ROW()-5,J$6:J$401,0)),"") -> ENVÍO SUPESA cal. P | C17: =IFERROR(INDEX(M$6:M$401,MATCH(ROW()-5,J$6:J$401,0)),"") | D17: =IFERROR(INDEX(N$6:N$401,MATCH(ROW()-5,J$6:J$401,0)),"") -> 198 | E17: =IFERROR(INDEX(O$6:O$401,MATCH(ROW()-5,J$6:J$401,0)),"") -> G-2980 11 jabas | F17: =IFERROR(INDEX(P$6:P$401,MATCH(ROW()-5,J$6:J$401,0)),"") -> 2805 | J17: =IF(AND(MOVIMIENTOS!$B16<>"",NOT(AND(MOVIMIENTOS!$B16="PROCESO",MOVIMIENTOS!$C16<>"Chancho")),NOT(AND(MOVIMIENTOS!$B16="SALDO INICIAL",MOVIMIENTOS!$C16="Chancho"))),COUNT(J$5:J16)+1,"") -> 7 | K17: =IF(AND(MOVIMIENTOS!$B16<>"",NOT(AND(MOVIMIENTOS!$B16="PROCESO",MOVIMIENTOS!$C16<>"Chancho")),NOT(AND(MOVIMIENTOS!$B16="SALDO INICIAL",MOVIMIENTOS!$C16="Chancho"))),MOVIMIENTOS!$A16,"") -> 46215 | L17: =IF(AND(MOVIMIENTOS!$B16<>"",NOT(AND(MOVIMIENTOS!$B16="PROCESO",MOVIMIENTOS!$C16<>"Chancho")),NOT(AND(MOVIMIENTOS!$B16="SALDO INICIAL",MOVIMIENTOS!$C16="Chancho"))),IF(MOVIMIENTOS!$B16="SALDO INICIAL","APERTURA ("&MOVIMIENTOS!$C16&")",IF(MOVIMIENTOS!$B16="COMPRA","INGRESO (compra)",IF(MOVIMIENTOS!$B16="PROCESO","CHANCHO (proceso)",IF(MOVIMIENTOS!$B16="ENVÍO A SUPESA","ENVÍO SUPESA cal. "&MOVIMIENTOS!$C16,IF(MOVIMIENTOS!$B16="VENTA CHANCHO","VENTA CHANCHO",IF(MOVIMIENTOS!$B16="DEVOLUCIÓN","DEVOLUCIÓN cal. "&MOVIMIENTOS!$C16,IF(MOVIMIENTOS!$B16="TRASIEGO","TRASIEGO cal. "&MOVIMIENTOS!$C16,IF(MOVIMIENTOS!$B16="REGALO","REGALO "&MOVIMIENTOS!$C16,IF(MOVIMIENTOS!$B16="VENTA","VENTA "&MOVIMIENTOS!$C16,IF(MOVIMIENTOS!$B16="AJUSTE","AJUSTE inventario ("&MOVIMIENTOS!$C16&")",MOVIMIENTOS!$B16)))))))))),"") -> ENVÍO SUPESA cal. C | M17: =IF(AND(AND(MOVIMIENTOS!$B16<>"",NOT(AND(MOVIMIENTOS!$B16="PROCESO",MOVIMIENTOS!$C16<>"Chancho")),NOT(AND(MOVIMIENTOS!$B16="SALDO INICIAL",MOVIMIENTOS!$C16="Chancho"))),OR(MOVIMIENTOS!$B16="SALDO INICIAL",MOVIMIENTOS!$B16="COMPRA",MOVIMIENTOS!$B16="REPROCESO",AND(MOVIMIENTOS!$B16="AJUSTE",MOVIMIENTOS!$C16<>"Chancho",N(MOVIMIENTOS!$F16)>=0))),N(MOVIMIENTOS!$F16),"") | N17: =IF(AND(AND(MOVIMIENTOS!$B16<>"",NOT(AND(MOVIMIENTOS!$B16="PROCESO",MOVIMIENTOS!$C16<>"Chancho")),NOT(AND(MOVIMIENTOS!$B16="SALDO INICIAL",MOVIMIENTOS!$C16="Chancho"))),OR(MOVIMIENTOS!$B16="ENVÍO A SUPESA",MOVIMIENTOS!$B16="MALOGRADO",MOVIMIENTOS!$B16="OTRA SALIDA",MOVIMIENTOS!$B16="TRASIEGO",AND(MOVIMIENTOS!$B16="PROCESO",MOVIMIENTOS!$C16="Chancho"),AND(MOVIMIENTOS!$B16="REGALO",MOVIMIENTOS!$C16<>"Chancho"),AND(MOVIMIENTOS!$B16="VENTA",MOVIMIENTOS!$C16<>"Chancho"),AND(MOVIMIENTOS!$B16="AJUSTE",MOVIMIENTOS!$C16<>"Chancho",N(MOVIMIENTOS!$F16)<0))),IF(MOVIMIENTOS!$B16="AJUSTE",-N(MOVIMIENTOS!$F16),N(MOVIMIENTOS!$F16)),"") -> 204 | O17: =IF(AND(MOVIMIENTOS!$B16<>"",NOT(AND(MOVIMIENTOS!$B16="PROCESO",MOVIMIENTOS!$C16<>"Chancho")),NOT(AND(MOVIMIENTOS!$B16="SALDO INICIAL",MOVIMIENTOS!$C16="Chancho"))),TRIM(IF(MOVIMIENTOS!$G16<>"",IF(MOVIMIENTOS!$B16="ENVÍO A SUPESA","G-"&MOVIMIENTOS!$G16,MOVIMIENTOS!$G16)&" ","")&IF(N(MOVIMIENTOS!$E16)>0,MOVIMIENTOS!$E16&" "&MOVIMIENTOS!$D16,"")),"") -> G-2977 12 jabas | P17: =N(P16)+N(M17)-N(N17) -> 1112
... A401: =IFERROR(INDEX(K$6:K$401,MATCH(ROW()-5,J$6:J$401,0)),"") | B401: =IFERROR(INDEX(L$6:L$401,MATCH(ROW()-5,J$6:J$401,0)),"") | C401: =IFERROR(INDEX(M$6:M$401,MATCH(ROW()-5,J$6:J$401,0)),"") | D401: =IFERROR(INDEX(N$6:N$401,MATCH(ROW()-5,J$6:J$401,0)),"") | E401: =IFERROR(INDEX(O$6:O$401,MATCH(ROW()-5,J$6:J$401,0)),"") | F401: =IFERROR(INDEX(P$6:P$401,MATCH(ROW()-5,J$6:J$401,0)),"") | J401: =IF(AND(MOVIMIENTOS!$B400<>"",NOT(AND(MOVIMIENTOS!$B400="PROCESO",MOVIMIENTOS!$C400<>"Chancho")),NOT(AND(MOVIMIENTOS!$B400="SALDO INICIAL",MOVIMIENTOS!$C400="Chancho"))),COUNT(J$5:J400)+1,"") | K401: =IF(AND(MOVIMIENTOS!$B400<>"",NOT(AND(MOVIMIENTOS!$B400="PROCESO",MOVIMIENTOS!$C400<>"Chancho")),NOT(AND(MOVIMIENTOS!$B400="SALDO INICIAL",MOVIMIENTOS!$C400="Chancho"))),MOVIMIENTOS!$A400,"") | L401: =IF(AND(MOVIMIENTOS!$B400<>"",NOT(AND(MOVIMIENTOS!$B400="PROCESO",MOVIMIENTOS!$C400<>"Chancho")),NOT(AND(MOVIMIENTOS!$B400="SALDO INICIAL",MOVIMIENTOS!$C400="Chancho"))),IF(MOVIMIENTOS!$B400="SALDO INICIAL","APERTURA ("&MOVIMIENTOS!$C400&")",IF(MOVIMIENTOS!$B400="COMPRA","INGRESO (compra)",IF(MOVIMIENTOS!$B400="PROCESO","CHANCHO (proceso)",IF(MOVIMIENTOS!$B400="ENVÍO A SUPESA","ENVÍO SUPESA cal. "&MOVIMIENTOS!$C400,IF(MOVIMIENTOS!$B400="VENTA CHANCHO","VENTA CHANCHO",IF(MOVIMIENTOS!$B400="DEVOLUCIÓN","DEVOLUCIÓN cal. "&MOVIMIENTOS!$C400,IF(MOVIMIENTOS!$B400="TRASIEGO","TRASIEGO cal. "&MOVIMIENTOS!$C400,IF(MOVIMIENTOS!$B400="REGALO","REGALO "&MOVIMIENTOS!$C400,IF(MOVIMIENTOS!$B400="VENTA","VENTA "&MOVIMIENTOS!$C400,IF(MOVIMIENTOS!$B400="AJUSTE","AJUSTE inventario ("&MOVIMIENTOS!$C400&")",MOVIMIENTOS!$B400)))))))))),"") | M401: =IF(AND(AND(MOVIMIENTOS!$B400<>"",NOT(AND(MOVIMIENTOS!$B400="PROCESO",MOVIMIENTOS!$C400<>"Chancho")),NOT(AND(MOVIMIENTOS!$B400="SALDO INICIAL",MOVIMIENTOS!$C400="Chancho"))),OR(MOVIMIENTOS!$B400="SALDO INICIAL",MOVIMIENTOS!$B400="COMPRA",MOVIMIENTOS!$B400="REPROCESO",AND(MOVIMIENTOS!$B400="AJUSTE",MOVIMIENTOS!$C400<>"Chancho",N(MOVIMIENTOS!$F400)>=0))),N(MOVIMIENTOS!$F400),"") | N401: =IF(AND(AND(MOVIMIENTOS!$B400<>"",NOT(AND(MOVIMIENTOS!$B400="PROCESO",MOVIMIENTOS!$C400<>"Chancho")),NOT(AND(MOVIMIENTOS!$B400="SALDO INICIAL",MOVIMIENTOS!$C400="Chancho"))),OR(MOVIMIENTOS!$B400="ENVÍO A SUPESA",MOVIMIENTOS!$B400="MALOGRADO",MOVIMIENTOS!$B400="OTRA SALIDA",MOVIMIENTOS!$B400="TRASIEGO",AND(MOVIMIENTOS!$B400="PROCESO",MOVIMIENTOS!$C400="Chancho"),AND(MOVIMIENTOS!$B400="REGALO",MOVIMIENTOS!$C400<>"Chancho"),AND(MOVIMIENTOS!$B400="VENTA",MOVIMIENTOS!$C400<>"Chancho"),AND(MOVIMIENTOS!$B400="AJUSTE",MOVIMIENTOS!$C400<>"Chancho",N(MOVIMIENTOS!$F400)<0))),IF(MOVIMIENTOS!$B400="AJUSTE",-N(MOVIMIENTOS!$F400),N(MOVIMIENTOS!$F400)),"") | O401: =IF(AND(MOVIMIENTOS!$B400<>"",NOT(AND(MOVIMIENTOS!$B400="PROCESO",MOVIMIENTOS!$C400<>"Chancho")),NOT(AND(MOVIMIENTOS!$B400="SALDO INICIAL",MOVIMIENTOS!$C400="Chancho"))),TRIM(IF(MOVIMIENTOS!$G400<>"",IF(MOVIMIENTOS!$B400="ENVÍO A SUPESA","G-"&MOVIMIENTOS!$G400,MOVIMIENTOS!$G400)&" ","")&IF(N(MOVIMIENTOS!$E400)>0,MOVIMIENTOS!$E400&" "&MOVIMIENTOS!$D400,"")),"") | P401: =N(P400)+N(M401)-N(N401) -> 6138.5

Sheet SALDO DIARIO
A1: AGRO PACAYALES · PLANTA CAMOTE 2026 | SALDO DIARIO — lo que queda en almacén al cierre de cada día
A2: Automático. Cada fila = cierre del día: jabas por calidad para contar el almacén, sacos de chancho y kg del kardex. La última fila con datos es tu stock de HOY: con eso sabes si te alcanza para el envío de mañana.
A4: Fecha | B4: A (jabas) | C4: P (jabas) | D4: C (jabas) | E4: M (jabas) | F4: Chancho (sacos) | G4: TOTAL jabas | H4: Stock Kg
A5: =IFERROR(INDEX(K$5:K$400,MATCH(ROW()-4,J$5:J$400,0)),"") -> 46214 | B5: =IF($A5="","",SUMPRODUCT((MOVIMIENTOS!$B$5:$B$400="SALDO INICIAL")*(MOVIMIENTOS!$C$5:$C$400="A")*(MOVIMIENTOS!$D$5:$D$400="jabas")*(ROW(MOVIMIENTOS!$B$5:$B$400)<=$L5)*MOVIMIENTOS!$E$5:$E$400)+SUMPRODUCT((MOVIMIENTOS!$B$5:$B$400="PROCESO")*(MOVIMIENTOS!$C$5:$C$400="A")*(MOVIMIENTOS!$D$5:$D$400="jabas")*(ROW(MOVIMIENTOS!$B$5:$B$400)<=$L5)*MOVIMIENTOS!$E$5:$E$400)-SUMPRODUCT((MOVIMIENTOS!$B$5:$B$400="ENVÍO A SUPESA")*(MOVIMIENTOS!$C$5:$C$400="A")*(MOVIMIENTOS!$D$5:$D$400="jabas")*(ROW(MOVIMIENTOS!$B$5:$B$400)<=$L5)*MOVIMIENTOS!$E$5:$E$400)+SUMPRODUCT((MOVIMIENTOS!$B$5:$B$400="DEVOLUCIÓN")*(MOVIMIENTOS!$C$5:$C$400="A")*(MOVIMIENTOS!$D$5:$D$400="jabas")*(ROW(MOVIMIENTOS!$B$5:$B$400)<=$L5)*MOVIMIENTOS!$E$5:$E$400)-SUMPRODUCT((MOVIMIENTOS!$B$5:$B$400="TRASIEGO")*(MOVIMIENTOS!$C$5:$C$400="A")*(MOVIMIENTOS!$D$5:$D$400="jabas")*(ROW(MOVIMIENTOS!$B$5:$B$400)<=$L5)*MOVIMIENTOS!$E$5:$E$400)-SUMPRODUCT((MOVIMIENTOS!$B$5:$B$400="REGALO")*(MOVIMIENTOS!$C$5:$C$400="A")*(MOVIMIENTOS!$D$5:$D$400="jabas")*(ROW(MOVIMIENTOS!$B$5:$B$400)<=$L5)*MOVIMIENTOS!$E$5:$E$400)-SUMPRODUCT((MOVIMIENTOS!$B$5:$B$400="VENTA")*(MOVIMIENTOS!$C$5:$C$400="A")*(MOVIMIENTOS!$D$5:$D$400="jabas")*(ROW(MOVIMIENTOS!$B$5:$B$400)<=$L5)*MOVIMIENTOS!$E$5:$E$400)+SUMPRODUCT((MOVIMIENTOS!$B$5:$B$400="AJUSTE")*(MOVIMIENTOS!$C$5:$C$400="A")*(MOVIMIENTOS!$D$5:$D$400="jabas")*(ROW(MOVIMIENTOS!$B$5:$B$400)<=$L5)*MOVIMIENTOS!$E$5:$E$400)) -> 8 | C5: =IF($A5="","",SUMPRODUCT((MOVIMIENTOS!$B$5:$B$400="SALDO INICIAL")*(MOVIMIENTOS!$C$5:$C$400="P")*(MOVIMIENTOS!$D$5:$D$400="jabas")*(ROW(MOVIMIENTOS!$B$5:$B$400)<=$L5)*MOVIMIENTOS!$E$5:$E$400)+SUMPRODUCT((MOVIMIENTOS!$B$5:$B$400="PROCESO")*(MOVIMIENTOS!$C$5:$C$400="P")*(MOVIMIENTOS!$D$5:$D$400="jabas")*(ROW(MOVIMIENTOS!$B$5:$B$400)<=$L5)*MOVIMIENTOS!$E$5:$E$400)-SUMPRODUCT((MOVIMIENTOS!$B$5:$B$400="ENVÍO A SUPESA")*(MOVIMIENTOS!$C$5:$C$400="P")*(MOVIMIENTOS!$D$5:$D$400="jabas")*(ROW(MOVIMIENTOS!$B$5:$B$400)<=$L5)*MOVIMIENTOS!$E$5:$E$400)+SUMPRODUCT((MOVIMIENTOS!$B$5:$B$400="DEVOLUCIÓN")*(MOVIMIENTOS!$C$5:$C$400="P")*(MOVIMIENTOS!$D$5:$D$400="jabas")*(ROW(MOVIMIENTOS!$B$5:$B$400)<=$L5)*MOVIMIENTOS!$E$5:$E$400)-SUMPRODUCT((MOVIMIENTOS!$B$5:$B$400="TRASIEGO")*(MOVIMIENTOS!$C$5:$C$400="P")*(MOVIMIENTOS!$D$5:$D$400="jabas")*(ROW(MOVIMIENTOS!$B$5:$B$400)<=$L5)*MOVIMIENTOS!$E$5:$E$400)-SUMPRODUCT((MOVIMIENTOS!$B$5:$B$400="REGALO")*(MOVIMIENTOS!$C$5:$C$400="P")*(MOVIMIENTOS!$D$5:$D$400="jabas")*(ROW(MOVIMIENTOS!$B$5:$B$400)<=$L5)*MOVIMIENTOS!$E$5:$E$400)-SUMPRODUCT((MOVIMIENTOS!$B$5:$B$400="VENTA")*(MOVIMIENTOS!$C$5:$C$400="P")*(MOVIMIENTOS!$D$5:$D$400="jabas")*(ROW(MOVIMIENTOS!$B$5:$B$400)<=$L5)*MOVIMIENTOS!$E$5:$E$400)+SUMPRODUCT((MOVIMIENTOS!$B$5:$B$400="AJUSTE")*(MOVIMIENTOS!$C$5:$C$400="P")*(MOVIMIENTOS!$D$5:$D$400="jabas")*(ROW(MOVIMIENTOS!$B$5:$B$400)<=$L5)*MOVIMIENTOS!$E$5:$E$400)) -> 0 | D5: =IF($A5="","",SUMPRODUCT((MOVIMIENTOS!$B$5:$B$400="SALDO INICIAL")*(MOVIMIENTOS!$C$5:$C$400="C")*(MOVIMIENTOS!$D$5:$D$400="jabas")*(ROW(MOVIMIENTOS!$B$5:$B$400)<=$L5)*MOVIMIENTOS!$E$5:$E$400)+SUMPRODUCT((MOVIMIENTOS!$B$5:$B$400="PROCESO")*(MOVIMIENTOS!$C$5:$C$400="C")*(MOVIMIENTOS!$D$5:$D$400="jabas")*(ROW(MOVIMIENTOS!$B$5:$B$400)<=$L5)*MOVIMIENTOS!$E$5:$E$400)-SUMPRODUCT((MOVIMIENTOS!$B$5:$B$400="ENVÍO A SUPESA")*(MOVIMIENTOS!$C$5:$C$400="C")*(MOVIMIENTOS!$D$5:$D$400="jabas")*(ROW(MOVIMIENTOS!$B$5:$B$400)<=$L5)*MOVIMIENTOS!$E$5:$E$400)+SUMPRODUCT((MOVIMIENTOS!$B$5:$B$400="DEVOLUCIÓN")*(MOVIMIENTOS!$C$5:$C$400="C")*(MOVIMIENTOS!$D$5:$D$400="jabas")*(ROW(MOVIMIENTOS!$B$5:$B$400)<=$L5)*MOVIMIENTOS!$E$5:$E$400)-SUMPRODUCT((MOVIMIENTOS!$B$5:$B$400="TRASIEGO")*(MOVIMIENTOS!$C$5:$C$400="C")*(MOVIMIENTOS!$D$5:$D$400="jabas")*(ROW(MOVIMIENTOS!$B$5:$B$400)<=$L5)*MOVIMIENTOS!$E$5:$E$400)-SUMPRODUCT((MOVIMIENTOS!$B$5:$B$400="REGALO")*(MOVIMIENTOS!$C$5:$C$400="C")*(MOVIMIENTOS!$D$5:$D$400="jabas")*(ROW(MOVIMIENTOS!$B$5:$B$400)<=$L5)*MOVIMIENTOS!$E$5:$E$400)-SUMPRODUCT((MOVIMIENTOS!$B$5:$B$400="VENTA")*(MOVIMIENTOS!$C$5:$C$400="C")*(MOVIMIENTOS!$D$5:$D$400="jabas")*(ROW(MOVIMIENTOS!$B$5:$B$400)<=$L5)*MOVIMIENTOS!$E$5:$E$400)+SUMPRODUCT((MOVIMIENTOS!$B$5:$B$400="AJUSTE")*(MOVIMIENTOS!$C$5:$C$400="C")*(MOVIMIENTOS!$D$5:$D$400="jabas")*(ROW(MOVIMIENTOS!$B$5:$B$400)<=$L5)*MOVIMIENTOS!$E$5:$E$400)) -> 0 | E5: =IF($A5="","",SUMPRODUCT((MOVIMIENTOS!$B$5:$B$400="SALDO INICIAL")*(MOVIMIENTOS!$C$5:$C$400="M")*(MOVIMIENTOS!$D$5:$D$400="jabas")*(ROW(MOVIMIENTOS!$B$5:$B$400)<=$L5)*MOVIMIENTOS!$E$5:$E$400)+SUMPRODUCT((MOVIMIENTOS!$B$5:$B$400="PROCESO")*(MOVIMIENTOS!$C$5:$C$400="M")*(MOVIMIENTOS!$D$5:$D$400="jabas")*(ROW(MOVIMIENTOS!$B$5:$B$400)<=$L5)*MOVIMIENTOS!$E$5:$E$400)-SUMPRODUCT((MOVIMIENTOS!$B$5:$B$400="ENVÍO A SUPESA")*(MOVIMIENTOS!$C$5:$C$400="M")*(MOVIMIENTOS!$D$5:$D$400="jabas")*(ROW(MOVIMIENTOS!$B$5:$B$400)<=$L5)*MOVIMIENTOS!$E$5:$E$400)+SUMPRODUCT((MOVIMIENTOS!$B$5:$B$400="DEVOLUCIÓN")*(MOVIMIENTOS!$C$5:$C$400="M")*(MOVIMIENTOS!$D$5:$D$400="jabas")*(ROW(MOVIMIENTOS!$B$5:$B$400)<=$L5)*MOVIMIENTOS!$E$5:$E$400)-SUMPRODUCT((MOVIMIENTOS!$B$5:$B$400="TRASIEGO")*(MOVIMIENTOS!$C$5:$C$400="M")*(MOVIMIENTOS!$D$5:$D$400="jabas")*(ROW(MOVIMIENTOS!$B$5:$B$400)<=$L5)*MOVIMIENTOS!$E$5:$E$400)-SUMPRODUCT((MOVIMIENTOS!$B$5:$B$400="REGALO")*(MOVIMIENTOS!$C$5:$C$400="M")*(MOVIMIENTOS!$D$5:$D$400="jabas")*(ROW(MOVIMIENTOS!$B$5:$B$400)<=$L5)*MOVIMIENTOS!$E$5:$E$400)-SUMPRODUCT((MOVIMIENTOS!$B$5:$B$400="VENTA")*(MOVIMIENTOS!$C$5:$C$400="M")*(MOVIMIENTOS!$D$5:$D$400="jabas")*(ROW(MOVIMIENTOS!$B$5:$B$400)<=$L5)*MOVIMIENTOS!$E$5:$E$400)+SUMPRODUCT((MOVIMIENTOS!$B$5:$B$400="AJUSTE")*(MOVIMIENTOS!$C$5:$C$400="M")*(MOVIMIENTOS!$D$5:$D$400="jabas")*(ROW(MOVIMIENTOS!$B$5:$B$400)<=$L5)*MOVIMIENTOS!$E$5:$E$400)) -> 7 | F5: =IF($A5="","",SUMPRODUCT((MOVIMIENTOS!$B$5:$B$400="SALDO INICIAL")*(MOVIMIENTOS!$C$5:$C$400="Chancho")*(MOVIMIENTOS!$D$5:$D$400="sacos")*(ROW(MOVIMIENTOS!$B$5:$B$400)<=$L5)*MOVIMIENTOS!$E$5:$E$400)+SUMPRODUCT((MOVIMIENTOS!$B$5:$B$400="PROCESO")*(MOVIMIENTOS!$C$5:$C$400="Chancho")*(MOVIMIENTOS!$D$5:$D$400="sacos")*(ROW(MOVIMIENTOS!$B$5:$B$400)<=$L5)*MOVIMIENTOS!$E$5:$E$400)-SUMPRODUCT((MOVIMIENTOS!$B$5:$B$400="VENTA CHANCHO")*(MOVIMIENTOS!$C$5:$C$400="Chancho")*(MOVIMIENTOS!$D$5:$D$400="sacos")*(ROW(MOVIMIENTOS!$B$5:$B$400)<=$L5)*MOVIMIENTOS!$E$5:$E$400)-SUMPRODUCT((MOVIMIENTOS!$B$5:$B$400="REGALO")*(MOVIMIENTOS!$C$5:$C$400="Chancho")*(MOVIMIENTOS!$D$5:$D$400="sacos")*(ROW(MOVIMIENTOS!$B$5:$B$400)<=$L5)*MOVIMIENTOS!$E$5:$E$400)-SUMPRODUCT((MOVIMIENTOS!$B$5:$B$400="VENTA")*(MOVIMIENTOS!$C$5:$C$400="Chancho")*(MOVIMIENTOS!$D$5:$D$400="sacos")*(ROW(MOVIMIENTOS!$B$5:$B$400)<=$L5)*MOVIMIENTOS!$E$5:$E$400)+SUMPRODUCT((MOVIMIENTOS!$B$5:$B$400="AJUSTE")*(MOVIMIENTOS!$C$5:$C$400="Chancho")*(MOVIMIENTOS!$D$5:$D$400="sacos")*(ROW(MOVIMIENTOS!$B$5:$B$400)<=$L5)*MOVIMIENTOS!$E$5:$E$400)) -> 20 | G5: =IF($A5="","",SUM(B5:E5)) -> 15 | H5: =IF($A5="","",SUMPRODUCT((((MOVIMIENTOS!$B$5:$B$400="SALDO INICIAL")*(MOVIMIENTOS!$C$5:$C$400<>"Chancho"))+(MOVIMIENTOS!$B$5:$B$400="COMPRA")+(MOVIMIENTOS!$B$5:$B$400="REPROCESO")+((MOVIMIENTOS!$B$5:$B$400="AJUSTE")*(MOVIMIENTOS!$C$5:$C$400<>"Chancho")))*(ROW(MOVIMIENTOS!$B$5:$B$400)<=$L5)*MOVIMIENTOS!$I$5:$I$400)-SUMPRODUCT(((MOVIMIENTOS!$B$5:$B$400="ENVÍO A SUPESA")+(MOVIMIENTOS!$B$5:$B$400="MALOGRADO")+(MOVIMIENTOS!$B$5:$B$400="OTRA SALIDA")+(MOVIMIENTOS!$B$5:$B$400="TRASIEGO")+((MOVIMIENTOS!$B$5:$B$400="PROCESO")*(MOVIMIENTOS!$C$5:$C$400="Chancho"))+((MOVIMIENTOS!$B$5:$B$400="REGALO")*(MOVIMIENTOS!$C$5:$C$400<>"Chancho"))+((MOVIMIENTOS!$B$5:$B$400="VENTA")*(MOVIMIENTOS!$C$5:$C$400<>"Chancho")))*(ROW(MOVIMIENTOS!$B$5:$B$400)<=$L5)*MOVIMIENTOS!$I$5:$I$400)) -> 239 | J5: =IF(MOVIMIENTOS!$A$5<>"",1,"") -> 1 | K5: =MOVIMIENTOS!$A5 -> 46214 | L5: =IF($A5="","",SUMPRODUCT(MAX((MOVIMIENTOS!$A$5:$A$400=$A5)*ROW(MOVIMIENTOS!$A$5:$A$400)))) -> 7
A6: =IFERROR(INDEX(K$5:K$400,MATCH(ROW()-4,J$5:J$400,0)),"") -> 46215 | B6: =IF($A6="","",SUMPRODUCT((MOVIMIENTOS!$B$5:$B$400="SALDO INICIAL")*(MOVIMIENTOS!$C$5:$C$400="A")*(MOVIMIENTOS!$D$5:$D$400="jabas")*(ROW(MOVIMIENTOS!$B$5:$B$400)<=$L6)*MOVIMIENTOS!$E$5:$E$400)+SUMPRODUCT((MOVIMIENTOS!$B$5:$B$400="PROCESO")*(MOVIMIENTOS!$C$5:$C$400="A")*(MOVIMIENTOS!$D$5:$D$400="jabas")*(ROW(MOVIMIENTOS!$B$5:$B$400)<=$L6)*MOVIMIENTOS!$E$5:$E$400)-SUMPRODUCT((MOVIMIENTOS!$B$5:$B$400="ENVÍO A SUPESA")*(MOVIMIENTOS!$C$5:$C$400="A")*(MOVIMIENTOS!$D$5:$D$400="jabas")*(ROW(MOVIMIENTOS!$B$5:$B$400)<=$L6)*MOVIMIENTOS!$E$5:$E$400)+SUMPRODUCT((MOVIMIENTOS!$B$5:$B$400="DEVOLUCIÓN")*(MOVIMIENTOS!$C$5:$C$400="A")*(MOVIMIENTOS!$D$5:$D$400="jabas")*(ROW(MOVIMIENTOS!$B$5:$B$400)<=$L6)*MOVIMIENTOS!$E$5:$E$400)-SUMPRODUCT((MOVIMIENTOS!$B$5:$B$400="TRASIEGO")*(MOVIMIENTOS!$C$5:$C$400="A")*(MOVIMIENTOS!$D$5:$D$400="jabas")*(ROW(MOVIMIENTOS!$B$5:$B$400)<=$L6)*MOVIMIENTOS!$E$5:$E$400)-SUMPRODUCT((MOVIMIENTOS!$B$5:$B$400="REGALO")*(MOVIMIENTOS!$C$5:$C$400="A")*(MOVIMIENTOS!$D$5:$D$400="jabas")*(ROW(MOVIMIENTOS!$B$5:$B$400)<=$L6)*MOVIMIENTOS!$E$5:$E$400)-SUMPRODUCT((MOVIMIENTOS!$B$5:$B$400="VENTA")*(MOVIMIENTOS!$C$5:$C$400="A")*(MOVIMIENTOS!$D$5:$D$400="jabas")*(ROW(MOVIMIENTOS!$B$5:$B$400)<=$L6)*MOVIMIENTOS!$E$5:$E$400)+SUMPRODUCT((MOVIMIENTOS!$B$5:$B$400="AJUSTE")*(MOVIMIENTOS!$C$5:$C$400="A")*(MOVIMIENTOS!$D$5:$D$400="jabas")*(ROW(MOVIMIENTOS!$B$5:$B$400)<=$L6)*MOVIMIENTOS!$E$5:$E$400)) -> 0 | C6: =IF($A6="","",SUMPRODUCT((MOVIMIENTOS!$B$5:$B$400="SALDO INICIAL")*(MOVIMIENTOS!$C$5:$C$400="P")*(MOVIMIENTOS!$D$5:$D$400="jabas")*(ROW(MOVIMIENTOS!$B$5:$B$400)<=$L6)*MOVIMIENTOS!$E$5:$E$400)+SUMPRODUCT((MOVIMIENTOS!$B$5:$B$400="PROCESO")*(MOVIMIENTOS!$C$5:$C$400="P")*(MOVIMIENTOS!$D$5:$D$400="jabas")*(ROW(MOVIMIENTOS!$B$5:$B$400)<=$L6)*MOVIMIENTOS!$E$5:$E$400)-SUMPRODUCT((MOVIMIENTOS!$B$5:$B$400="ENVÍO A SUPESA")*(MOVIMIENTOS!$C$5:$C$400="P")*(MOVIMIENTOS!$D$5:$D$400="jabas")*(ROW(MOVIMIENTOS!$B$5:$B$400)<=$L6)*MOVIMIENTOS!$E$5:$E$400)+SUMPRODUCT((MOVIMIENTOS!$B$5:$B$400="DEVOLUCIÓN")*(MOVIMIENTOS!$C$5:$C$400="P")*(MOVIMIENTOS!$D$5:$D$400="jabas")*(ROW(MOVIMIENTOS!$B$5:$B$400)<=$L6)*MOVIMIENTOS!$E$5:$E$400)-SUMPRODUCT((MOVIMIENTOS!$B$5:$B$400="TRASIEGO")*(MOVIMIENTOS!$C$5:$C$400="P")*(MOVIMIENTOS!$D$5:$D$400="jabas")*(ROW(MOVIMIENTOS!$B$5:$B$400)<=$L6)*MOVIMIENTOS!$E$5:$E$400)-SUMPRODUCT((MOVIMIENTOS!$B$5:$B$400="REGALO")*(MOVIMIENTOS!$C$5:$C$400="P")*(MOVIMIENTOS!$D$5:$D$400="jabas")*(ROW(MOVIMIENTOS!$B$5:$B$400)<=$L6)*MOVIMIENTOS!$E$5:$E$400)-SUMPRODUCT((MOVIMIENTOS!$B$5:$B$400="VENTA")*(MOVIMIENTOS!$C$5:$C$400="P")*(MOVIMIENTOS!$D$5:$D$400="jabas")*(ROW(MOVIMIENTOS!$B$5:$B$400)<=$L6)*MOVIMIENTOS!$E$5:$E$400)+SUMPRODUCT((MOVIMIENTOS!$B$5:$B$400="AJUSTE")*(MOVIMIENTOS!$C$5:$C$400="P")*(MOVIMIENTOS!$D$5:$D$400="jabas")*(ROW(MOVIMIENTOS!$B$5:$B$400)<=$L6)*MOVIMIENTOS!$E$5:$E$400)) -> 0 | D6: =IF($A6="","",SUMPRODUCT((MOVIMIENTOS!$B$5:$B$400="SALDO INICIAL")*(MOVIMIENTOS!$C$5:$C$400="C")*(MOVIMIENTOS!$D$5:$D$400="jabas")*(ROW(MOVIMIENTOS!$B$5:$B$400)<=$L6)*MOVIMIENTOS!$E$5:$E$400)+SUMPRODUCT((MOVIMIENTOS!$B$5:$B$400="PROCESO")*(MOVIMIENTOS!$C$5:$C$400="C")*(MOVIMIENTOS!$D$5:$D$400="jabas")*(ROW(MOVIMIENTOS!$B$5:$B$400)<=$L6)*MOVIMIENTOS!$E$5:$E$400)-SUMPRODUCT((MOVIMIENTOS!$B$5:$B$400="ENVÍO A SUPESA")*(MOVIMIENTOS!$C$5:$C$400="C")*(MOVIMIENTOS!$D$5:$D$400="jabas")*(ROW(MOVIMIENTOS!$B$5:$B$400)<=$L6)*MOVIMIENTOS!$E$5:$E$400)+SUMPRODUCT((MOVIMIENTOS!$B$5:$B$400="DEVOLUCIÓN")*(MOVIMIENTOS!$C$5:$C$400="C")*(MOVIMIENTOS!$D$5:$D$400="jabas")*(ROW(MOVIMIENTOS!$B$5:$B$400)<=$L6)*MOVIMIENTOS!$E$5:$E$400)-SUMPRODUCT((MOVIMIENTOS!$B$5:$B$400="TRASIEGO")*(MOVIMIENTOS!$C$5:$C$400="C")*(MOVIMIENTOS!$D$5:$D$400="jabas")*(ROW(MOVIMIENTOS!$B$5:$B$400)<=$L6)*MOVIMIENTOS!$E$5:$E$400)-SUMPRODUCT((MOVIMIENTOS!$B$5:$B$400="REGALO")*(MOVIMIENTOS!$C$5:$C$400="C")*(MOVIMIENTOS!$D$5:$D$400="jabas")*(ROW(MOVIMIENTOS!$B$5:$B$400)<=$L6)*MOVIMIENTOS!$E$5:$E$400)-SUMPRODUCT((MOVIMIENTOS!$B$5:$B$400="VENTA")*(MOVIMIENTOS!$C$5:$C$400="C")*(MOVIMIENTOS!$D$5:$D$400="jabas")*(ROW(MOVIMIENTOS!$B$5:$B$400)<=$L6)*MOVIMIENTOS!$E$5:$E$400)+SUMPRODUCT((MOVIMIENTOS!$B$5:$B$400="AJUSTE")*(MOVIMIENTOS!$C$5:$C$400="C")*(MOVIMIENTOS!$D$5:$D$400="jabas")*(ROW(MOVIMIENTOS!$B$5:$B$400)<=$L6)*MOVIMIENTOS!$E$5:$E$400)) -> 0 | E6: =IF($A6="","",SUMPRODUCT((MOVIMIENTOS!$B$5:$B$400="SALDO INICIAL")*(MOVIMIENTOS!$C$5:$C$400="M")*(MOVIMIENTOS!$D$5:$D$400="jabas")*(ROW(MOVIMIENTOS!$B$5:$B$400)<=$L6)*MOVIMIENTOS!$E$5:$E$400)+SUMPRODUCT((MOVIMIENTOS!$B$5:$B$400="PROCESO")*(MOVIMIENTOS!$C$5:$C$400="M")*(MOVIMIENTOS!$D$5:$D$400="jabas")*(ROW(MOVIMIENTOS!$B$5:$B$400)<=$L6)*MOVIMIENTOS!$E$5:$E$400)-SUMPRODUCT((MOVIMIENTOS!$B$5:$B$400="ENVÍO A SUPESA")*(MOVIMIENTOS!$C$5:$C$400="M")*(MOVIMIENTOS!$D$5:$D$400="jabas")*(ROW(MOVIMIENTOS!$B$5:$B$400)<=$L6)*MOVIMIENTOS!$E$5:$E$400)+SUMPRODUCT((MOVIMIENTOS!$B$5:$B$400="DEVOLUCIÓN")*(MOVIMIENTOS!$C$5:$C$400="M")*(MOVIMIENTOS!$D$5:$D$400="jabas")*(ROW(MOVIMIENTOS!$B$5:$B$400)<=$L6)*MOVIMIENTOS!$E$5:$E$400)-SUMPRODUCT((MOVIMIENTOS!$B$5:$B$400="TRASIEGO")*(MOVIMIENTOS!$C$5:$C$400="M")*(MOVIMIENTOS!$D$5:$D$400="jabas")*(ROW(MOVIMIENTOS!$B$5:$B$400)<=$L6)*MOVIMIENTOS!$E$5:$E$400)-SUMPRODUCT((MOVIMIENTOS!$B$5:$B$400="REGALO")*(MOVIMIENTOS!$C$5:$C$400="M")*(MOVIMIENTOS!$D$5:$D$400="jabas")*(ROW(MOVIMIENTOS!$B$5:$B$400)<=$L6)*MOVIMIENTOS!$E$5:$E$400)-SUMPRODUCT((MOVIMIENTOS!$B$5:$B$400="VENTA")*(MOVIMIENTOS!$C$5:$C$400="M")*(MOVIMIENTOS!$D$5:$D$400="jabas")*(ROW(MOVIMIENTOS!$B$5:$B$400)<=$L6)*MOVIMIENTOS!$E$5:$E$400)+SUMPRODUCT((MOVIMIENTOS!$B$5:$B$400="AJUSTE")*(MOVIMIENTOS!$C$5:$C$400="M")*(MOVIMIENTOS!$D$5:$D$400="jabas")*(ROW(MOVIMIENTOS!$B$5:$B$400)<=$L6)*MOVIMIENTOS!$E$5:$E$400)) -> 29 | F6: =IF($A6="","",SUMPRODUCT((MOVIMIENTOS!$B$5:$B$400="SALDO INICIAL")*(MOVIMIENTOS!$C$5:$C$400="Chancho")*(MOVIMIENTOS!$D$5:$D$400="sacos")*(ROW(MOVIMIENTOS!$B$5:$B$400)<=$L6)*MOVIMIENTOS!$E$5:$E$400)+SUMPRODUCT((MOVIMIENTOS!$B$5:$B$400="PROCESO")*(MOVIMIENTOS!$C$5:$C$400="Chancho")*(MOVIMIENTOS!$D$5:$D$400="sacos")*(ROW(MOVIMIENTOS!$B$5:$B$400)<=$L6)*MOVIMIENTOS!$E$5:$E$400)-SUMPRODUCT((MOVIMIENTOS!$B$5:$B$400="VENTA CHANCHO")*(MOVIMIENTOS!$C$5:$C$400="Chancho")*(MOVIMIENTOS!$D$5:$D$400="sacos")*(ROW(MOVIMIENTOS!$B$5:$B$400)<=$L6)*MOVIMIENTOS!$E$5:$E$400)-SUMPRODUCT((MOVIMIENTOS!$B$5:$B$400="REGALO")*(MOVIMIENTOS!$C$5:$C$400="Chancho")*(MOVIMIENTOS!$D$5:$D$400="sacos")*(ROW(MOVIMIENTOS!$B$5:$B$400)<=$L6)*MOVIMIENTOS!$E$5:$E$400)-SUMPRODUCT((MOVIMIENTOS!$B$5:$B$400="VENTA")*(MOVIMIENTOS!$C$5:$C$400="Chancho")*(MOVIMIENTOS!$D$5:$D$400="sacos")*(ROW(MOVIMIENTOS!$B$5:$B$400)<=$L6)*MOVIMIENTOS!$E$5:$E$400)+SUMPRODUCT((MOVIMIENTOS!$B$5:$B$400="AJUSTE")*(MOVIMIENTOS!$C$5:$C$400="Chancho")*(MOVIMIENTOS!$D$5:$D$400="sacos")*(ROW(MOVIMIENTOS!$B$5:$B$400)<=$L6)*MOVIMIENTOS!$E$5:$E$400)) -> 26 | G6: =IF($A6="","",SUM(B6:E6)) -> 29 | H6: =IF($A6="","",SUMPRODUCT((((MOVIMIENTOS!$B$5:$B$400="SALDO INICIAL")*(MOVIMIENTOS!$C$5:$C$400<>"Chancho"))+(MOVIMIENTOS!$B$5:$B$400="COMPRA")+(MOVIMIENTOS!$B$5:$B$400="REPROCESO")+((MOVIMIENTOS!$B$5:$B$400="AJUSTE")*(MOVIMIENTOS!$C$5:$C$400<>"Chancho")))*(ROW(MOVIMIENTOS!$B$5:$B$400)<=$L6)*MOVIMIENTOS!$I$5:$I$400)-SUMPRODUCT(((MOVIMIENTOS!$B$5:$B$400="ENVÍO A SUPESA")+(MOVIMIENTOS!$B$5:$B$400="MALOGRADO")+(MOVIMIENTOS!$B$5:$B$400="OTRA SALIDA")+(MOVIMIENTOS!$B$5:$B$400="TRASIEGO")+((MOVIMIENTOS!$B$5:$B$400="PROCESO")*(MOVIMIENTOS!$C$5:$C$400="Chancho"))+((MOVIMIENTOS!$B$5:$B$400="REGALO")*(MOVIMIENTOS!$C$5:$C$400<>"Chancho"))+((MOVIMIENTOS!$B$5:$B$400="VENTA")*(MOVIMIENTOS!$C$5:$C$400<>"Chancho")))*(ROW(MOVIMIENTOS!$B$5:$B$400)<=$L6)*MOVIMIENTOS!$I$5:$I$400)) -> 398 | J6: =IF(AND(MOVIMIENTOS!$A6<>"",COUNTIF(MOVIMIENTOS!$A$5:$A5,MOVIMIENTOS!$A6)=0),COUNT(J$4:J5)+1,"") | K6: =MOVIMIENTOS!$A6 -> 46214 | L6: =IF($A6="","",SUMPRODUCT(MAX((MOVIMIENTOS!$A$5:$A$400=$A6)*ROW(MOVIMIENTOS!$A$5:$A$400)))) -> 17
A7: =IFERROR(INDEX(K$5:K$400,MATCH(ROW()-4,J$5:J$400,0)),"") -> 46216 | B7: =IF($A7="","",SUMPRODUCT((MOVIMIENTOS!$B$5:$B$400="SALDO INICIAL")*(MOVIMIENTOS!$C$5:$C$400="A")*(MOVIMIENTOS!$D$5:$D$400="jabas")*(ROW(MOVIMIENTOS!$B$5:$B$400)<=$L7)*MOVIMIENTOS!$E$5:$E$400)+SUMPRODUCT((MOVIMIENTOS!$B$5:$B$400="PROCESO")*(MOVIMIENTOS!$C$5:$C$400="A")*(MOVIMIENTOS!$D$5:$D$400="jabas")*(ROW(MOVIMIENTOS!$B$5:$B$400)<=$L7)*MOVIMIENTOS!$E$5:$E$400)-SUMPRODUCT((MOVIMIENTOS!$B$5:$B$400="ENVÍO A SUPESA")*(MOVIMIENTOS!$C$5:$C$400="A")*(MOVIMIENTOS!$D$5:$D$400="jabas")*(ROW(MOVIMIENTOS!$B$5:$B$400)<=$L7)*MOVIMIENTOS!$E$5:$E$400)+SUMPRODUCT((MOVIMIENTOS!$B$5:$B$400="DEVOLUCIÓN")*(MOVIMIENTOS!$C$5:$C$400="A")*(MOVIMIENTOS!$D$5:$D$400="jabas")*(ROW(MOVIMIENTOS!$B$5:$B$400)<=$L7)*MOVIMIENTOS!$E$5:$E$400)-SUMPRODUCT((MOVIMIENTOS!$B$5:$B$400="TRASIEGO")*(MOVIMIENTOS!$C$5:$C$400="A")*(MOVIMIENTOS!$D$5:$D$400="jabas")*(ROW(MOVIMIENTOS!$B$5:$B$400)<=$L7)*MOVIMIENTOS!$E$5:$E$400)-SUMPRODUCT((MOVIMIENTOS!$B$5:$B$400="REGALO")*(MOVIMIENTOS!$C$5:$C$400="A")*(MOVIMIENTOS!$D$5:$D$400="jabas")*(ROW(MOVIMIENTOS!$B$5:$B$400)<=$L7)*MOVIMIENTOS!$E$5:$E$400)-SUMPRODUCT((MOVIMIENTOS!$B$5:$B$400="VENTA")*(MOVIMIENTOS!$C$5:$C$400="A")*(MOVIMIENTOS!$D$5:$D$400="jabas")*(ROW(MOVIMIENTOS!$B$5:$B$400)<=$L7)*MOVIMIENTOS!$E$5:$E$400)+SUMPRODUCT((MOVIMIENTOS!$B$5:$B$400="AJUSTE")*(MOVIMIENTOS!$C$5:$C$400="A")*(MOVIMIENTOS!$D$5:$D$400="jabas")*(ROW(MOVIMIENTOS!$B$5:$B$400)<=$L7)*MOVIMIENTOS!$E$5:$E$400)) -> 40 | C7: =IF($A7="","",SUMPRODUCT((MOVIMIENTOS!$B$5:$B$400="SALDO INICIAL")*(MOVIMIENTOS!$C$5:$C$400="P")*(MOVIMIENTOS!$D$5:$D$400="jabas")*(ROW(MOVIMIENTOS!$B$5:$B$400)<=$L7)*MOVIMIENTOS!$E$5:$E$400)+SUMPRODUCT((MOVIMIENTOS!$B$5:$B$400="PROCESO")*(MOVIMIENTOS!$C$5:$C$400="P")*(MOVIMIENTOS!$D$5:$D$400="jabas")*(ROW(MOVIMIENTOS!$B$5:$B$400)<=$L7)*MOVIMIENTOS!$E$5:$E$400)-SUMPRODUCT((MOVIMIENTOS!$B$5:$B$400="ENVÍO A SUPESA")*(MOVIMIENTOS!$C$5:$C$400="P")*(MOVIMIENTOS!$D$5:$D$400="jabas")*(ROW(MOVIMIENTOS!$B$5:$B$400)<=$L7)*MOVIMIENTOS!$E$5:$E$400)+SUMPRODUCT((MOVIMIENTOS!$B$5:$B$400="DEVOLUCIÓN")*(MOVIMIENTOS!$C$5:$C$400="P")*(MOVIMIENTOS!$D$5:$D$400="jabas")*(ROW(MOVIMIENTOS!$B$5:$B$400)<=$L7)*MOVIMIENTOS!$E$5:$E$400)-SUMPRODUCT((MOVIMIENTOS!$B$5:$B$400="TRASIEGO")*(MOVIMIENTOS!$C$5:$C$400="P")*(MOVIMIENTOS!$D$5:$D$400="jabas")*(ROW(MOVIMIENTOS!$B$5:$B$400)<=$L7)*MOVIMIENTOS!$E$5:$E$400)-SUMPRODUCT((MOVIMIENTOS!$B$5:$B$400="REGALO")*(MOVIMIENTOS!$C$5:$C$400="P")*(MOVIMIENTOS!$D$5:$D$400="jabas")*(ROW(MOVIMIENTOS!$B$5:$B$400)<=$L7)*MOVIMIENTOS!$E$5:$E$400)-SUMPRODUCT((MOVIMIENTOS!$B$5:$B$400="VENTA")*(MOVIMIENTOS!$C$5:$C$400="P")*(MOVIMIENTOS!$D$5:$D$400="jabas")*(ROW(MOVIMIENTOS!$B$5:$B$400)<=$L7)*MOVIMIENTOS!$E$5:$E$400)+SUMPRODUCT((MOVIMIENTOS!$B$5:$B$400="AJUSTE")*(MOVIMIENTOS!$C$5:$C$400="P")*(MOVIMIENTOS!$D$5:$D$400="jabas")*(ROW(MOVIMIENTOS!$B$5:$B$400)<=$L7)*MOVIMIENTOS!$E$5:$E$400)) -> 0 | D7: =IF($A7="","",SUMPRODUCT((MOVIMIENTOS!$B$5:$B$400="SALDO INICIAL")*(MOVIMIENTOS!$C$5:$C$400="C")*(MOVIMIENTOS!$D$5:$D$400="jabas")*(ROW(MOVIMIENTOS!$B$5:$B$400)<=$L7)*MOVIMIENTOS!$E$5:$E$400)+SUMPRODUCT((MOVIMIENTOS!$B$5:$B$400="PROCESO")*(MOVIMIENTOS!$C$5:$C$400="C")*(MOVIMIENTOS!$D$5:$D$400="jabas")*(ROW(MOVIMIENTOS!$B$5:$B$400)<=$L7)*MOVIMIENTOS!$E$5:$E$400)-SUMPRODUCT((MOVIMIENTOS!$B$5:$B$400="ENVÍO A SUPESA")*(MOVIMIENTOS!$C$5:$C$400="C")*(MOVIMIENTOS!$D$5:$D$400="jabas")*(ROW(MOVIMIENTOS!$B$5:$B$400)<=$L7)*MOVIMIENTOS!$E$5:$E$400)+SUMPRODUCT((MOVIMIENTOS!$B$5:$B$400="DEVOLUCIÓN")*(MOVIMIENTOS!$C$5:$C$400="C")*(MOVIMIENTOS!$D$5:$D$400="jabas")*(ROW(MOVIMIENTOS!$B$5:$B$400)<=$L7)*MOVIMIENTOS!$E$5:$E$400)-SUMPRODUCT((MOVIMIENTOS!$B$5:$B$400="TRASIEGO")*(MOVIMIENTOS!$C$5:$C$400="C")*(MOVIMIENTOS!$D$5:$D$400="jabas")*(ROW(MOVIMIENTOS!$B$5:$B$400)<=$L7)*MOVIMIENTOS!$E$5:$E$400)-SUMPRODUCT((MOVIMIENTOS!$B$5:$B$400="REGALO")*(MOVIMIENTOS!$C$5:$C$400="C")*(MOVIMIENTOS!$D$5:$D$400="jabas")*(ROW(MOVIMIENTOS!$B$5:$B$400)<=$L7)*MOVIMIENTOS!$E$5:$E$400)-SUMPRODUCT((MOVIMIENTOS!$B$5:$B$400="VENTA")*(MOVIMIENTOS!$C$5:$C$400="C")*(MOVIMIENTOS!$D$5:$D$400="jabas")*(ROW(MOVIMIENTOS!$B$5:$B$400)<=$L7)*MOVIMIENTOS!$E$5:$E$400)+SUMPRODUCT((MOVIMIENTOS!$B$5:$B$400="AJUSTE")*(MOVIMIENTOS!$C$5:$C$400="C")*(MOVIMIENTOS!$D$5:$D$400="jabas")*(ROW(MOVIMIENTOS!$B$5:$B$400)<=$L7)*MOVIMIENTOS!$E$5:$E$400)) -> 0 | E7: =IF($A7="","",SUMPRODUCT((MOVIMIENTOS!$B$5:$B$400="SALDO INICIAL")*(MOVIMIENTOS!$C$5:$C$400="M")*(MOVIMIENTOS!$D$5:$D$400="jabas")*(ROW(MOVIMIENTOS!$B$5:$B$400)<=$L7)*MOVIMIENTOS!$E$5:$E$400)+SUMPRODUCT((MOVIMIENTOS!$B$5:$B$400="PROCESO")*(MOVIMIENTOS!$C$5:$C$400="M")*(MOVIMIENTOS!$D$5:$D$400="jabas")*(ROW(MOVIMIENTOS!$B$5:$B$400)<=$L7)*MOVIMIENTOS!$E$5:$E$400)-SUMPRODUCT((MOVIMIENTOS!$B$5:$B$400="ENVÍO A SUPESA")*(MOVIMIENTOS!$C$5:$C$400="M")*(MOVIMIENTOS!$D$5:$D$400="jabas")*(ROW(MOVIMIENTOS!$B$5:$B$400)<=$L7)*MOVIMIENTOS!$E$5:$E$400)+SUMPRODUCT((MOVIMIENTOS!$B$5:$B$400="DEVOLUCIÓN")*(MOVIMIENTOS!$C$5:$C$400="M")*(MOVIMIENTOS!$D$5:$D$400="jabas")*(ROW(MOVIMIENTOS!$B$5:$B$400)<=$L7)*MOVIMIENTOS!$E$5:$E$400)-SUMPRODUCT((MOVIMIENTOS!$B$5:$B$400="TRASIEGO")*(MOVIMIENTOS!$C$5:$C$400="M")*(MOVIMIENTOS!$D$5:$D$400="jabas")*(ROW(MOVIMIENTOS!$B$5:$B$400)<=$L7)*MOVIMIENTOS!$E$5:$E$400)-SUMPRODUCT((MOVIMIENTOS!$B$5:$B$400="REGALO")*(MOVIMIENTOS!$C$5:$C$400="M")*(MOVIMIENTOS!$D$5:$D$400="jabas")*(ROW(MOVIMIENTOS!$B$5:$B$400)<=$L7)*MOVIMIENTOS!$E$5:$E$400)-SUMPRODUCT((MOVIMIENTOS!$B$5:$B$400="VENTA")*(MOVIMIENTOS!$C$5:$C$400="M")*(MOVIMIENTOS!$D$5:$D$400="jabas")*(ROW(MOVIMIENTOS!$B$5:$B$400)<=$L7)*MOVIMIENTOS!$E$5:$E$400)+SUMPRODUCT((MOVIMIENTOS!$B$5:$B$400="AJUSTE")*(MOVIMIENTOS!$C$5:$C$400="M")*(MOVIMIENTOS!$D$5:$D$400="jabas")*(ROW(MOVIMIENTOS!$B$5:$B$400)<=$L7)*MOVIMIENTOS!$E$5:$E$400)) -> 42 | F7: =IF($A7="","",SUMPRODUCT((MOVIMIENTOS!$B$5:$B$400="SALDO INICIAL")*(MOVIMIENTOS!$C$5:$C$400="Chancho")*(MOVIMIENTOS!$D$5:$D$400="sacos")*(ROW(MOVIMIENTOS!$B$5:$B$400)<=$L7)*MOVIMIENTOS!$E$5:$E$400)+SUMPRODUCT((MOVIMIENTOS!$B$5:$B$400="PROCESO")*(MOVIMIENTOS!$C$5:$C$400="Chancho")*(MOVIMIENTOS!$D$5:$D$400="sacos")*(ROW(MOVIMIENTOS!$B$5:$B$400)<=$L7)*MOVIMIENTOS!$E$5:$E$400)-SUMPRODUCT((MOVIMIENTOS!$B$5:$B$400="VENTA CHANCHO")*(MOVIMIENTOS!$C$5:$C$400="Chancho")*(MOVIMIENTOS!$D$5:$D$400="sacos")*(ROW(MOVIMIENTOS!$B$5:$B$400)<=$L7)*MOVIMIENTOS!$E$5:$E$400)-SUMPRODUCT((MOVIMIENTOS!$B$5:$B$400="REGALO")*(MOVIMIENTOS!$C$5:$C$400="Chancho")*(MOVIMIENTOS!$D$5:$D$400="sacos")*(ROW(MOVIMIENTOS!$B$5:$B$400)<=$L7)*MOVIMIENTOS!$E$5:$E$400)-SUMPRODUCT((MOVIMIENTOS!$B$5:$B$400="VENTA")*(MOVIMIENTOS!$C$5:$C$400="Chancho")*(MOVIMIENTOS!$D$5:$D$400="sacos")*(ROW(MOVIMIENTOS!$B$5:$B$400)<=$L7)*MOVIMIENTOS!$E$5:$E$400)+SUMPRODUCT((MOVIMIENTOS!$B$5:$B$400="AJUSTE")*(MOVIMIENTOS!$C$5:$C$400="Chancho")*(MOVIMIENTOS!$D$5:$D$400="sacos")*(ROW(MOVIMIENTOS!$B$5:$B$400)<=$L7)*MOVIMIENTOS!$E$5:$E$400)) -> 28 | G7: =IF($A7="","",SUM(B7:E7)) -> 82 | H7: =IF($A7="","",SUMPRODUCT((((MOVIMIENTOS!$B$5:$B$400="SALDO INICIAL")*(MOVIMIENTOS!$C$5:$C$400<>"Chancho"))+(MOVIMIENTOS!$B$5:$B$400="COMPRA")+(MOVIMIENTOS!$B$5:$B$400="REPROCESO")+((MOVIMIENTOS!$B$5:$B$400="AJUSTE")*(MOVIMIENTOS!$C$5:$C$400<>"Chancho")))*(ROW(MOVIMIENTOS!$B$5:$B$400)<=$L7)*MOVIMIENTOS!$I$5:$I$400)-SUMPRODUCT(((MOVIMIENTOS!$B$5:$B$400="ENVÍO A SUPESA")+(MOVIMIENTOS!$B$5:$B$400="MALOGRADO")+(MOVIMIENTOS!$B$5:$B$400="OTRA SALIDA")+(MOVIMIENTOS!$B$5:$B$400="TRASIEGO")+((MOVIMIENTOS!$B$5:$B$400="PROCESO")*(MOVIMIENTOS!$C$5:$C$400="Chancho"))+((MOVIMIENTOS!$B$5:$B$400="REGALO")*(MOVIMIENTOS!$C$5:$C$400<>"Chancho"))+((MOVIMIENTOS!$B$5:$B$400="VENTA")*(MOVIMIENTOS!$C$5:$C$400<>"Chancho")))*(ROW(MOVIMIENTOS!$B$5:$B$400)<=$L7)*MOVIMIENTOS!$I$5:$I$400)) -> 952 | J7: =IF(AND(MOVIMIENTOS!$A7<>"",COUNTIF(MOVIMIENTOS!$A$5:$A6,MOVIMIENTOS!$A7)=0),COUNT(J$4:J6)+1,"") | K7: =MOVIMIENTOS!$A7 -> 46214 | L7: =IF($A7="","",SUMPRODUCT(MAX((MOVIMIENTOS!$A$5:$A$400=$A7)*ROW(MOVIMIENTOS!$A$5:$A$400)))) -> 27
A8: =IFERROR(INDEX(K$5:K$400,MATCH(ROW()-4,J$5:J$400,0)),"") -> 46217 | B8: =IF($A8="","",SUMPRODUCT((MOVIMIENTOS!$B$5:$B$400="SALDO INICIAL")*(MOVIMIENTOS!$C$5:$C$400="A")*(MOVIMIENTOS!$D$5:$D$400="jabas")*(ROW(MOVIMIENTOS!$B$5:$B$400)<=$L8)*MOVIMIENTOS!$E$5:$E$400)+SUMPRODUCT((MOVIMIENTOS!$B$5:$B$400="PROCESO")*(MOVIMIENTOS!$C$5:$C$400="A")*(MOVIMIENTOS!$D$5:$D$400="jabas")*(ROW(MOVIMIENTOS!$B$5:$B$400)<=$L8)*MOVIMIENTOS!$E$5:$E$400)-SUMPRODUCT((MOVIMIENTOS!$B$5:$B$400="ENVÍO A SUPESA")*(MOVIMIENTOS!$C$5:$C$400="A")*(MOVIMIENTOS!$D$5:$D$400="jabas")*(ROW(MOVIMIENTOS!$B$5:$B$400)<=$L8)*MOVIMIENTOS!$E$5:$E$400)+SUMPRODUCT((MOVIMIENTOS!$B$5:$B$400="DEVOLUCIÓN")*(MOVIMIENTOS!$C$5:$C$400="A")*(MOVIMIENTOS!$D$5:$D$400="jabas")*(ROW(MOVIMIENTOS!$B$5:$B$400)<=$L8)*MOVIMIENTOS!$E$5:$E$400)-SUMPRODUCT((MOVIMIENTOS!$B$5:$B$400="TRASIEGO")*(MOVIMIENTOS!$C$5:$C$400="A")*(MOVIMIENTOS!$D$5:$D$400="jabas")*(ROW(MOVIMIENTOS!$B$5:$B$400)<=$L8)*MOVIMIENTOS!$E$5:$E$400)-SUMPRODUCT((MOVIMIENTOS!$B$5:$B$400="REGALO")*(MOVIMIENTOS!$C$5:$C$400="A")*(MOVIMIENTOS!$D$5:$D$400="jabas")*(ROW(MOVIMIENTOS!$B$5:$B$400)<=$L8)*MOVIMIENTOS!$E$5:$E$400)-SUMPRODUCT((MOVIMIENTOS!$B$5:$B$400="VENTA")*(MOVIMIENTOS!$C$5:$C$400="A")*(MOVIMIENTOS!$D$5:$D$400="jabas")*(ROW(MOVIMIENTOS!$B$5:$B$400)<=$L8)*MOVIMIENTOS!$E$5:$E$400)+SUMPRODUCT((MOVIMIENTOS!$B$5:$B$400="AJUSTE")*(MOVIMIENTOS!$C$5:$C$400="A")*(MOVIMIENTOS!$D$5:$D$400="jabas")*(ROW(MOVIMIENTOS!$B$5:$B$400)<=$L8)*MOVIMIENTOS!$E$5:$E$400)) -> 18 | C8: =IF($A8="","",SUMPRODUCT((MOVIMIENTOS!$B$5:$B$400="SALDO INICIAL")*(MOVIMIENTOS!$C$5:$C$400="P")*(MOVIMIENTOS!$D$5:$D$400="jabas")*(ROW(MOVIMIENTOS!$B$5:$B$400)<=$L8)*MOVIMIENTOS!$E$5:$E$400)+SUMPRODUCT((MOVIMIENTOS!$B$5:$B$400="PROCESO")*(MOVIMIENTOS!$C$5:$C$400="P")*(MOVIMIENTOS!$D$5:$D$400="jabas")*(ROW(MOVIMIENTOS!$B$5:$B$400)<=$L8)*MOVIMIENTOS!$E$5:$E$400)-SUMPRODUCT((MOVIMIENTOS!$B$5:$B$400="ENVÍO A SUPESA")*(MOVIMIENTOS!$C$5:$C$400="P")*(MOVIMIENTOS!$D$5:$D$400="jabas")*(ROW(MOVIMIENTOS!$B$5:$B$400)<=$L8)*MOVIMIENTOS!$E$5:$E$400)+SUMPRODUCT((MOVIMIENTOS!$B$5:$B$400="DEVOLUCIÓN")*(MOVIMIENTOS!$C$5:$C$400="P")*(MOVIMIENTOS!$D$5:$D$400="jabas")*(ROW(MOVIMIENTOS!$B$5:$B$400)<=$L8)*MOVIMIENTOS!$E$5:$E$400)-SUMPRODUCT((MOVIMIENTOS!$B$5:$B$400="TRASIEGO")*(MOVIMIENTOS!$C$5:$C$400="P")*(MOVIMIENTOS!$D$5:$D$400="jabas")*(ROW(MOVIMIENTOS!$B$5:$B$400)<=$L8)*MOVIMIENTOS!$E$5:$E$400)-SUMPRODUCT((MOVIMIENTOS!$B$5:$B$400="REGALO")*(MOVIMIENTOS!$C$5:$C$400="P")*(MOVIMIENTOS!$D$5:$D$400="jabas")*(ROW(MOVIMIENTOS!$B$5:$B$400)<=$L8)*MOVIMIENTOS!$E$5:$E$400)-SUMPRODUCT((MOVIMIENTOS!$B$5:$B$400="VENTA")*(MOVIMIENTOS!$C$5:$C$400="P")*(MOVIMIENTOS!$D$5:$D$400="jabas")*(ROW(MOVIMIENTOS!$B$5:$B$400)<=$L8)*MOVIMIENTOS!$E$5:$E$400)+SUMPRODUCT((MOVIMIENTOS!$B$5:$B$400="AJUSTE")*(MOVIMIENTOS!$C$5:$C$400="P")*(MOVIMIENTOS!$D$5:$D$400="jabas")*(ROW(MOVIMIENTOS!$B$5:$B$400)<=$L8)*MOVIMIENTOS!$E$5:$E$400)) -> 0 | D8: =IF($A8="","",SUMPRODUCT((MOVIMIENTOS!$B$5:$B$400="SALDO INICIAL")*(MOVIMIENTOS!$C$5:$C$400="C")*(MOVIMIENTOS!$D$5:$D$400="jabas")*(ROW(MOVIMIENTOS!$B$5:$B$400)<=$L8)*MOVIMIENTOS!$E$5:$E$400)+SUMPRODUCT((MOVIMIENTOS!$B$5:$B$400="PROCESO")*(MOVIMIENTOS!$C$5:$C$400="C")*(MOVIMIENTOS!$D$5:$D$400="jabas")*(ROW(MOVIMIENTOS!$B$5:$B$400)<=$L8)*MOVIMIENTOS!$E$5:$E$400)-SUMPRODUCT((MOVIMIENTOS!$B$5:$B$400="ENVÍO A SUPESA")*(MOVIMIENTOS!$C$5:$C$400="C")*(MOVIMIENTOS!$D$5:$D$400="jabas")*(ROW(MOVIMIENTOS!$B$5:$B$400)<=$L8)*MOVIMIENTOS!$E$5:$E$400)+SUMPRODUCT((MOVIMIENTOS!$B$5:$B$400="DEVOLUCIÓN")*(MOVIMIENTOS!$C$5:$C$400="C")*(MOVIMIENTOS!$D$5:$D$400="jabas")*(ROW(MOVIMIENTOS!$B$5:$B$400)<=$L8)*MOVIMIENTOS!$E$5:$E$400)-SUMPRODUCT((MOVIMIENTOS!$B$5:$B$400="TRASIEGO")*(MOVIMIENTOS!$C$5:$C$400="C")*(MOVIMIENTOS!$D$5:$D$400="jabas")*(ROW(MOVIMIENTOS!$B$5:$B$400)<=$L8)*MOVIMIENTOS!$E$5:$E$400)-SUMPRODUCT((MOVIMIENTOS!$B$5:$B$400="REGALO")*(MOVIMIENTOS!$C$5:$C$400="C")*(MOVIMIENTOS!$D$5:$D$400="jabas")*(ROW(MOVIMIENTOS!$B$5:$B$400)<=$L8)*MOVIMIENTOS!$E$5:$E$400)-SUMPRODUCT((MOVIMIENTOS!$B$5:$B$400="VENTA")*(MOVIMIENTOS!$C$5:$C$400="C")*(MOVIMIENTOS!$D$5:$D$400="jabas")*(ROW(MOVIMIENTOS!$B$5:$B$400)<=$L8)*MOVIMIENTOS!$E$5:$E$400)+SUMPRODUCT((MOVIMIENTOS!$B$5:$B$400="AJUSTE")*(MOVIMIENTOS!$C$5:$C$400="C")*(MOVIMIENTOS!$D$5:$D$400="jabas")*(ROW(MOVIMIENTOS!$B$5:$B$400)<=$L8)*MOVIMIENTOS!$E$5:$E$400)) -> 0 | E8: =IF($A8="","",SUMPRODUCT((MOVIMIENTOS!$B$5:$B$400="SALDO INICIAL")*(MOVIMIENTOS!$C$5:$C$400="M")*(MOVIMIENTOS!$D$5:$D$400="jabas")*(ROW(MOVIMIENTOS!$B$5:$B$400)<=$L8)*MOVIMIENTOS!$E$5:$E$400)+SUMPRODUCT((MOVIMIENTOS!$B$5:$B$400="PROCESO")*(MOVIMIENTOS!$C$5:$C$400="M")*(MOVIMIENTOS!$D$5:$D$400="jabas")*(ROW(MOVIMIENTOS!$B$5:$B$400)<=$L8)*MOVIMIENTOS!$E$5:$E$400)-SUMPRODUCT((MOVIMIENTOS!$B$5:$B$400="ENVÍO A SUPESA")*(MOVIMIENTOS!$C$5:$C$400="M")*(MOVIMIENTOS!$D$5:$D$400="jabas")*(ROW(MOVIMIENTOS!$B$5:$B$400)<=$L8)*MOVIMIENTOS!$E$5:$E$400)+SUMPRODUCT((MOVIMIENTOS!$B$5:$B$400="DEVOLUCIÓN")*(MOVIMIENTOS!$C$5:$C$400="M")*(MOVIMIENTOS!$D$5:$D$400="jabas")*(ROW(MOVIMIENTOS!$B$5:$B$400)<=$L8)*MOVIMIENTOS!$E$5:$E$400)-SUMPRODUCT((MOVIMIENTOS!$B$5:$B$400="TRASIEGO")*(MOVIMIENTOS!$C$5:$C$400="M")*(MOVIMIENTOS!$D$5:$D$400="jabas")*(ROW(MOVIMIENTOS!$B$5:$B$400)<=$L8)*MOVIMIENTOS!$E$5:$E$400)-SUMPRODUCT((MOVIMIENTOS!$B$5:$B$400="REGALO")*(MOVIMIENTOS!$C$5:$C$400="M")*(MOVIMIENTOS!$D$5:$D$400="jabas")*(ROW(MOVIMIENTOS!$B$5:$B$400)<=$L8)*MOVIMIENTOS!$E$5:$E$400)-SUMPRODUCT((MOVIMIENTOS!$B$5:$B$400="VENTA")*(MOVIMIENTOS!$C$5:$C$400="M")*(MOVIMIENTOS!$D$5:$D$400="jabas")*(ROW(MOVIMIENTOS!$B$5:$B$400)<=$L8)*MOVIMIENTOS!$E$5:$E$400)+SUMPRODUCT((MOVIMIENTOS!$B$5:$B$400="AJUSTE")*(MOVIMIENTOS!$C$5:$C$400="M")*(MOVIMIENTOS!$D$5:$D$400="jabas")*(ROW(MOVIMIENTOS!$B$5:$B$400)<=$L8)*MOVIMIENTOS!$E$5:$E$400)) -> 47 | F8: =IF($A8="","",SUMPRODUCT((MOVIMIENTOS!$B$5:$B$400="SALDO INICIAL")*(MOVIMIENTOS!$C$5:$C$400="Chancho")*(MOVIMIENTOS!$D$5:$D$400="sacos")*(ROW(MOVIMIENTOS!$B$5:$B$400)<=$L8)*MOVIMIENTOS!$E$5:$E$400)+SUMPRODUCT((MOVIMIENTOS!$B$5:$B$400="PROCESO")*(MOVIMIENTOS!$C$5:$C$400="Chancho")*(MOVIMIENTOS!$D$5:$D$400="sacos")*(ROW(MOVIMIENTOS!$B$5:$B$400)<=$L8)*MOVIMIENTOS!$E$5:$E$400)-SUMPRODUCT((MOVIMIENTOS!$B$5:$B$400="VENTA CHANCHO")*(MOVIMIENTOS!$C$5:$C$400="Chancho")*(MOVIMIENTOS!$D$5:$D$400="sacos")*(ROW(MOVIMIENTOS!$B$5:$B$400)<=$L8)*MOVIMIENTOS!$E$5:$E$400)-SUMPRODUCT((MOVIMIENTOS!$B$5:$B$400="REGALO")*(MOVIMIENTOS!$C$5:$C$400="Chancho")*(MOVIMIENTOS!$D$5:$D$400="sacos")*(ROW(MOVIMIENTOS!$B$5:$B$400)<=$L8)*MOVIMIENTOS!$E$5:$E$400)-SUMPRODUCT((MOVIMIENTOS!$B$5:$B$400="VENTA")*(MOVIMIENTOS!$C$5:$C$400="Chancho")*(MOVIMIENTOS!$D$5:$D$400="sacos")*(ROW(MOVIMIENTOS!$B$5:$B$400)<=$L8)*MOVIMIENTOS!$E$5:$E$400)+SUMPRODUCT((MOVIMIENTOS!$B$5:$B$400="AJUSTE")*(MOVIMIENTOS!$C$5:$C$400="Chancho")*(MOVIMIENTOS!$D$5:$D$400="sacos")*(ROW(MOVIMIENTOS!$B$5:$B$400)<=$L8)*MOVIMIENTOS!$E$5:$E$400)) -> 35 | G8: =IF($A8="","",SUM(B8:E8)) -> 65 | H8: =IF($A8="","",SUMPRODUCT((((MOVIMIENTOS!$B$5:$B$400="SALDO INICIAL")*(MOVIMIENTOS!$C$5:$C$400<>"Chancho"))+(MOVIMIENTOS!$B$5:$B$400="COMPRA")+(MOVIMIENTOS!$B$5:$B$400="REPROCESO")+((MOVIMIENTOS!$B$5:$B$400="AJUSTE")*(MOVIMIENTOS!$C$5:$C$400<>"Chancho")))*(ROW(MOVIMIENTOS!$B$5:$B$400)<=$L8)*MOVIMIENTOS!$I$5:$I$400)-SUMPRODUCT(((MOVIMIENTOS!$B$5:$B$400="ENVÍO A SUPESA")+(MOVIMIENTOS!$B$5:$B$400="MALOGRADO")+(MOVIMIENTOS!$B$5:$B$400="OTRA SALIDA")+(MOVIMIENTOS!$B$5:$B$400="TRASIEGO")+((MOVIMIENTOS!$B$5:$B$400="PROCESO")*(MOVIMIENTOS!$C$5:$C$400="Chancho"))+((MOVIMIENTOS!$B$5:$B$400="REGALO")*(MOVIMIENTOS!$C$5:$C$400<>"Chancho"))+((MOVIMIENTOS!$B$5:$B$400="VENTA")*(MOVIMIENTOS!$C$5:$C$400<>"Chancho")))*(ROW(MOVIMIENTOS!$B$5:$B$400)<=$L8)*MOVIMIENTOS!$I$5:$I$400)) -> 708 | J8: =IF(AND(MOVIMIENTOS!$A8<>"",COUNTIF(MOVIMIENTOS!$A$5:$A7,MOVIMIENTOS!$A8)=0),COUNT(J$4:J7)+1,"") -> 2 | K8: =MOVIMIENTOS!$A8 -> 46215 | L8: =IF($A8="","",SUMPRODUCT(MAX((MOVIMIENTOS!$A$5:$A$400=$A8)*ROW(MOVIMIENTOS!$A$5:$A$400)))) -> 37
A9: =IFERROR(INDEX(K$5:K$400,MATCH(ROW()-4,J$5:J$400,0)),"") -> 46218 | B9: =IF($A9="","",SUMPRODUCT((MOVIMIENTOS!$B$5:$B$400="SALDO INICIAL")*(MOVIMIENTOS!$C$5:$C$400="A")*(MOVIMIENTOS!$D$5:$D$400="jabas")*(ROW(MOVIMIENTOS!$B$5:$B$400)<=$L9)*MOVIMIENTOS!$E$5:$E$400)+SUMPRODUCT((MOVIMIENTOS!$B$5:$B$400="PROCESO")*(MOVIMIENTOS!$C$5:$C$400="A")*(MOVIMIENTOS!$D$5:$D$400="jabas")*(ROW(MOVIMIENTOS!$B$5:$B$400)<=$L9)*MOVIMIENTOS!$E$5:$E$400)-SUMPRODUCT((MOVIMIENTOS!$B$5:$B$400="ENVÍO A SUPESA")*(MOVIMIENTOS!$C$5:$C$400="A")*(MOVIMIENTOS!$D$5:$D$400="jabas")*(ROW(MOVIMIENTOS!$B$5:$B$400)<=$L9)*MOVIMIENTOS!$E$5:$E$400)+SUMPRODUCT((MOVIMIENTOS!$B$5:$B$400="DEVOLUCIÓN")*(MOVIMIENTOS!$C$5:$C$400="A")*(MOVIMIENTOS!$D$5:$D$400="jabas")*(ROW(MOVIMIENTOS!$B$5:$B$400)<=$L9)*MOVIMIENTOS!$E$5:$E$400)-SUMPRODUCT((MOVIMIENTOS!$B$5:$B$400="TRASIEGO")*(MOVIMIENTOS!$C$5:$C$400="A")*(MOVIMIENTOS!$D$5:$D$400="jabas")*(ROW(MOVIMIENTOS!$B$5:$B$400)<=$L9)*MOVIMIENTOS!$E$5:$E$400)-SUMPRODUCT((MOVIMIENTOS!$B$5:$B$400="REGALO")*(MOVIMIENTOS!$C$5:$C$400="A")*(MOVIMIENTOS!$D$5:$D$400="jabas")*(ROW(MOVIMIENTOS!$B$5:$B$400)<=$L9)*MOVIMIENTOS!$E$5:$E$400)-SUMPRODUCT((MOVIMIENTOS!$B$5:$B$400="VENTA")*(MOVIMIENTOS!$C$5:$C$400="A")*(MOVIMIENTOS!$D$5:$D$400="jabas")*(ROW(MOVIMIENTOS!$B$5:$B$400)<=$L9)*MOVIMIENTOS!$E$5:$E$400)+SUMPRODUCT((MOVIMIENTOS!$B$5:$B$400="AJUSTE")*(MOVIMIENTOS!$C$5:$C$400="A")*(MOVIMIENTOS!$D$5:$D$400="jabas")*(ROW(MOVIMIENTOS!$B$5:$B$400)<=$L9)*MOVIMIENTOS!$E$5:$E$400)) -> 30 | C9: =IF($A9="","",SUMPRODUCT((MOVIMIENTOS!$B$5:$B$400="SALDO INICIAL")*(MOVIMIENTOS!$C$5:$C$400="P")*(MOVIMIENTOS!$D$5:$D$400="jabas")*(ROW(MOVIMIENTOS!$B$5:$B$400)<=$L9)*MOVIMIENTOS!$E$5:$E$400)+SUMPRODUCT((MOVIMIENTOS!$B$5:$B$400="PROCESO")*(MOVIMIENTOS!$C$5:$C$400="P")*(MOVIMIENTOS!$D$5:$D$400="jabas")*(ROW(MOVIMIENTOS!$B$5:$B$400)<=$L9)*MOVIMIENTOS!$E$5:$E$400)-SUMPRODUCT((MOVIMIENTOS!$B$5:$B$400="ENVÍO A SUPESA")*(MOVIMIENTOS!$C$5:$C$400="P")*(MOVIMIENTOS!$D$5:$D$400="jabas")*(ROW(MOVIMIENTOS!$B$5:$B$400)<=$L9)*MOVIMIENTOS!$E$5:$E$400)+SUMPRODUCT((MOVIMIENTOS!$B$5:$B$400="DEVOLUCIÓN")*(MOVIMIENTOS!$C$5:$C$400="P")*(MOVIMIENTOS!$D$5:$D$400="jabas")*(ROW(MOVIMIENTOS!$B$5:$B$400)<=$L9)*MOVIMIENTOS!$E$5:$E$400)-SUMPRODUCT((MOVIMIENTOS!$B$5:$B$400="TRASIEGO")*(MOVIMIENTOS!$C$5:$C$400="P")*(MOVIMIENTOS!$D$5:$D$400="jabas")*(ROW(MOVIMIENTOS!$B$5:$B$400)<=$L9)*MOVIMIENTOS!$E$5:$E$400)-SUMPRODUCT((MOVIMIENTOS!$B$5:$B$400="REGALO")*(MOVIMIENTOS!$C$5:$C$400="P")*(MOVIMIENTOS!$D$5:$D$400="jabas")*(ROW(MOVIMIENTOS!$B$5:$B$400)<=$L9)*MOVIMIENTOS!$E$5:$E$400)-SUMPRODUCT((MOVIMIENTOS!$B$5:$B$400="VENTA")*(MOVIMIENTOS!$C$5:$C$400="P")*(MOVIMIENTOS!$D$5:$D$400="jabas")*(ROW(MOVIMIENTOS!$B$5:$B$400)<=$L9)*MOVIMIENTOS!$E$5:$E$400)+SUMPRODUCT((MOVIMIENTOS!$B$5:$B$400="AJUSTE")*(MOVIMIENTOS!$C$5:$C$400="P")*(MOVIMIENTOS!$D$5:$D$400="jabas")*(ROW(MOVIMIENTOS!$B$5:$B$400)<=$L9)*MOVIMIENTOS!$E$5:$E$400)) -> 11 | D9: =IF($A9="","",SUMPRODUCT((MOVIMIENTOS!$B$5:$B$400="SALDO INICIAL")*(MOVIMIENTOS!$C$5:$C$400="C")*(MOVIMIENTOS!$D$5:$D$400="jabas")*(ROW(MOVIMIENTOS!$B$5:$B$400)<=$L9)*MOVIMIENTOS!$E$5:$E$400)+SUMPRODUCT((MOVIMIENTOS!$B$5:$B$400="PROCESO")*(MOVIMIENTOS!$C$5:$C$400="C")*(MOVIMIENTOS!$D$5:$D$400="jabas")*(ROW(MOVIMIENTOS!$B$5:$B$400)<=$L9)*MOVIMIENTOS!$E$5:$E$400)-SUMPRODUCT((MOVIMIENTOS!$B$5:$B$400="ENVÍO A SUPESA")*(MOVIMIENTOS!$C$5:$C$400="C")*(MOVIMIENTOS!$D$5:$D$400="jabas")*(ROW(MOVIMIENTOS!$B$5:$B$400)<=$L9)*MOVIMIENTOS!$E$5:$E$400)+SUMPRODUCT((MOVIMIENTOS!$B$5:$B$400="DEVOLUCIÓN")*(MOVIMIENTOS!$C$5:$C$400="C")*(MOVIMIENTOS!$D$5:$D$400="jabas")*(ROW(MOVIMIENTOS!$B$5:$B$400)<=$L9)*MOVIMIENTOS!$E$5:$E$400)-SUMPRODUCT((MOVIMIENTOS!$B$5:$B$400="TRASIEGO")*(MOVIMIENTOS!$C$5:$C$400="C")*(MOVIMIENTOS!$D$5:$D$400="jabas")*(ROW(MOVIMIENTOS!$B$5:$B$400)<=$L9)*MOVIMIENTOS!$E$5:$E$400)-SUMPRODUCT((MOVIMIENTOS!$B$5:$B$400="REGALO")*(MOVIMIENTOS!$C$5:$C$400="C")*(MOVIMIENTOS!$D$5:$D$400="jabas")*(ROW(MOVIMIENTOS!$B$5:$B$400)<=$L9)*MOVIMIENTOS!$E$5:$E$400)-SUMPRODUCT((MOVIMIENTOS!$B$5:$B$400="VENTA")*(MOVIMIENTOS!$C$5:$C$400="C")*(MOVIMIENTOS!$D$5:$D$400="jabas")*(ROW(MOVIMIENTOS!$B$5:$B$400)<=$L9)*MOVIMIENTOS!$E$5:$E$400)+SUMPRODUCT((MOVIMIENTOS!$B$5:$B$400="AJUSTE")*(MOVIMIENTOS!$C$5:$C$400="C")*(MOVIMIENTOS!$D$5:$D$400="jabas")*(ROW(MOVIMIENTOS!$B$5:$B$400)<=$L9)*MOVIMIENTOS!$E$5:$E$400)) -> 12 | E9: =IF($A9="","",SUMPRODUCT((MOVIMIENTOS!$B$5:$B$400="SALDO INICIAL")*(MOVIMIENTOS!$C$5:$C$400="M")*(MOVIMIENTOS!$D$5:$D$400="jabas")*(ROW(MOVIMIENTOS!$B$5:$B$400)<=$L9)*MOVIMIENTOS!$E$5:$E$400)+SUMPRODUCT((MOVIMIENTOS!$B$5:$B$400="PROCESO")*(MOVIMIENTOS!$C$5:$C$400="M")*(MOVIMIENTOS!$D$5:$D$400="jabas")*(ROW(MOVIMIENTOS!$B$5:$B$400)<=$L9)*MOVIMIENTOS!$E$5:$E$400)-SUMPRODUCT((MOVIMIENTOS!$B$5:$B$400="ENVÍO A SUPESA")*(MOVIMIENTOS!$C$5:$C$400="M")*(MOVIMIENTOS!$D$5:$D$400="jabas")*(ROW(MOVIMIENTOS!$B$5:$B$400)<=$L9)*MOVIMIENTOS!$E$5:$E$400)+SUMPRODUCT((MOVIMIENTOS!$B$5:$B$400="DEVOLUCIÓN")*(MOVIMIENTOS!$C$5:$C$400="M")*(MOVIMIENTOS!$D$5:$D$400="jabas")*(ROW(MOVIMIENTOS!$B$5:$B$400)<=$L9)*MOVIMIENTOS!$E$5:$E$400)-SUMPRODUCT((MOVIMIENTOS!$B$5:$B$400="TRASIEGO")*(MOVIMIENTOS!$C$5:$C$400="M")*(MOVIMIENTOS!$D$5:$D$400="jabas")*(ROW(MOVIMIENTOS!$B$5:$B$400)<=$L9)*MOVIMIENTOS!$E$5:$E$400)-SUMPRODUCT((MOVIMIENTOS!$B$5:$B$400="REGALO")*(MOVIMIENTOS!$C$5:$C$400="M")*(MOVIMIENTOS!$D$5:$D$400="jabas")*(ROW(MOVIMIENTOS!$B$5:$B$400)<=$L9)*MOVIMIENTOS!$E$5:$E$400)-SUMPRODUCT((MOVIMIENTOS!$B$5:$B$400="VENTA")*(MOVIMIENTOS!$C$5:$C$400="M")*(MOVIMIENTOS!$D$5:$D$400="jabas")*(ROW(MOVIMIENTOS!$B$5:$B$400)<=$L9)*MOVIMIENTOS!$E$5:$E$400)+SUMPRODUCT((MOVIMIENTOS!$B$5:$B$400="AJUSTE")*(MOVIMIENTOS!$C$5:$C$400="M")*(MOVIMIENTOS!$D$5:$D$400="jabas")*(ROW(MOVIMIENTOS!$B$5:$B$400)<=$L9)*MOVIMIENTOS!$E$5:$E$400)) -> 35 | F9: =IF($A9="","",SUMPRODUCT((MOVIMIENTOS!$B$5:$B$400="SALDO INICIAL")*(MOVIMIENTOS!$C$5:$C$400="Chancho")*(MOVIMIENTOS!$D$5:$D$400="sacos")*(ROW(MOVIMIENTOS!$B$5:$B$400)<=$L9)*MOVIMIENTOS!$E$5:$E$400)+SUMPRODUCT((MOVIMIENTOS!$B$5:$B$400="PROCESO")*(MOVIMIENTOS!$C$5:$C$400="Chancho")*(MOVIMIENTOS!$D$5:$D$400="sacos")*(ROW(MOVIMIENTOS!$B$5:$B$400)<=$L9)*MOVIMIENTOS!$E$5:$E$400)-SUMPRODUCT((MOVIMIENTOS!$B$5:$B$400="VENTA CHANCHO")*(MOVIMIENTOS!$C$5:$C$400="Chancho")*(MOVIMIENTOS!$D$5:$D$400="sacos")*(ROW(MOVIMIENTOS!$B$5:$B$400)<=$L9)*MOVIMIENTOS!$E$5:$E$400)-SUMPRODUCT((MOVIMIENTOS!$B$5:$B$400="REGALO")*(MOVIMIENTOS!$C$5:$C$400="Chancho")*(MOVIMIENTOS!$D$5:$D$400="sacos")*(ROW(MOVIMIENTOS!$B$5:$B$400)<=$L9)*MOVIMIENTOS!$E$5:$E$400)-SUMPRODUCT((MOVIMIENTOS!$B$5:$B$400="VENTA")*(MOVIMIENTOS!$C$5:$C$400="Chancho")*(MOVIMIENTOS!$D$5:$D$400="sacos")*(ROW(MOVIMIENTOS!$B$5:$B$400)<=$L9)*MOVIMIENTOS!$E$5:$E$400)+SUMPRODUCT((MOVIMIENTOS!$B$5:$B$400="AJUSTE")*(MOVIMIENTOS!$C$5:$C$400="Chancho")*(MOVIMIENTOS!$D$5:$D$400="sacos")*(ROW(MOVIMIENTOS!$B$5:$B$400)<=$L9)*MOVIMIENTOS!$E$5:$E$400)) -> 5 | G9: =IF($A9="","",SUM(B9:E9)) -> 88 | H9: =IF($A9="","",SUMPRODUCT((((MOVIMIENTOS!$B$5:$B$400="SALDO INICIAL")*(MOVIMIENTOS!$C$5:$C$400<>"Chancho"))+(MOVIMIENTOS!$B$5:$B$400="COMPRA")+(MOVIMIENTOS!$B$5:$B$400="REPROCESO")+((MOVIMIENTOS!$B$5:$B$400="AJUSTE")*(MOVIMIENTOS!$C$5:$C$400<>"Chancho")))*(ROW(MOVIMIENTOS!$B$5:$B$400)<=$L9)*MOVIMIENTOS!$I$5:$I$400)-SUMPRODUCT(((MOVIMIENTOS!$B$5:$B$400="ENVÍO A SUPESA")+(MOVIMIENTOS!$B$5:$B$400="MALOGRADO")+(MOVIMIENTOS!$B$5:$B$400="OTRA SALIDA")+(MOVIMIENTOS!$B$5:$B$400="TRASIEGO")+((MOVIMIENTOS!$B$5:$B$400="PROCESO")*(MOVIMIENTOS!$C$5:$C$400="Chancho"))+((MOVIMIENTOS!$B$5:$B$400="REGALO")*(MOVIMIENTOS!$C$5:$C$400<>"Chancho"))+((MOVIMIENTOS!$B$5:$B$400="VENTA")*(MOVIMIENTOS!$C$5:$C$400<>"Chancho")))*(ROW(MOVIMIENTOS!$B$5:$B$400)<=$L9)*MOVIMIENTOS!$I$5:$I$400)) -> 1062 | J9: =IF(AND(MOVIMIENTOS!$A9<>"",COUNTIF(MOVIMIENTOS!$A$5:$A8,MOVIMIENTOS!$A9)=0),COUNT(J$4:J8)+1,"") | K9: =MOVIMIENTOS!$A9 -> 46215 | L9: =IF($A9="","",SUMPRODUCT(MAX((MOVIMIENTOS!$A$5:$A$400=$A9)*ROW(MOVIMIENTOS!$A$5:$A$400)))) -> 48
A10: =IFERROR(INDEX(K$5:K$400,MATCH(ROW()-4,J$5:J$400,0)),"") -> 46219 | B10: =IF($A10="","",SUMPRODUCT((MOVIMIENTOS!$B$5:$B$400="SALDO INICIAL")*(MOVIMIENTOS!$C$5:$C$400="A")*(MOVIMIENTOS!$D$5:$D$400="jabas")*(ROW(MOVIMIENTOS!$B$5:$B$400)<=$L10)*MOVIMIENTOS!$E$5:$E$400)+SUMPRODUCT((MOVIMIENTOS!$B$5:$B$400="PROCESO")*(MOVIMIENTOS!$C$5:$C$400="A")*(MOVIMIENTOS!$D$5:$D$400="jabas")*(ROW(MOVIMIENTOS!$B$5:$B$400)<=$L10)*MOVIMIENTOS!$E$5:$E$400)-SUMPRODUCT((MOVIMIENTOS!$B$5:$B$400="ENVÍO A SUPESA")*(MOVIMIENTOS!$C$5:$C$400="A")*(MOVIMIENTOS!$D$5:$D$400="jabas")*(ROW(MOVIMIENTOS!$B$5:$B$400)<=$L10)*MOVIMIENTOS!$E$5:$E$400)+SUMPRODUCT((MOVIMIENTOS!$B$5:$B$400="DEVOLUCIÓN")*(MOVIMIENTOS!$C$5:$C$400="A")*(MOVIMIENTOS!$D$5:$D$400="jabas")*(ROW(MOVIMIENTOS!$B$5:$B$400)<=$L10)*MOVIMIENTOS!$E$5:$E$400)-SUMPRODUCT((MOVIMIENTOS!$B$5:$B$400="TRASIEGO")*(MOVIMIENTOS!$C$5:$C$400="A")*(MOVIMIENTOS!$D$5:$D$400="jabas")*(ROW(MOVIMIENTOS!$B$5:$B$400)<=$L10)*MOVIMIENTOS!$E$5:$E$400)-SUMPRODUCT((MOVIMIENTOS!$B$5:$B$400="REGALO")*(MOVIMIENTOS!$C$5:$C$400="A")*(MOVIMIENTOS!$D$5:$D$400="jabas")*(ROW(MOVIMIENTOS!$B$5:$B$400)<=$L10)*MOVIMIENTOS!$E$5:$E$400)-SUMPRODUCT((MOVIMIENTOS!$B$5:$B$400="VENTA")*(MOVIMIENTOS!$C$5:$C$400="A")*(MOVIMIENTOS!$D$5:$D$400="jabas")*(ROW(MOVIMIENTOS!$B$5:$B$400)<=$L10)*MOVIMIENTOS!$E$5:$E$400)+SUMPRODUCT((MOVIMIENTOS!$B$5:$B$400="AJUSTE")*(MOVIMIENTOS!$C$5:$C$400="A")*(MOVIMIENTOS!$D$5:$D$400="jabas")*(ROW(MOVIMIENTOS!$B$5:$B$400)<=$L10)*MOVIMIENTOS!$E$5:$E$400)) -> 35 | C10: =IF($A10="","",SUMPRODUCT((MOVIMIENTOS!$B$5:$B$400="SALDO INICIAL")*(MOVIMIENTOS!$C$5:$C$400="P")*(MOVIMIENTOS!$D$5:$D$400="jabas")*(ROW(MOVIMIENTOS!$B$5:$B$400)<=$L10)*MOVIMIENTOS!$E$5:$E$400)+SUMPRODUCT((MOVIMIENTOS!$B$5:$B$400="PROCESO")*(MOVIMIENTOS!$C$5:$C$400="P")*(MOVIMIENTOS!$D$5:$D$400="jabas")*(ROW(MOVIMIENTOS!$B$5:$B$400)<=$L10)*MOVIMIENTOS!$E$5:$E$400)-SUMPRODUCT((MOVIMIENTOS!$B$5:$B$400="ENVÍO A SUPESA")*(MOVIMIENTOS!$C$5:$C$400="P")*(MOVIMIENTOS!$D$5:$D$400="jabas")*(ROW(MOVIMIENTOS!$B$5:$B$400)<=$L10)*MOVIMIENTOS!$E$5:$E$400)+SUMPRODUCT((MOVIMIENTOS!$B$5:$B$400="DEVOLUCIÓN")*(MOVIMIENTOS!$C$5:$C$400="P")*(MOVIMIENTOS!$D$5:$D$400="jabas")*(ROW(MOVIMIENTOS!$B$5:$B$400)<=$L10)*MOVIMIENTOS!$E$5:$E$400)-SUMPRODUCT((MOVIMIENTOS!$B$5:$B$400="TRASIEGO")*(MOVIMIENTOS!$C$5:$C$400="P")*(MOVIMIENTOS!$D$5:$D$400="jabas")*(ROW(MOVIMIENTOS!$B$5:$B$400)<=$L10)*MOVIMIENTOS!$E$5:$E$400)-SUMPRODUCT((MOVIMIENTOS!$B$5:$B$400="REGALO")*(MOVIMIENTOS!$C$5:$C$400="P")*(MOVIMIENTOS!$D$5:$D$400="jabas")*(ROW(MOVIMIENTOS!$B$5:$B$400)<=$L10)*MOVIMIENTOS!$E$5:$E$400)-SUMPRODUCT((MOVIMIENTOS!$B$5:$B$400="VENTA")*(MOVIMIENTOS!$C$5:$C$400="P")*(MOVIMIENTOS!$D$5:$D$400="jabas")*(ROW(MOVIMIENTOS!$B$5:$B$400)<=$L10)*MOVIMIENTOS!$E$5:$E$400)+SUMPRODUCT((MOVIMIENTOS!$B$5:$B$400="AJUSTE")*(MOVIMIENTOS!$C$5:$C$400="P")*(MOVIMIENTOS!$D$5:$D$400="jabas")*(ROW(MOVIMIENTOS!$B$5:$B$400)<=$L10)*MOVIMIENTOS!$E$5:$E$400)) -> 11 | D10: =IF($A10="","",SUMPRODUCT((MOVIMIENTOS!$B$5:$B$400="SALDO INICIAL")*(MOVIMIENTOS!$C$5:$C$400="C")*(MOVIMIENTOS!$D$5:$D$400="jabas")*(ROW(MOVIMIENTOS!$B$5:$B$400)<=$L10)*MOVIMIENTOS!$E$5:$E$400)+SUMPRODUCT((MOVIMIENTOS!$B$5:$B$400="PROCESO")*(MOVIMIENTOS!$C$5:$C$400="C")*(MOVIMIENTOS!$D$5:$D$400="jabas")*(ROW(MOVIMIENTOS!$B$5:$B$400)<=$L10)*MOVIMIENTOS!$E$5:$E$400)-SUMPRODUCT((MOVIMIENTOS!$B$5:$B$400="ENVÍO A SUPESA")*(MOVIMIENTOS!$C$5:$C$400="C")*(MOVIMIENTOS!$D$5:$D$400="jabas")*(ROW(MOVIMIENTOS!$B$5:$B$400)<=$L10)*MOVIMIENTOS!$E$5:$E$400)+SUMPRODUCT((MOVIMIENTOS!$B$5:$B$400="DEVOLUCIÓN")*(MOVIMIENTOS!$C$5:$C$400="C")*(MOVIMIENTOS!$D$5:$D$400="jabas")*(ROW(MOVIMIENTOS!$B$5:$B$400)<=$L10)*MOVIMIENTOS!$E$5:$E$400)-SUMPRODUCT((MOVIMIENTOS!$B$5:$B$400="TRASIEGO")*(MOVIMIENTOS!$C$5:$C$400="C")*(MOVIMIENTOS!$D$5:$D$400="jabas")*(ROW(MOVIMIENTOS!$B$5:$B$400)<=$L10)*MOVIMIENTOS!$E$5:$E$400)-SUMPRODUCT((MOVIMIENTOS!$B$5:$B$400="REGALO")*(MOVIMIENTOS!$C$5:$C$400="C")*(MOVIMIENTOS!$D$5:$D$400="jabas")*(ROW(MOVIMIENTOS!$B$5:$B$400)<=$L10)*MOVIMIENTOS!$E$5:$E$400)-SUMPRODUCT((MOVIMIENTOS!$B$5:$B$400="VENTA")*(MOVIMIENTOS!$C$5:$C$400="C")*(MOVIMIENTOS!$D$5:$D$400="jabas")*(ROW(MOVIMIENTOS!$B$5:$B$400)<=$L10)*MOVIMIENTOS!$E$5:$E$400)+SUMPRODUCT((MOVIMIENTOS!$B$5:$B$400="AJUSTE")*(MOVIMIENTOS!$C$5:$C$400="C")*(MOVIMIENTOS!$D$5:$D$400="jabas")*(ROW(MOVIMIENTOS!$B$5:$B$400)<=$L10)*MOVIMIENTOS!$E$5:$E$400)) -> 12 | E10: =IF($A10="","",SUMPRODUCT((MOVIMIENTOS!$B$5:$B$400="SALDO INICIAL")*(MOVIMIENTOS!$C$5:$C$400="M")*(MOVIMIENTOS!$D$5:$D$400="jabas")*(ROW(MOVIMIENTOS!$B$5:$B$400)<=$L10)*MOVIMIENTOS!$E$5:$E$400)+SUMPRODUCT((MOVIMIENTOS!$B$5:$B$400="PROCESO")*(MOVIMIENTOS!$C$5:$C$400="M")*(MOVIMIENTOS!$D$5:$D$400="jabas")*(ROW(MOVIMIENTOS!$B$5:$B$400)<=$L10)*MOVIMIENTOS!$E$5:$E$400)-SUMPRODUCT((MOVIMIENTOS!$B$5:$B$400="ENVÍO A SUPESA")*(MOVIMIENTOS!$C$5:$C$400="M")*(MOVIMIENTOS!$D$5:$D$400="jabas")*(ROW(MOVIMIENTOS!$B$5:$B$400)<=$L10)*MOVIMIENTOS!$E$5:$E$400)+SUMPRODUCT((MOVIMIENTOS!$B$5:$B$400="DEVOLUCIÓN")*(MOVIMIENTOS!$C$5:$C$400="M")*(MOVIMIENTOS!$D$5:$D$400="jabas")*(ROW(MOVIMIENTOS!$B$5:$B$400)<=$L10)*MOVIMIENTOS!$E$5:$E$400)-SUMPRODUCT((MOVIMIENTOS!$B$5:$B$400="TRASIEGO")*(MOVIMIENTOS!$C$5:$C$400="M")*(MOVIMIENTOS!$D$5:$D$400="jabas")*(ROW(MOVIMIENTOS!$B$5:$B$400)<=$L10)*MOVIMIENTOS!$E$5:$E$400)-SUMPRODUCT((MOVIMIENTOS!$B$5:$B$400="REGALO")*(MOVIMIENTOS!$C$5:$C$400="M")*(MOVIMIENTOS!$D$5:$D$400="jabas")*(ROW(MOVIMIENTOS!$B$5:$B$400)<=$L10)*MOVIMIENTOS!$E$5:$E$400)-SUMPRODUCT((MOVIMIENTOS!$B$5:$B$400="VENTA")*(MOVIMIENTOS!$C$5:$C$400="M")*(MOVIMIENTOS!$D$5:$D$400="jabas")*(ROW(MOVIMIENTOS!$B$5:$B$400)<=$L10)*MOVIMIENTOS!$E$5:$E$400)+SUMPRODUCT((MOVIMIENTOS!$B$5:$B$400="AJUSTE")*(MOVIMIENTOS!$C$5:$C$400="M")*(MOVIMIENTOS!$D$5:$D$400="jabas")*(ROW(MOVIMIENTOS!$B$5:$B$400)<=$L10)*MOVIMIENTOS!$E$5:$E$400)) -> 36 | F10: =IF($A10="","",SUMPRODUCT((MOVIMIENTOS!$B$5:$B$400="SALDO INICIAL")*(MOVIMIENTOS!$C$5:$C$400="Chancho")*(MOVIMIENTOS!$D$5:$D$400="sacos")*(ROW(MOVIMIENTOS!$B$5:$B$400)<=$L10)*MOVIMIENTOS!$E$5:$E$400)+SUMPRODUCT((MOVIMIENTOS!$B$5:$B$400="PROCESO")*(MOVIMIENTOS!$C$5:$C$400="Chancho")*(MOVIMIENTOS!$D$5:$D$400="sacos")*(ROW(MOVIMIENTOS!$B$5:$B$400)<=$L10)*MOVIMIENTOS!$E$5:$E$400)-SUMPRODUCT((MOVIMIENTOS!$B$5:$B$400="VENTA CHANCHO")*(MOVIMIENTOS!$C$5:$C$400="Chancho")*(MOVIMIENTOS!$D$5:$D$400="sacos")*(ROW(MOVIMIENTOS!$B$5:$B$400)<=$L10)*MOVIMIENTOS!$E$5:$E$400)-SUMPRODUCT((MOVIMIENTOS!$B$5:$B$400="REGALO")*(MOVIMIENTOS!$C$5:$C$400="Chancho")*(MOVIMIENTOS!$D$5:$D$400="sacos")*(ROW(MOVIMIENTOS!$B$5:$B$400)<=$L10)*MOVIMIENTOS!$E$5:$E$400)-SUMPRODUCT((MOVIMIENTOS!$B$5:$B$400="VENTA")*(MOVIMIENTOS!$C$5:$C$400="Chancho")*(MOVIMIENTOS!$D$5:$D$400="sacos")*(ROW(MOVIMIENTOS!$B$5:$B$400)<=$L10)*MOVIMIENTOS!$E$5:$E$400)+SUMPRODUCT((MOVIMIENTOS!$B$5:$B$400="AJUSTE")*(MOVIMIENTOS!$C$5:$C$400="Chancho")*(MOVIMIENTOS!$D$5:$D$400="sacos")*(ROW(MOVIMIENTOS!$B$5:$B$400)<=$L10)*MOVIMIENTOS!$E$5:$E$400)) -> 9 | G10: =IF($A10="","",SUM(B10:E10)) -> 94 | H10: =IF($A10="","",SUMPRODUCT((((MOVIMIENTOS!$B$5:$B$400="SALDO INICIAL")*(MOVIMIENTOS!$C$5:$C$400<>"Chancho"))+(MOVIMIENTOS!$B$5:$B$400="COMPRA")+(MOVIMIENTOS!$B$5:$B$400="REPROCESO")+((MOVIMIENTOS!$B$5:$B$400="AJUSTE")*(MOVIMIENTOS!$C$5:$C$400<>"Chancho")))*(ROW(MOVIMIENTOS!$B$5:$B$400)<=$L10)*MOVIMIENTOS!$I$5:$I$400)-SUMPRODUCT(((MOVIMIENTOS!$B$5:$B$400="ENVÍO A SUPESA")+(MOVIMIENTOS!$B$5:$B$400="MALOGRADO")+(MOVIMIENTOS!$B$5:$B$400="OTRA SALIDA")+(MOVIMIENTOS!$B$5:$B$400="TRASIEGO")+((MOVIMIENTOS!$B$5:$B$400="PROCESO")*(MOVIMIENTOS!$C$5:$C$400="Chancho"))+((MOVIMIENTOS!$B$5:$B$400="REGALO")*(MOVIMIENTOS!$C$5:$C$400<>"Chancho"))+((MOVIMIENTOS!$B$5:$B$400="VENTA")*(MOVIMIENTOS!$C$5:$C$400<>"Chancho")))*(ROW(MOVIMIENTOS!$B$5:$B$400)<=$L10)*MOVIMIENTOS!$I$5:$I$400)) -> 1180 | J10: =IF(AND(MOVIMIENTOS!$A10<>"",COUNTIF(MOVIMIENTOS!$A$5:$A9,MOVIMIENTOS!$A10)=0),COUNT(J$4:J9)+1,"") | K10: =MOVIMIENTOS!$A10 -> 46215 | L10: =IF($A10="","",SUMPRODUCT(MAX((MOVIMIENTOS!$A$5:$A$400=$A10)*ROW(MOVIMIENTOS!$A$5:$A$400)))) -> 58
A11: =IFERROR(INDEX(K$5:K$400,MATCH(ROW()-4,J$5:J$400,0)),"") -> 46220 | B11: =IF($A11="","",SUMPRODUCT((MOVIMIENTOS!$B$5:$B$400="SALDO INICIAL")*(MOVIMIENTOS!$C$5:$C$400="A")*(MOVIMIENTOS!$D$5:$D$400="jabas")*(ROW(MOVIMIENTOS!$B$5:$B$400)<=$L11)*MOVIMIENTOS!$E$5:$E$400)+SUMPRODUCT((MOVIMIENTOS!$B$5:$B$400="PROCESO")*(MOVIMIENTOS!$C$5:$C$400="A")*(MOVIMIENTOS!$D$5:$D$400="jabas")*(ROW(MOVIMIENTOS!$B$5:$B$400)<=$L11)*MOVIMIENTOS!$E$5:$E$400)-SUMPRODUCT((MOVIMIENTOS!$B$5:$B$400="ENVÍO A SUPESA")*(MOVIMIENTOS!$C$5:$C$400="A")*(MOVIMIENTOS!$D$5:$D$400="jabas")*(ROW(MOVIMIENTOS!$B$5:$B$400)<=$L11)*MOVIMIENTOS!$E$5:$E$400)+SUMPRODUCT((MOVIMIENTOS!$B$5:$B$400="DEVOLUCIÓN")*(MOVIMIENTOS!$C$5:$C$400="A")*(MOVIMIENTOS!$D$5:$D$400="jabas")*(ROW(MOVIMIENTOS!$B$5:$B$400)<=$L11)*MOVIMIENTOS!$E$5:$E$400)-SUMPRODUCT((MOVIMIENTOS!$B$5:$B$400="TRASIEGO")*(MOVIMIENTOS!$C$5:$C$400="A")*(MOVIMIENTOS!$D$5:$D$400="jabas")*(ROW(MOVIMIENTOS!$B$5:$B$400)<=$L11)*MOVIMIENTOS!$E$5:$E$400)-SUMPRODUCT((MOVIMIENTOS!$B$5:$B$400="REGALO")*(MOVIMIENTOS!$C$5:$C$400="A")*(MOVIMIENTOS!$D$5:$D$400="jabas")*(ROW(MOVIMIENTOS!$B$5:$B$400)<=$L11)*MOVIMIENTOS!$E$5:$E$400)-SUMPRODUCT((MOVIMIENTOS!$B$5:$B$400="VENTA")*(MOVIMIENTOS!$C$5:$C$400="A")*(MOVIMIENTOS!$D$5:$D$400="jabas")*(ROW(MOVIMIENTOS!$B$5:$B$400)<=$L11)*MOVIMIENTOS!$E$5:$E$400)+SUMPRODUCT((MOVIMIENTOS!$B$5:$B$400="AJUSTE")*(MOVIMIENTOS!$C$5:$C$400="A")*(MOVIMIENTOS!$D$5:$D$400="jabas")*(ROW(MOVIMIENTOS!$B$5:$B$400)<=$L11)*MOVIMIENTOS!$E$5:$E$400)) -> 71 | C11: =IF($A11="","",SUMPRODUCT((MOVIMIENTOS!$B$5:$B$400="SALDO INICIAL")*(MOVIMIENTOS!$C$5:$C$400="P")*(MOVIMIENTOS!$D$5:$D$400="jabas")*(ROW(MOVIMIENTOS!$B$5:$B$400)<=$L11)*MOVIMIENTOS!$E$5:$E$400)+SUMPRODUCT((MOVIMIENTOS!$B$5:$B$400="PROCESO")*(MOVIMIENTOS!$C$5:$C$400="P")*(MOVIMIENTOS!$D$5:$D$400="jabas")*(ROW(MOVIMIENTOS!$B$5:$B$400)<=$L11)*MOVIMIENTOS!$E$5:$E$400)-SUMPRODUCT((MOVIMIENTOS!$B$5:$B$400="ENVÍO A SUPESA")*(MOVIMIENTOS!$C$5:$C$400="P")*(MOVIMIENTOS!$D$5:$D$400="jabas")*(ROW(MOVIMIENTOS!$B$5:$B$400)<=$L11)*MOVIMIENTOS!$E$5:$E$400)+SUMPRODUCT((MOVIMIENTOS!$B$5:$B$400="DEVOLUCIÓN")*(MOVIMIENTOS!$C$5:$C$400="P")*(MOVIMIENTOS!$D$5:$D$400="jabas")*(ROW(MOVIMIENTOS!$B$5:$B$400)<=$L11)*MOVIMIENTOS!$E$5:$E$400)-SUMPRODUCT((MOVIMIENTOS!$B$5:$B$400="TRASIEGO")*(MOVIMIENTOS!$C$5:$C$400="P")*(MOVIMIENTOS!$D$5:$D$400="jabas")*(ROW(MOVIMIENTOS!$B$5:$B$400)<=$L11)*MOVIMIENTOS!$E$5:$E$400)-SUMPRODUCT((MOVIMIENTOS!$B$5:$B$400="REGALO")*(MOVIMIENTOS!$C$5:$C$400="P")*(MOVIMIENTOS!$D$5:$D$400="jabas")*(ROW(MOVIMIENTOS!$B$5:$B$400)<=$L11)*MOVIMIENTOS!$E$5:$E$400)-SUMPRODUCT((MOVIMIENTOS!$B$5:$B$400="VENTA")*(MOVIMIENTOS!$C$5:$C$400="P")*(MOVIMIENTOS!$D$5:$D$400="jabas")*(ROW(MOVIMIENTOS!$B$5:$B$400)<=$L11)*MOVIMIENTOS!$E$5:$E$400)+SUMPRODUCT((MOVIMIENTOS!$B$5:$B$400="AJUSTE")*(MOVIMIENTOS!$C$5:$C$400="P")*(MOVIMIENTOS!$D$5:$D$400="jabas")*(ROW(MOVIMIENTOS!$B$5:$B$400)<=$L11)*MOVIMIENTOS!$E$5:$E$400)) -> 4 | D11: =IF($A11="","",SUMPRODUCT((MOVIMIENTOS!$B$5:$B$400="SALDO INICIAL")*(MOVIMIENTOS!$C$5:$C$400="C")*(MOVIMIENTOS!$D$5:$D$400="jabas")*(ROW(MOVIMIENTOS!$B$5:$B$400)<=$L11)*MOVIMIENTOS!$E$5:$E$400)+SUMPRODUCT((MOVIMIENTOS!$B$5:$B$400="PROCESO")*(MOVIMIENTOS!$C$5:$C$400="C")*(MOVIMIENTOS!$D$5:$D$400="jabas")*(ROW(MOVIMIENTOS!$B$5:$B$400)<=$L11)*MOVIMIENTOS!$E$5:$E$400)-SUMPRODUCT((MOVIMIENTOS!$B$5:$B$400="ENVÍO A SUPESA")*(MOVIMIENTOS!$C$5:$C$400="C")*(MOVIMIENTOS!$D$5:$D$400="jabas")*(ROW(MOVIMIENTOS!$B$5:$B$400)<=$L11)*MOVIMIENTOS!$E$5:$E$400)+SUMPRODUCT((MOVIMIENTOS!$B$5:$B$400="DEVOLUCIÓN")*(MOVIMIENTOS!$C$5:$C$400="C")*(MOVIMIENTOS!$D$5:$D$400="jabas")*(ROW(MOVIMIENTOS!$B$5:$B$400)<=$L11)*MOVIMIENTOS!$E$5:$E$400)-SUMPRODUCT((MOVIMIENTOS!$B$5:$B$400="TRASIEGO")*(MOVIMIENTOS!$C$5:$C$400="C")*(MOVIMIENTOS!$D$5:$D$400="jabas")*(ROW(MOVIMIENTOS!$B$5:$B$400)<=$L11)*MOVIMIENTOS!$E$5:$E$400)-SUMPRODUCT((MOVIMIENTOS!$B$5:$B$400="REGALO")*(MOVIMIENTOS!$C$5:$C$400="C")*(MOVIMIENTOS!$D$5:$D$400="jabas")*(ROW(MOVIMIENTOS!$B$5:$B$400)<=$L11)*MOVIMIENTOS!$E$5:$E$400)-SUMPRODUCT((MOVIMIENTOS!$B$5:$B$400="VENTA")*(MOVIMIENTOS!$C$5:$C$400="C")*(MOVIMIENTOS!$D$5:$D$400="jabas")*(ROW(MOVIMIENTOS!$B$5:$B$400)<=$L11)*MOVIMIENTOS!$E$5:$E$400)+SUMPRODUCT((MOVIMIENTOS!$B$5:$B$400="AJUSTE")*(MOVIMIENTOS!$C$5:$C$400="C")*(MOVIMIENTOS!$D$5:$D$400="jabas")*(ROW(MOVIMIENTOS!$B$5:$B$400)<=$L11)*MOVIMIENTOS!$E$5:$E$400)) -> 9 | E11: =IF($A11="","",SUMPRODUCT((MOVIMIENTOS!$B$5:$B$400="SALDO INICIAL")*(MOVIMIENTOS!$C$5:$C$400="M")*(MOVIMIENTOS!$D$5:$D$400="jabas")*(ROW(MOVIMIENTOS!$B$5:$B$400)<=$L11)*MOVIMIENTOS!$E$5:$E$400)+SUMPRODUCT((MOVIMIENTOS!$B$5:$B$400="PROCESO")*(MOVIMIENTOS!$C$5:$C$400="M")*(MOVIMIENTOS!$D$5:$D$400="jabas")*(ROW(MOVIMIENTOS!$B$5:$B$400)<=$L11)*MOVIMIENTOS!$E$5:$E$400)-SUMPRODUCT((MOVIMIENTOS!$B$5:$B$400="ENVÍO A SUPESA")*(MOVIMIENTOS!$C$5:$C$400="M")*(MOVIMIENTOS!$D$5:$D$400="jabas")*(ROW(MOVIMIENTOS!$B$5:$B$400)<=$L11)*MOVIMIENTOS!$E$5:$E$400)+SUMPRODUCT((MOVIMIENTOS!$B$5:$B$400="DEVOLUCIÓN")*(MOVIMIENTOS!$C$5:$C$400="M")*(MOVIMIENTOS!$D$5:$D$400="jabas")*(ROW(MOVIMIENTOS!$B$5:$B$400)<=$L11)*MOVIMIENTOS!$E$5:$E$400)-SUMPRODUCT((MOVIMIENTOS!$B$5:$B$400="TRASIEGO")*(MOVIMIENTOS!$C$5:$C$400="M")*(MOVIMIENTOS!$D$5:$D$400="jabas")*(ROW(MOVIMIENTOS!$B$5:$B$400)<=$L11)*MOVIMIENTOS!$E$5:$E$400)-SUMPRODUCT((MOVIMIENTOS!$B$5:$B$400="REGALO")*(MOVIMIENTOS!$C$5:$C$400="M")*(MOVIMIENTOS!$D$5:$D$400="jabas")*(ROW(MOVIMIENTOS!$B$5:$B$400)<=$L11)*MOVIMIENTOS!$E$5:$E$400)-SUMPRODUCT((MOVIMIENTOS!$B$5:$B$400="VENTA")*(MOVIMIENTOS!$C$5:$C$400="M")*(MOVIMIENTOS!$D$5:$D$400="jabas")*(ROW(MOVIMIENTOS!$B$5:$B$400)<=$L11)*MOVIMIENTOS!$E$5:$E$400)+SUMPRODUCT((MOVIMIENTOS!$B$5:$B$400="AJUSTE")*(MOVIMIENTOS!$C$5:$C$400="M")*(MOVIMIENTOS!$D$5:$D$400="jabas")*(ROW(MOVIMIENTOS!$B$5:$B$400)<=$L11)*MOVIMIENTOS!$E$5:$E$400)) -> 114 | F11: =IF($A11="","",SUMPRODUCT((MOVIMIENTOS!$B$5:$B$400="SALDO INICIAL")*(MOVIMIENTOS!$C$5:$C$400="Chancho")*(MOVIMIENTOS!$D$5:$D$400="sacos")*(ROW(MOVIMIENTOS!$B$5:$B$400)<=$L11)*MOVIMIENTOS!$E$5:$E$400)+SUMPRODUCT((MOVIMIENTOS!$B$5:$B$400="PROCESO")*(MOVIMIENTOS!$C$5:$C$400="Chancho")*(MOVIMIENTOS!$D$5:$D$400="sacos")*(ROW(MOVIMIENTOS!$B$5:$B$400)<=$L11)*MOVIMIENTOS!$E$5:$E$400)-SUMPRODUCT((MOVIMIENTOS!$B$5:$B$400="VENTA CHANCHO")*(MOVIMIENTOS!$C$5:$C$400="Chancho")*(MOVIMIENTOS!$D$5:$D$400="sacos")*(ROW(MOVIMIENTOS!$B$5:$B$400)<=$L11)*MOVIMIENTOS!$E$5:$E$400)-SUMPRODUCT((MOVIMIENTOS!$B$5:$B$400="REGALO")*(MOVIMIENTOS!$C$5:$C$400="Chancho")*(MOVIMIENTOS!$D$5:$D$400="sacos")*(ROW(MOVIMIENTOS!$B$5:$B$400)<=$L11)*MOVIMIENTOS!$E$5:$E$400)-SUMPRODUCT((MOVIMIENTOS!$B$5:$B$400="VENTA")*(MOVIMIENTOS!$C$5:$C$400="Chancho")*(MOVIMIENTOS!$D$5:$D$400="sacos")*(ROW(MOVIMIENTOS!$B$5:$B$400)<=$L11)*MOVIMIENTOS!$E$5:$E$400)+SUMPRODUCT((MOVIMIENTOS!$B$5:$B$400="AJUSTE")*(MOVIMIENTOS!$C$5:$C$400="Chancho")*(MOVIMIENTOS!$D$5:$D$400="sacos")*(ROW(MOVIMIENTOS!$B$5:$B$400)<=$L11)*MOVIMIENTOS!$E$5:$E$400)) -> 5 | G11: =IF($A11="","",SUM(B11:E11)) -> 198 | H11: =IF($A11="","",SUMPRODUCT((((MOVIMIENTOS!$B$5:$B$400="SALDO INICIAL")*(MOVIMIENTOS!$C$5:$C$400<>"Chancho"))+(MOVIMIENTOS!$B$5:$B$400="COMPRA")+(MOVIMIENTOS!$B$5:$B$400="REPROCESO")+((MOVIMIENTOS!$B$5:$B$400="AJUSTE")*(MOVIMIENTOS!$C$5:$C$400<>"Chancho")))*(ROW(MOVIMIENTOS!$B$5:$B$400)<=$L11)*MOVIMIENTOS!$I$5:$I$400)-SUMPRODUCT(((MOVIMIENTOS!$B$5:$B$400="ENVÍO A SUPESA")+(MOVIMIENTOS!$B$5:$B$400="MALOGRADO")+(MOVIMIENTOS!$B$5:$B$400="OTRA SALIDA")+(MOVIMIENTOS!$B$5:$B$400="TRASIEGO")+((MOVIMIENTOS!$B$5:$B$400="PROCESO")*(MOVIMIENTOS!$C$5:$C$400="Chancho"))+((MOVIMIENTOS!$B$5:$B$400="REGALO")*(MOVIMIENTOS!$C$5:$C$400<>"Chancho"))+((MOVIMIENTOS!$B$5:$B$400="VENTA")*(MOVIMIENTOS!$C$5:$C$400<>"Chancho")))*(ROW(MOVIMIENTOS!$B$5:$B$400)<=$L11)*MOVIMIENTOS!$I$5:$I$400)) -> 2897 | J11: =IF(AND(MOVIMIENTOS!$A11<>"",COUNTIF(MOVIMIENTOS!$A$5:$A10,MOVIMIENTOS!$A11)=0),COUNT(J$4:J10)+1,"") | K11: =MOVIMIENTOS!$A11 -> 46215 | L11: =IF($A11="","",SUMPRODUCT(MAX((MOVIMIENTOS!$A$5:$A$400=$A11)*ROW(MOVIMIENTOS!$A$5:$A$400)))) -> 73
A12: =IFERROR(INDEX(K$5:K$400,MATCH(ROW()-4,J$5:J$400,0)),"") -> 46221 | B12: =IF($A12="","",SUMPRODUCT((MOVIMIENTOS!$B$5:$B$400="SALDO INICIAL")*(MOVIMIENTOS!$C$5:$C$400="A")*(MOVIMIENTOS!$D$5:$D$400="jabas")*(ROW(MOVIMIENTOS!$B$5:$B$400)<=$L12)*MOVIMIENTOS!$E$5:$E$400)+SUMPRODUCT((MOVIMIENTOS!$B$5:$B$400="PROCESO")*(MOVIMIENTOS!$C$5:$C$400="A")*(MOVIMIENTOS!$D$5:$D$400="jabas")*(ROW(MOVIMIENTOS!$B$5:$B$400)<=$L12)*MOVIMIENTOS!$E$5:$E$400)-SUMPRODUCT((MOVIMIENTOS!$B$5:$B$400="ENVÍO A SUPESA")*(MOVIMIENTOS!$C$5:$C$400="A")*(MOVIMIENTOS!$D$5:$D$400="jabas")*(ROW(MOVIMIENTOS!$B$5:$B$400)<=$L12)*MOVIMIENTOS!$E$5:$E$400)+SUMPRODUCT((MOVIMIENTOS!$B$5:$B$400="DEVOLUCIÓN")*(MOVIMIENTOS!$C$5:$C$400="A")*(MOVIMIENTOS!$D$5:$D$400="jabas")*(ROW(MOVIMIENTOS!$B$5:$B$400)<=$L12)*MOVIMIENTOS!$E$5:$E$400)-SUMPRODUCT((MOVIMIENTOS!$B$5:$B$400="TRASIEGO")*(MOVIMIENTOS!$C$5:$C$400="A")*(MOVIMIENTOS!$D$5:$D$400="jabas")*(ROW(MOVIMIENTOS!$B$5:$B$400)<=$L12)*MOVIMIENTOS!$E$5:$E$400)-SUMPRODUCT((MOVIMIENTOS!$B$5:$B$400="REGALO")*(MOVIMIENTOS!$C$5:$C$400="A")*(MOVIMIENTOS!$D$5:$D$400="jabas")*(ROW(MOVIMIENTOS!$B$5:$B$400)<=$L12)*MOVIMIENTOS!$E$5:$E$400)-SUMPRODUCT((MOVIMIENTOS!$B$5:$B$400="VENTA")*(MOVIMIENTOS!$C$5:$C$400="A")*(MOVIMIENTOS!$D$5:$D$400="jabas")*(ROW(MOVIMIENTOS!$B$5:$B$400)<=$L12)*MOVIMIENTOS!$E$5:$E$400)+SUMPRODUCT((MOVIMIENTOS!$B$5:$B$400="AJUSTE")*(MOVIMIENTOS!$C$5:$C$400="A")*(MOVIMIENTOS!$D$5:$D$400="jabas")*(ROW(MOVIMIENTOS!$B$5:$B$400)<=$L12)*MOVIMIENTOS!$E$5:$E$400)) -> 3 | C12: =IF($A12="","",SUMPRODUCT((MOVIMIENTOS!$B$5:$B$400="SALDO INICIAL")*(MOVIMIENTOS!$C$5:$C$400="P")*(MOVIMIENTOS!$D$5:$D$400="jabas")*(ROW(MOVIMIENTOS!$B$5:$B$400)<=$L12)*MOVIMIENTOS!$E$5:$E$400)+SUMPRODUCT((MOVIMIENTOS!$B$5:$B$400="PROCESO")*(MOVIMIENTOS!$C$5:$C$400="P")*(MOVIMIENTOS!$D$5:$D$400="jabas")*(ROW(MOVIMIENTOS!$B$5:$B$400)<=$L12)*MOVIMIENTOS!$E$5:$E$400)-SUMPRODUCT((MOVIMIENTOS!$B$5:$B$400="ENVÍO A SUPESA")*(MOVIMIENTOS!$C$5:$C$400="P")*(MOVIMIENTOS!$D$5:$D$400="jabas")*(ROW(MOVIMIENTOS!$B$5:$B$400)<=$L12)*MOVIMIENTOS!$E$5:$E$400)+SUMPRODUCT((MOVIMIENTOS!$B$5:$B$400="DEVOLUCIÓN")*(MOVIMIENTOS!$C$5:$C$400="P")*(MOVIMIENTOS!$D$5:$D$400="jabas")*(ROW(MOVIMIENTOS!$B$5:$B$400)<=$L12)*MOVIMIENTOS!$E$5:$E$400)-SUMPRODUCT((MOVIMIENTOS!$B$5:$B$400="TRASIEGO")*(MOVIMIENTOS!$C$5:$C$400="P")*(MOVIMIENTOS!$D$5:$D$400="jabas")*(ROW(MOVIMIENTOS!$B$5:$B$400)<=$L12)*MOVIMIENTOS!$E$5:$E$400)-SUMPRODUCT((MOVIMIENTOS!$B$5:$B$400="REGALO")*(MOVIMIENTOS!$C$5:$C$400="P")*(MOVIMIENTOS!$D$5:$D$400="jabas")*(ROW(MOVIMIENTOS!$B$5:$B$400)<=$L12)*MOVIMIENTOS!$E$5:$E$400)-SUMPRODUCT((MOVIMIENTOS!$B$5:$B$400="VENTA")*(MOVIMIENTOS!$C$5:$C$400="P")*(MOVIMIENTOS!$D$5:$D$400="jabas")*(ROW(MOVIMIENTOS!$B$5:$B$400)<=$L12)*MOVIMIENTOS!$E$5:$E$400)+SUMPRODUCT((MOVIMIENTOS!$B$5:$B$400="AJUSTE")*(MOVIMIENTOS!$C$5:$C$400="P")*(MOVIMIENTOS!$D$5:$D$400="jabas")*(ROW(MOVIMIENTOS!$B$5:$B$400)<=$L12)*MOVIMIENTOS!$E$5:$E$400)) -> 0 | D12: =IF($A12="","",SUMPRODUCT((MOVIMIENTOS!$B$5:$B$400="SALDO INICIAL")*(MOVIMIENTOS!$C$5:$C$400="C")*(MOVIMIENTOS!$D$5:$D$400="jabas")*(ROW(MOVIMIENTOS!$B$5:$B$400)<=$L12)*MOVIMIENTOS!$E$5:$E$400)+SUMPRODUCT((MOVIMIENTOS!$B$5:$B$400="PROCESO")*(MOVIMIENTOS!$C$5:$C$400="C")*(MOVIMIENTOS!$D$5:$D$400="jabas")*(ROW(MOVIMIENTOS!$B$5:$B$400)<=$L12)*MOVIMIENTOS!$E$5:$E$400)-SUMPRODUCT((MOVIMIENTOS!$B$5:$B$400="ENVÍO A SUPESA")*(MOVIMIENTOS!$C$5:$C$400="C")*(MOVIMIENTOS!$D$5:$D$400="jabas")*(ROW(MOVIMIENTOS!$B$5:$B$400)<=$L12)*MOVIMIENTOS!$E$5:$E$400)+SUMPRODUCT((MOVIMIENTOS!$B$5:$B$400="DEVOLUCIÓN")*(MOVIMIENTOS!$C$5:$C$400="C")*(MOVIMIENTOS!$D$5:$D$400="jabas")*(ROW(MOVIMIENTOS!$B$5:$B$400)<=$L12)*MOVIMIENTOS!$E$5:$E$400)-SUMPRODUCT((MOVIMIENTOS!$B$5:$B$400="TRASIEGO")*(MOVIMIENTOS!$C$5:$C$400="C")*(MOVIMIENTOS!$D$5:$D$400="jabas")*(ROW(MOVIMIENTOS!$B$5:$B$400)<=$L12)*MOVIMIENTOS!$E$5:$E$400)-SUMPRODUCT((MOVIMIENTOS!$B$5:$B$400="REGALO")*(MOVIMIENTOS!$C$5:$C$400="C")*(MOVIMIENTOS!$D$5:$D$400="jabas")*(ROW(MOVIMIENTOS!$B$5:$B$400)<=$L12)*MOVIMIENTOS!$E$5:$E$400)-SUMPRODUCT((MOVIMIENTOS!$B$5:$B$400="VENTA")*(MOVIMIENTOS!$C$5:$C$400="C")*(MOVIMIENTOS!$D$5:$D$400="jabas")*(ROW(MOVIMIENTOS!$B$5:$B$400)<=$L12)*MOVIMIENTOS!$E$5:$E$400)+SUMPRODUCT((MOVIMIENTOS!$B$5:$B$400="AJUSTE")*(MOVIMIENTOS!$C$5:$C$400="C")*(MOVIMIENTOS!$D$5:$D$400="jabas")*(ROW(MOVIMIENTOS!$B$5:$B$400)<=$L12)*MOVIMIENTOS!$E$5:$E$400)) -> 0 | E12: =IF($A12="","",SUMPRODUCT((MOVIMIENTOS!$B$5:$B$400="SALDO INICIAL")*(MOVIMIENTOS!$C$5:$C$400="M")*(MOVIMIENTOS!$D$5:$D$400="jabas")*(ROW(MOVIMIENTOS!$B$5:$B$400)<=$L12)*MOVIMIENTOS!$E$5:$E$400)+SUMPRODUCT((MOVIMIENTOS!$B$5:$B$400="PROCESO")*(MOVIMIENTOS!$C$5:$C$400="M")*(MOVIMIENTOS!$D$5:$D$400="jabas")*(ROW(MOVIMIENTOS!$B$5:$B$400)<=$L12)*MOVIMIENTOS!$E$5:$E$400)-SUMPRODUCT((MOVIMIENTOS!$B$5:$B$400="ENVÍO A SUPESA")*(MOVIMIENTOS!$C$5:$C$400="M")*(MOVIMIENTOS!$D$5:$D$400="jabas")*(ROW(MOVIMIENTOS!$B$5:$B$400)<=$L12)*MOVIMIENTOS!$E$5:$E$400)+SUMPRODUCT((MOVIMIENTOS!$B$5:$B$400="DEVOLUCIÓN")*(MOVIMIENTOS!$C$5:$C$400="M")*(MOVIMIENTOS!$D$5:$D$400="jabas")*(ROW(MOVIMIENTOS!$B$5:$B$400)<=$L12)*MOVIMIENTOS!$E$5:$E$400)-SUMPRODUCT((MOVIMIENTOS!$B$5:$B$400="TRASIEGO")*(MOVIMIENTOS!$C$5:$C$400="M")*(MOVIMIENTOS!$D$5:$D$400="jabas")*(ROW(MOVIMIENTOS!$B$5:$B$400)<=$L12)*MOVIMIENTOS!$E$5:$E$400)-SUMPRODUCT((MOVIMIENTOS!$B$5:$B$400="REGALO")*(MOVIMIENTOS!$C$5:$C$400="M")*(MOVIMIENTOS!$D$5:$D$400="jabas")*(ROW(MOVIMIENTOS!$B$5:$B$400)<=$L12)*MOVIMIENTOS!$E$5:$E$400)-SUMPRODUCT((MOVIMIENTOS!$B$5:$B$400="VENTA")*(MOVIMIENTOS!$C$5:$C$400="M")*(MOVIMIENTOS!$D$5:$D$400="jabas")*(ROW(MOVIMIENTOS!$B$5:$B$400)<=$L12)*MOVIMIENTOS!$E$5:$E$400)+SUMPRODUCT((MOVIMIENTOS!$B$5:$B$400="AJUSTE")*(MOVIMIENTOS!$C$5:$C$400="M")*(MOVIMIENTOS!$D$5:$D$400="jabas")*(ROW(MOVIMIENTOS!$B$5:$B$400)<=$L12)*MOVIMIENTOS!$E$5:$E$400)) -> 0 | F12: =IF($A12="","",SUMPRODUCT((MOVIMIENTOS!$B$5:$B$400="SALDO INICIAL")*(MOVIMIENTOS!$C$5:$C$400="Chancho")*(MOVIMIENTOS!$D$5:$D$400="sacos")*(ROW(MOVIMIENTOS!$B$5:$B$400)<=$L12)*MOVIMIENTOS!$E$5:$E$400)+SUMPRODUCT((MOVIMIENTOS!$B$5:$B$400="PROCESO")*(MOVIMIENTOS!$C$5:$C$400="Chancho")*(MOVIMIENTOS!$D$5:$D$400="sacos")*(ROW(MOVIMIENTOS!$B$5:$B$400)<=$L12)*MOVIMIENTOS!$E$5:$E$400)-SUMPRODUCT((MOVIMIENTOS!$B$5:$B$400="VENTA CHANCHO")*(MOVIMIENTOS!$C$5:$C$400="Chancho")*(MOVIMIENTOS!$D$5:$D$400="sacos")*(ROW(MOVIMIENTOS!$B$5:$B$400)<=$L12)*MOVIMIENTOS!$E$5:$E$400)-SUMPRODUCT((MOVIMIENTOS!$B$5:$B$400="REGALO")*(MOVIMIENTOS!$C$5:$C$400="Chancho")*(MOVIMIENTOS!$D$5:$D$400="sacos")*(ROW(MOVIMIENTOS!$B$5:$B$400)<=$L12)*MOVIMIENTOS!$E$5:$E$400)-SUMPRODUCT((MOVIMIENTOS!$B$5:$B$400="VENTA")*(MOVIMIENTOS!$C$5:$C$400="Chancho")*(MOVIMIENTOS!$D$5:$D$400="sacos")*(ROW(MOVIMIENTOS!$B$5:$B$400)<=$L12)*MOVIMIENTOS!$E$5:$E$400)+SUMPRODUCT((MOVIMIENTOS!$B$5:$B$400="AJUSTE")*(MOVIMIENTOS!$C$5:$C$400="Chancho")*(MOVIMIENTOS!$D$5:$D$400="sacos")*(ROW(MOVIMIENTOS!$B$5:$B$400)<=$L12)*MOVIMIENTOS!$E$5:$E$400)) -> 5 | G12: =IF($A12="","",SUM(B12:E12)) -> 3 | H12: =IF($A12="","",SUMPRODUCT((((MOVIMIENTOS!$B$5:$B$400="SALDO INICIAL")*(MOVIMIENTOS!$C$5:$C$400<>"Chancho"))+(MOVIMIENTOS!$B$5:$B$400="COMPRA")+(MOVIMIENTOS!$B$5:$B$400="REPROCESO")+((MOVIMIENTOS!$B$5:$B$400="AJUSTE")*(MOVIMIENTOS!$C$5:$C$400<>"Chancho")))*(ROW(MOVIMIENTOS!$B$5:$B$400)<=$L12)*MOVIMIENTOS!$I$5:$I$400)-SUMPRODUCT(((MOVIMIENTOS!$B$5:$B$400="ENVÍO A SUPESA")+(MOVIMIENTOS!$B$5:$B$400="MALOGRADO")+(MOVIMIENTOS!$B$5:$B$400="OTRA SALIDA")+(MOVIMIENTOS!$B$5:$B$400="TRASIEGO")+((MOVIMIENTOS!$B$5:$B$400="PROCESO")*(MOVIMIENTOS!$C$5:$C$400="Chancho"))+((MOVIMIENTOS!$B$5:$B$400="REGALO")*(MOVIMIENTOS!$C$5:$C$400<>"Chancho"))+((MOVIMIENTOS!$B$5:$B$400="VENTA")*(MOVIMIENTOS!$C$5:$C$400<>"Chancho")))*(ROW(MOVIMIENTOS!$B$5:$B$400)<=$L12)*MOVIMIENTOS!$I$5:$I$400)) -> -286 | J12: =IF(AND(MOVIMIENTOS!$A12<>"",COUNTIF(MOVIMIENTOS!$A$5:$A11,MOVIMIENTOS!$A12)=0),COUNT(J$4:J11)+1,"") | K12: =MOVIMIENTOS!$A12 -> 46215 | L12: =IF($A12="","",SUMPRODUCT(MAX((MOVIMIENTOS!$A$5:$A$400=$A12)*ROW(MOVIMIENTOS!$A$5:$A$400)))) -> 78
A13: =IFERROR(INDEX(K$5:K$400,MATCH(ROW()-4,J$5:J$400,0)),"") -> 46222 | B13: =IF($A13="","",SUMPRODUCT((MOVIMIENTOS!$B$5:$B$400="SALDO INICIAL")*(MOVIMIENTOS!$C$5:$C$400="A")*(MOVIMIENTOS!$D$5:$D$400="jabas")*(ROW(MOVIMIENTOS!$B$5:$B$400)<=$L13)*MOVIMIENTOS!$E$5:$E$400)+SUMPRODUCT((MOVIMIENTOS!$B$5:$B$400="PROCESO")*(MOVIMIENTOS!$C$5:$C$400="A")*(MOVIMIENTOS!$D$5:$D$400="jabas")*(ROW(MOVIMIENTOS!$B$5:$B$400)<=$L13)*MOVIMIENTOS!$E$5:$E$400)-SUMPRODUCT((MOVIMIENTOS!$B$5:$B$400="ENVÍO A SUPESA")*(MOVIMIENTOS!$C$5:$C$400="A")*(MOVIMIENTOS!$D$5:$D$400="jabas")*(ROW(MOVIMIENTOS!$B$5:$B$400)<=$L13)*MOVIMIENTOS!$E$5:$E$400)+SUMPRODUCT((MOVIMIENTOS!$B$5:$B$400="DEVOLUCIÓN")*(MOVIMIENTOS!$C$5:$C$400="A")*(MOVIMIENTOS!$D$5:$D$400="jabas")*(ROW(MOVIMIENTOS!$B$5:$B$400)<=$L13)*MOVIMIENTOS!$E$5:$E$400)-SUMPRODUCT((MOVIMIENTOS!$B$5:$B$400="TRASIEGO")*(MOVIMIENTOS!$C$5:$C$400="A")*(MOVIMIENTOS!$D$5:$D$400="jabas")*(ROW(MOVIMIENTOS!$B$5:$B$400)<=$L13)*MOVIMIENTOS!$E$5:$E$400)-SUMPRODUCT((MOVIMIENTOS!$B$5:$B$400="REGALO")*(MOVIMIENTOS!$C$5:$C$400="A")*(MOVIMIENTOS!$D$5:$D$400="jabas")*(ROW(MOVIMIENTOS!$B$5:$B$400)<=$L13)*MOVIMIENTOS!$E$5:$E$400)-SUMPRODUCT((MOVIMIENTOS!$B$5:$B$400="VENTA")*(MOVIMIENTOS!$C$5:$C$400="A")*(MOVIMIENTOS!$D$5:$D$400="jabas")*(ROW(MOVIMIENTOS!$B$5:$B$400)<=$L13)*MOVIMIENTOS!$E$5:$E$400)+SUMPRODUCT((MOVIMIENTOS!$B$5:$B$400="AJUSTE")*(MOVIMIENTOS!$C$5:$C$400="A")*(MOVIMIENTOS!$D$5:$D$400="jabas")*(ROW(MOVIMIENTOS!$B$5:$B$400)<=$L13)*MOVIMIENTOS!$E$5:$E$400)) -> 43 | C13: =IF($A13="","",SUMPRODUCT((MOVIMIENTOS!$B$5:$B$400="SALDO INICIAL")*(MOVIMIENTOS!$C$5:$C$400="P")*(MOVIMIENTOS!$D$5:$D$400="jabas")*(ROW(MOVIMIENTOS!$B$5:$B$400)<=$L13)*MOVIMIENTOS!$E$5:$E$400)+SUMPRODUCT((MOVIMIENTOS!$B$5:$B$400="PROCESO")*(MOVIMIENTOS!$C$5:$C$400="P")*(MOVIMIENTOS!$D$5:$D$400="jabas")*(ROW(MOVIMIENTOS!$B$5:$B$400)<=$L13)*MOVIMIENTOS!$E$5:$E$400)-SUMPRODUCT((MOVIMIENTOS!$B$5:$B$400="ENVÍO A SUPESA")*(MOVIMIENTOS!$C$5:$C$400="P")*(MOVIMIENTOS!$D$5:$D$400="jabas")*(ROW(MOVIMIENTOS!$B$5:$B$400)<=$L13)*MOVIMIENTOS!$E$5:$E$400)+SUMPRODUCT((MOVIMIENTOS!$B$5:$B$400="DEVOLUCIÓN")*(MOVIMIENTOS!$C$5:$C$400="P")*(MOVIMIENTOS!$D$5:$D$400="jabas")*(ROW(MOVIMIENTOS!$B$5:$B$400)<=$L13)*MOVIMIENTOS!$E$5:$E$400)-SUMPRODUCT((MOVIMIENTOS!$B$5:$B$400="TRASIEGO")*(MOVIMIENTOS!$C$5:$C$400="P")*(MOVIMIENTOS!$D$5:$D$400="jabas")*(ROW(MOVIMIENTOS!$B$5:$B$400)<=$L13)*MOVIMIENTOS!$E$5:$E$400)-SUMPRODUCT((MOVIMIENTOS!$B$5:$B$400="REGALO")*(MOVIMIENTOS!$C$5:$C$400="P")*(MOVIMIENTOS!$D$5:$D$400="jabas")*(ROW(MOVIMIENTOS!$B$5:$B$400)<=$L13)*MOVIMIENTOS!$E$5:$E$400)-SUMPRODUCT((MOVIMIENTOS!$B$5:$B$400="VENTA")*(MOVIMIENTOS!$C$5:$C$400="P")*(MOVIMIENTOS!$D$5:$D$400="jabas")*(ROW(MOVIMIENTOS!$B$5:$B$400)<=$L13)*MOVIMIENTOS!$E$5:$E$400)+SUMPRODUCT((MOVIMIENTOS!$B$5:$B$400="AJUSTE")*(MOVIMIENTOS!$C$5:$C$400="P")*(MOVIMIENTOS!$D$5:$D$400="jabas")*(ROW(MOVIMIENTOS!$B$5:$B$400)<=$L13)*MOVIMIENTOS!$E$5:$E$400)) -> 0 | D13: =IF($A13="","",SUMPRODUCT((MOVIMIENTOS!$B$5:$B$400="SALDO INICIAL")*(MOVIMIENTOS!$C$5:$C$400="C")*(MOVIMIENTOS!$D$5:$D$400="jabas")*(ROW(MOVIMIENTOS!$B$5:$B$400)<=$L13)*MOVIMIENTOS!$E$5:$E$400)+SUMPRODUCT((MOVIMIENTOS!$B$5:$B$400="PROCESO")*(MOVIMIENTOS!$C$5:$C$400="C")*(MOVIMIENTOS!$D$5:$D$400="jabas")*(ROW(MOVIMIENTOS!$B$5:$B$400)<=$L13)*MOVIMIENTOS!$E$5:$E$400)-SUMPRODUCT((MOVIMIENTOS!$B$5:$B$400="ENVÍO A SUPESA")*(MOVIMIENTOS!$C$5:$C$400="C")*(MOVIMIENTOS!$D$5:$D$400="jabas")*(ROW(MOVIMIENTOS!$B$5:$B$400)<=$L13)*MOVIMIENTOS!$E$5:$E$400)+SUMPRODUCT((MOVIMIENTOS!$B$5:$B$400="DEVOLUCIÓN")*(MOVIMIENTOS!$C$5:$C$400="C")*(MOVIMIENTOS!$D$5:$D$400="jabas")*(ROW(MOVIMIENTOS!$B$5:$B$400)<=$L13)*MOVIMIENTOS!$E$5:$E$400)-SUMPRODUCT((MOVIMIENTOS!$B$5:$B$400="TRASIEGO")*(MOVIMIENTOS!$C$5:$C$400="C")*(MOVIMIENTOS!$D$5:$D$400="jabas")*(ROW(MOVIMIENTOS!$B$5:$B$400)<=$L13)*MOVIMIENTOS!$E$5:$E$400)-SUMPRODUCT((MOVIMIENTOS!$B$5:$B$400="REGALO")*(MOVIMIENTOS!$C$5:$C$400="C")*(MOVIMIENTOS!$D$5:$D$400="jabas")*(ROW(MOVIMIENTOS!$B$5:$B$400)<=$L13)*MOVIMIENTOS!$E$5:$E$400)-SUMPRODUCT((MOVIMIENTOS!$B$5:$B$400="VENTA")*(MOVIMIENTOS!$C$5:$C$400="C")*(MOVIMIENTOS!$D$5:$D$400="jabas")*(ROW(MOVIMIENTOS!$B$5:$B$400)<=$L13)*MOVIMIENTOS!$E$5:$E$400)+SUMPRODUCT((MOVIMIENTOS!$B$5:$B$400="AJUSTE")*(MOVIMIENTOS!$C$5:$C$400="C")*(MOVIMIENTOS!$D$5:$D$400="jabas")*(ROW(MOVIMIENTOS!$B$5:$B$400)<=$L13)*MOVIMIENTOS!$E$5:$E$400)) -> 0 | E13: =IF($A13="","",SUMPRODUCT((MOVIMIENTOS!$B$5:$B$400="SALDO INICIAL")*(MOVIMIENTOS!$C$5:$C$400="M")*(MOVIMIENTOS!$D$5:$D$400="jabas")*(ROW(MOVIMIENTOS!$B$5:$B$400)<=$L13)*MOVIMIENTOS!$E$5:$E$400)+SUMPRODUCT((MOVIMIENTOS!$B$5:$B$400="PROCESO")*(MOVIMIENTOS!$C$5:$C$400="M")*(MOVIMIENTOS!$D$5:$D$400="jabas")*(ROW(MOVIMIENTOS!$B$5:$B$400)<=$L13)*MOVIMIENTOS!$E$5:$E$400)-SUMPRODUCT((MOVIMIENTOS!$B$5:$B$400="ENVÍO A SUPESA")*(MOVIMIENTOS!$C$5:$C$400="M")*(MOVIMIENTOS!$D$5:$D$400="jabas")*(ROW(MOVIMIENTOS!$B$5:$B$400)<=$L13)*MOVIMIENTOS!$E$5:$E$400)+SUMPRODUCT((MOVIMIENTOS!$B$5:$B$400="DEVOLUCIÓN")*(MOVIMIENTOS!$C$5:$C$400="M")*(MOVIMIENTOS!$D$5:$D$400="jabas")*(ROW(MOVIMIENTOS!$B$5:$B$400)<=$L13)*MOVIMIENTOS!$E$5:$E$400)-SUMPRODUCT((MOVIMIENTOS!$B$5:$B$400="TRASIEGO")*(MOVIMIENTOS!$C$5:$C$400="M")*(MOVIMIENTOS!$D$5:$D$400="jabas")*(ROW(MOVIMIENTOS!$B$5:$B$400)<=$L13)*MOVIMIENTOS!$E$5:$E$400)-SUMPRODUCT((MOVIMIENTOS!$B$5:$B$400="REGALO")*(MOVIMIENTOS!$C$5:$C$400="M")*(MOVIMIENTOS!$D$5:$D$400="jabas")*(ROW(MOVIMIENTOS!$B$5:$B$400)<=$L13)*MOVIMIENTOS!$E$5:$E$400)-SUMPRODUCT((MOVIMIENTOS!$B$5:$B$400="VENTA")*(MOVIMIENTOS!$C$5:$C$400="M")*(MOVIMIENTOS!$D$5:$D$400="jabas")*(ROW(MOVIMIENTOS!$B$5:$B$400)<=$L13)*MOVIMIENTOS!$E$5:$E$400)+SUMPRODUCT((MOVIMIENTOS!$B$5:$B$400="AJUSTE")*(MOVIMIENTOS!$C$5:$C$400="M")*(MOVIMIENTOS!$D$5:$D$400="jabas")*(ROW(MOVIMIENTOS!$B$5:$B$400)<=$L13)*MOVIMIENTOS!$E$5:$E$400)) -> 60 | F13: =IF($A13="","",SUMPRODUCT((MOVIMIENTOS!$B$5:$B$400="SALDO INICIAL")*(MOVIMIENTOS!$C$5:$C$400="Chancho")*(MOVIMIENTOS!$D$5:$D$400="sacos")*(ROW(MOVIMIENTOS!$B$5:$B$400)<=$L13)*MOVIMIENTOS!$E$5:$E$400)+SUMPRODUCT((MOVIMIENTOS!$B$5:$B$400="PROCESO")*(MOVIMIENTOS!$C$5:$C$400="Chancho")*(MOVIMIENTOS!$D$5:$D$400="sacos")*(ROW(MOVIMIENTOS!$B$5:$B$400)<=$L13)*MOVIMIENTOS!$E$5:$E$400)-SUMPRODUCT((MOVIMIENTOS!$B$5:$B$400="VENTA CHANCHO")*(MOVIMIENTOS!$C$5:$C$400="Chancho")*(MOVIMIENTOS!$D$5:$D$400="sacos")*(ROW(MOVIMIENTOS!$B$5:$B$400)<=$L13)*MOVIMIENTOS!$E$5:$E$400)-SUMPRODUCT((MOVIMIENTOS!$B$5:$B$400="REGALO")*(MOVIMIENTOS!$C$5:$C$400="Chancho")*(MOVIMIENTOS!$D$5:$D$400="sacos")*(ROW(MOVIMIENTOS!$B$5:$B$400)<=$L13)*MOVIMIENTOS!$E$5:$E$400)-SUMPRODUCT((MOVIMIENTOS!$B$5:$B$400="VENTA")*(MOVIMIENTOS!$C$5:$C$400="Chancho")*(MOVIMIENTOS!$D$5:$D$400="sacos")*(ROW(MOVIMIENTOS!$B$5:$B$400)<=$L13)*MOVIMIENTOS!$E$5:$E$400)+SUMPRODUCT((MOVIMIENTOS!$B$5:$B$400="AJUSTE")*(MOVIMIENTOS!$C$5:$C$400="Chancho")*(MOVIMIENTOS!$D$5:$D$400="sacos")*(ROW(MOVIMIENTOS!$B$5:$B$400)<=$L13)*MOVIMIENTOS!$E$5:$E$400)) -> 18.5 | G13: =IF($A13="","",SUM(B13:E13)) -> 103 | H13: =IF($A13="","",SUMPRODUCT((((MOVIMIENTOS!$B$5:$B$400="SALDO INICIAL")*(MOVIMIENTOS!$C$5:$C$400<>"Chancho"))+(MOVIMIENTOS!$B$5:$B$400="COMPRA")+(MOVIMIENTOS!$B$5:$B$400="REPROCESO")+((MOVIMIENTOS!$B$5:$B$400="AJUSTE")*(MOVIMIENTOS!$C$5:$C$400<>"Chancho")))*(ROW(MOVIMIENTOS!$B$5:$B$400)<=$L13)*MOVIMIENTOS!$I$5:$I$400)-SUMPRODUCT(((MOVIMIENTOS!$B$5:$B$400="ENVÍO A SUPESA")+(MOVIMIENTOS!$B$5:$B$400="MALOGRADO")+(MOVIMIENTOS!$B$5:$B$400="OTRA SALIDA")+(MOVIMIENTOS!$B$5:$B$400="TRASIEGO")+((MOVIMIENTOS!$B$5:$B$400="PROCESO")*(MOVIMIENTOS!$C$5:$C$400="Chancho"))+((MOVIMIENTOS!$B$5:$B$400="REGALO")*(MOVIMIENTOS!$C$5:$C$400<>"Chancho"))+((MOVIMIENTOS!$B$5:$B$400="VENTA")*(MOVIMIENTOS!$C$5:$C$400<>"Chancho")))*(ROW(MOVIMIENTOS!$B$5:$B$400)<=$L13)*MOVIMIENTOS!$I$5:$I$400)) -> 1298.5 | J13: =IF(AND(MOVIMIENTOS!$A13<>"",COUNTIF(MOVIMIENTOS!$A$5:$A12,MOVIMIENTOS!$A13)=0),COUNT(J$4:J12)+1,"") | K13: =MOVIMIENTOS!$A13 -> 46215 | L13: =IF($A13="","",SUMPRODUCT(MAX((MOVIMIENTOS!$A$5:$A$400=$A13)*ROW(MOVIMIENTOS!$A$5:$A$400)))) -> 88
A14: =IFERROR(INDEX(K$5:K$400,MATCH(ROW()-4,J$5:J$400,0)),"") -> 46223 | B14: =IF($A14="","",SUMPRODUCT((MOVIMIENTOS!$B$5:$B$400="SALDO INICIAL")*(MOVIMIENTOS!$C$5:$C$400="A")*(MOVIMIENTOS!$D$5:$D$400="jabas")*(ROW(MOVIMIENTOS!$B$5:$B$400)<=$L14)*MOVIMIENTOS!$E$5:$E$400)+SUMPRODUCT((MOVIMIENTOS!$B$5:$B$400="PROCESO")*(MOVIMIENTOS!$C$5:$C$400="A")*(MOVIMIENTOS!$D$5:$D$400="jabas")*(ROW(MOVIMIENTOS!$B$5:$B$400)<=$L14)*MOVIMIENTOS!$E$5:$E$400)-SUMPRODUCT((MOVIMIENTOS!$B$5:$B$400="ENVÍO A SUPESA")*(MOVIMIENTOS!$C$5:$C$400="A")*(MOVIMIENTOS!$D$5:$D$400="jabas")*(ROW(MOVIMIENTOS!$B$5:$B$400)<=$L14)*MOVIMIENTOS!$E$5:$E$400)+SUMPRODUCT((MOVIMIENTOS!$B$5:$B$400="DEVOLUCIÓN")*(MOVIMIENTOS!$C$5:$C$400="A")*(MOVIMIENTOS!$D$5:$D$400="jabas")*(ROW(MOVIMIENTOS!$B$5:$B$400)<=$L14)*MOVIMIENTOS!$E$5:$E$400)-SUMPRODUCT((MOVIMIENTOS!$B$5:$B$400="TRASIEGO")*(MOVIMIENTOS!$C$5:$C$400="A")*(MOVIMIENTOS!$D$5:$D$400="jabas")*(ROW(MOVIMIENTOS!$B$5:$B$400)<=$L14)*MOVIMIENTOS!$E$5:$E$400)-SUMPRODUCT((MOVIMIENTOS!$B$5:$B$400="REGALO")*(MOVIMIENTOS!$C$5:$C$400="A")*(MOVIMIENTOS!$D$5:$D$400="jabas")*(ROW(MOVIMIENTOS!$B$5:$B$400)<=$L14)*MOVIMIENTOS!$E$5:$E$400)-SUMPRODUCT((MOVIMIENTOS!$B$5:$B$400="VENTA")*(MOVIMIENTOS!$C$5:$C$400="A")*(MOVIMIENTOS!$D$5:$D$400="jabas")*(ROW(MOVIMIENTOS!$B$5:$B$400)<=$L14)*MOVIMIENTOS!$E$5:$E$400)+SUMPRODUCT((MOVIMIENTOS!$B$5:$B$400="AJUSTE")*(MOVIMIENTOS!$C$5:$C$400="A")*(MOVIMIENTOS!$D$5:$D$400="jabas")*(ROW(MOVIMIENTOS!$B$5:$B$400)<=$L14)*MOVIMIENTOS!$E$5:$E$400)) -> 44 | C14: =IF($A14="","",SUMPRODUCT((MOVIMIENTOS!$B$5:$B$400="SALDO INICIAL")*(MOVIMIENTOS!$C$5:$C$400="P")*(MOVIMIENTOS!$D$5:$D$400="jabas")*(ROW(MOVIMIENTOS!$B$5:$B$400)<=$L14)*MOVIMIENTOS!$E$5:$E$400)+SUMPRODUCT((MOVIMIENTOS!$B$5:$B$400="PROCESO")*(MOVIMIENTOS!$C$5:$C$400="P")*(MOVIMIENTOS!$D$5:$D$400="jabas")*(ROW(MOVIMIENTOS!$B$5:$B$400)<=$L14)*MOVIMIENTOS!$E$5:$E$400)-SUMPRODUCT((MOVIMIENTOS!$B$5:$B$400="ENVÍO A SUPESA")*(MOVIMIENTOS!$C$5:$C$400="P")*(MOVIMIENTOS!$D$5:$D$400="jabas")*(ROW(MOVIMIENTOS!$B$5:$B$400)<=$L14)*MOVIMIENTOS!$E$5:$E$400)+SUMPRODUCT((MOVIMIENTOS!$B$5:$B$400="DEVOLUCIÓN")*(MOVIMIENTOS!$C$5:$C$400="P")*(MOVIMIENTOS!$D$5:$D$400="jabas")*(ROW(MOVIMIENTOS!$B$5:$B$400)<=$L14)*MOVIMIENTOS!$E$5:$E$400)-SUMPRODUCT((MOVIMIENTOS!$B$5:$B$400="TRASIEGO")*(MOVIMIENTOS!$C$5:$C$400="P")*(MOVIMIENTOS!$D$5:$D$400="jabas")*(ROW(MOVIMIENTOS!$B$5:$B$400)<=$L14)*MOVIMIENTOS!$E$5:$E$400)-SUMPRODUCT((MOVIMIENTOS!$B$5:$B$400="REGALO")*(MOVIMIENTOS!$C$5:$C$400="P")*(MOVIMIENTOS!$D$5:$D$400="jabas")*(ROW(MOVIMIENTOS!$B$5:$B$400)<=$L14)*MOVIMIENTOS!$E$5:$E$400)-SUMPRODUCT((MOVIMIENTOS!$B$5:$B$400="VENTA")*(MOVIMIENTOS!$C$5:$C$400="P")*(MOVIMIENTOS!$D$5:$D$400="jabas")*(ROW(MOVIMIENTOS!$B$5:$B$400)<=$L14)*MOVIMIENTOS!$E$5:$E$400)+SUMPRODUCT((MOVIMIENTOS!$B$5:$B$400="AJUSTE")*(MOVIMIENTOS!$C$5:$C$400="P")*(MOVIMIENTOS!$D$5:$D$400="jabas")*(ROW(MOVIMIENTOS!$B$5:$B$400)<=$L14)*MOVIMIENTOS!$E$5:$E$400)) -> 11 | D14: =IF($A14="","",SUMPRODUCT((MOVIMIENTOS!$B$5:$B$400="SALDO INICIAL")*(MOVIMIENTOS!$C$5:$C$400="C")*(MOVIMIENTOS!$D$5:$D$400="jabas")*(ROW(MOVIMIENTOS!$B$5:$B$400)<=$L14)*MOVIMIENTOS!$E$5:$E$400)+SUMPRODUCT((MOVIMIENTOS!$B$5:$B$400="PROCESO")*(MOVIMIENTOS!$C$5:$C$400="C")*(MOVIMIENTOS!$D$5:$D$400="jabas")*(ROW(MOVIMIENTOS!$B$5:$B$400)<=$L14)*MOVIMIENTOS!$E$5:$E$400)-SUMPRODUCT((MOVIMIENTOS!$B$5:$B$400="ENVÍO A SUPESA")*(MOVIMIENTOS!$C$5:$C$400="C")*(MOVIMIENTOS!$D$5:$D$400="jabas")*(ROW(MOVIMIENTOS!$B$5:$B$400)<=$L14)*MOVIMIENTOS!$E$5:$E$400)+SUMPRODUCT((MOVIMIENTOS!$B$5:$B$400="DEVOLUCIÓN")*(MOVIMIENTOS!$C$5:$C$400="C")*(MOVIMIENTOS!$D$5:$D$400="jabas")*(ROW(MOVIMIENTOS!$B$5:$B$400)<=$L14)*MOVIMIENTOS!$E$5:$E$400)-SUMPRODUCT((MOVIMIENTOS!$B$5:$B$400="TRASIEGO")*(MOVIMIENTOS!$C$5:$C$400="C")*(MOVIMIENTOS!$D$5:$D$400="jabas")*(ROW(MOVIMIENTOS!$B$5:$B$400)<=$L14)*MOVIMIENTOS!$E$5:$E$400)-SUMPRODUCT((MOVIMIENTOS!$B$5:$B$400="REGALO")*(MOVIMIENTOS!$C$5:$C$400="C")*(MOVIMIENTOS!$D$5:$D$400="jabas")*(ROW(MOVIMIENTOS!$B$5:$B$400)<=$L14)*MOVIMIENTOS!$E$5:$E$400)-SUMPRODUCT((MOVIMIENTOS!$B$5:$B$400="VENTA")*(MOVIMIENTOS!$C$5:$C$400="C")*(MOVIMIENTOS!$D$5:$D$400="jabas")*(ROW(MOVIMIENTOS!$B$5:$B$400)<=$L14)*MOVIMIENTOS!$E$5:$E$400)+SUMPRODUCT((MOVIMIENTOS!$B$5:$B$400="AJUSTE")*(MOVIMIENTOS!$C$5:$C$400="C")*(MOVIMIENTOS!$D$5:$D$400="jabas")*(ROW(MOVIMIENTOS!$B$5:$B$400)<=$L14)*MOVIMIENTOS!$E$5:$E$400)) -> 10 | E14: =IF($A14="","",SUMPRODUCT((MOVIMIENTOS!$B$5:$B$400="SALDO INICIAL")*(MOVIMIENTOS!$C$5:$C$400="M")*(MOVIMIENTOS!$D$5:$D$400="jabas")*(ROW(MOVIMIENTOS!$B$5:$B$400)<=$L14)*MOVIMIENTOS!$E$5:$E$400)+SUMPRODUCT((MOVIMIENTOS!$B$5:$B$400="PROCESO")*(MOVIMIENTOS!$C$5:$C$400="M")*(MOVIMIENTOS!$D$5:$D$400="jabas")*(ROW(MOVIMIENTOS!$B$5:$B$400)<=$L14)*MOVIMIENTOS!$E$5:$E$400)-SUMPRODUCT((MOVIMIENTOS!$B$5:$B$400="ENVÍO A SUPESA")*(MOVIMIENTOS!$C$5:$C$400="M")*(MOVIMIENTOS!$D$5:$D$400="jabas")*(ROW(MOVIMIENTOS!$B$5:$B$400)<=$L14)*MOVIMIENTOS!$E$5:$E$400)+SUMPRODUCT((MOVIMIENTOS!$B$5:$B$400="DEVOLUCIÓN")*(MOVIMIENTOS!$C$5:$C$400="M")*(MOVIMIENTOS!$D$5:$D$400="jabas")*(ROW(MOVIMIENTOS!$B$5:$B$400)<=$L14)*MOVIMIENTOS!$E$5:$E$400)-SUMPRODUCT((MOVIMIENTOS!$B$5:$B$400="TRASIEGO")*(MOVIMIENTOS!$C$5:$C$400="M")*(MOVIMIENTOS!$D$5:$D$400="jabas")*(ROW(MOVIMIENTOS!$B$5:$B$400)<=$L14)*MOVIMIENTOS!$E$5:$E$400)-SUMPRODUCT((MOVIMIENTOS!$B$5:$B$400="REGALO")*(MOVIMIENTOS!$C$5:$C$400="M")*(MOVIMIENTOS!$D$5:$D$400="jabas")*(ROW(MOVIMIENTOS!$B$5:$B$400)<=$L14)*MOVIMIENTOS!$E$5:$E$400)-SUMPRODUCT((MOVIMIENTOS!$B$5:$B$400="VENTA")*(MOVIMIENTOS!$C$5:$C$400="M")*(MOVIMIENTOS!$D$5:$D$400="jabas")*(ROW(MOVIMIENTOS!$B$5:$B$400)<=$L14)*MOVIMIENTOS!$E$5:$E$400)+SUMPRODUCT((MOVIMIENTOS!$B$5:$B$400="AJUSTE")*(MOVIMIENTOS!$C$5:$C$400="M")*(MOVIMIENTOS!$D$5:$D$400="jabas")*(ROW(MOVIMIENTOS!$B$5:$B$400)<=$L14)*MOVIMIENTOS!$E$5:$E$400)) -> 78 | F14: =IF($A14="","",SUMPRODUCT((MOVIMIENTOS!$B$5:$B$400="SALDO INICIAL")*(MOVIMIENTOS!$C$5:$C$400="Chancho")*(MOVIMIENTOS!$D$5:$D$400="sacos")*(ROW(MOVIMIENTOS!$B$5:$B$400)<=$L14)*MOVIMIENTOS!$E$5:$E$400)+SUMPRODUCT((MOVIMIENTOS!$B$5:$B$400="PROCESO")*(MOVIMIENTOS!$C$5:$C$400="Chancho")*(MOVIMIENTOS!$D$5:$D$400="sacos")*(ROW(MOVIMIENTOS!$B$5:$B$400)<=$L14)*MOVIMIENTOS!$E$5:$E$400)-SUMPRODUCT((MOVIMIENTOS!$B$5:$B$400="VENTA CHANCHO")*(MOVIMIENTOS!$C$5:$C$400="Chancho")*(MOVIMIENTOS!$D$5:$D$400="sacos")*(ROW(MOVIMIENTOS!$B$5:$B$400)<=$L14)*MOVIMIENTOS!$E$5:$E$400)-SUMPRODUCT((MOVIMIENTOS!$B$5:$B$400="REGALO")*(MOVIMIENTOS!$C$5:$C$400="Chancho")*(MOVIMIENTOS!$D$5:$D$400="sacos")*(ROW(MOVIMIENTOS!$B$5:$B$400)<=$L14)*MOVIMIENTOS!$E$5:$E$400)-SUMPRODUCT((MOVIMIENTOS!$B$5:$B$400="VENTA")*(MOVIMIENTOS!$C$5:$C$400="Chancho")*(MOVIMIENTOS!$D$5:$D$400="sacos")*(ROW(MOVIMIENTOS!$B$5:$B$400)<=$L14)*MOVIMIENTOS!$E$5:$E$400)+SUMPRODUCT((MOVIMIENTOS!$B$5:$B$400="AJUSTE")*(MOVIMIENTOS!$C$5:$C$400="Chancho")*(MOVIMIENTOS!$D$5:$D$400="sacos")*(ROW(MOVIMIENTOS!$B$5:$B$400)<=$L14)*MOVIMIENTOS!$E$5:$E$400)) -> 7 | G14: =IF($A14="","",SUM(B14:E14)) -> 143 | H14: =IF($A14="","",SUMPRODUCT((((MOVIMIENTOS!$B$5:$B$400="SALDO INICIAL")*(MOVIMIENTOS!$C$5:$C$400<>"Chancho"))+(MOVIMIENTOS!$B$5:$B$400="COMPRA")+(MOVIMIENTOS!$B$5:$B$400="REPROCESO")+((MOVIMIENTOS!$B$5:$B$400="AJUSTE")*(MOVIMIENTOS!$C$5:$C$400<>"Chancho")))*(ROW(MOVIMIENTOS!$B$5:$B$400)<=$L14)*MOVIMIENTOS!$I$5:$I$400)-SUMPRODUCT(((MOVIMIENTOS!$B$5:$B$400="ENVÍO A SUPESA")+(MOVIMIENTOS!$B$5:$B$400="MALOGRADO")+(MOVIMIENTOS!$B$5:$B$400="OTRA SALIDA")+(MOVIMIENTOS!$B$5:$B$400="TRASIEGO")+((MOVIMIENTOS!$B$5:$B$400="PROCESO")*(MOVIMIENTOS!$C$5:$C$400="Chancho"))+((MOVIMIENTOS!$B$5:$B$400="REGALO")*(MOVIMIENTOS!$C$5:$C$400<>"Chancho"))+((MOVIMIENTOS!$B$5:$B$400="VENTA")*(MOVIMIENTOS!$C$5:$C$400<>"Chancho")))*(ROW(MOVIMIENTOS!$B$5:$B$400)<=$L14)*MOVIMIENTOS!$I$5:$I$400)) -> 4002 | J14: =IF(AND(MOVIMIENTOS!$A14<>"",COUNTIF(MOVIMIENTOS!$A$5:$A13,MOVIMIENTOS!$A14)=0),COUNT(J$4:J13)+1,"") | K14: =MOVIMIENTOS!$A14 -> 46215 | L14: =IF($A14="","",SUMPRODUCT(MAX((MOVIMIENTOS!$A$5:$A$400=$A14)*ROW(MOVIMIENTOS!$A$5:$A$400)))) -> 102
A15: =IFERROR(INDEX(K$5:K$400,MATCH(ROW()-4,J$5:J$400,0)),"") -> 46224 | B15: =IF($A15="","",SUMPRODUCT((MOVIMIENTOS!$B$5:$B$400="SALDO INICIAL")*(MOVIMIENTOS!$C$5:$C$400="A")*(MOVIMIENTOS!$D$5:$D$400="jabas")*(ROW(MOVIMIENTOS!$B$5:$B$400)<=$L15)*MOVIMIENTOS!$E$5:$E$400)+SUMPRODUCT((MOVIMIENTOS!$B$5:$B$400="PROCESO")*(MOVIMIENTOS!$C$5:$C$400="A")*(MOVIMIENTOS!$D$5:$D$400="jabas")*(ROW(MOVIMIENTOS!$B$5:$B$400)<=$L15)*MOVIMIENTOS!$E$5:$E$400)-SUMPRODUCT((MOVIMIENTOS!$B$5:$B$400="ENVÍO A SUPESA")*(MOVIMIENTOS!$C$5:$C$400="A")*(MOVIMIENTOS!$D$5:$D$400="jabas")*(ROW(MOVIMIENTOS!$B$5:$B$400)<=$L15)*MOVIMIENTOS!$E$5:$E$400)+SUMPRODUCT((MOVIMIENTOS!$B$5:$B$400="DEVOLUCIÓN")*(MOVIMIENTOS!$C$5:$C$400="A")*(MOVIMIENTOS!$D$5:$D$400="jabas")*(ROW(MOVIMIENTOS!$B$5:$B$400)<=$L15)*MOVIMIENTOS!$E$5:$E$400)-SUMPRODUCT((MOVIMIENTOS!$B$5:$B$400="TRASIEGO")*(MOVIMIENTOS!$C$5:$C$400="A")*(MOVIMIENTOS!$D$5:$D$400="jabas")*(ROW(MOVIMIENTOS!$B$5:$B$400)<=$L15)*MOVIMIENTOS!$E$5:$E$400)-SUMPRODUCT((MOVIMIENTOS!$B$5:$B$400="REGALO")*(MOVIMIENTOS!$C$5:$C$400="A")*(MOVIMIENTOS!$D$5:$D$400="jabas")*(ROW(MOVIMIENTOS!$B$5:$B$400)<=$L15)*MOVIMIENTOS!$E$5:$E$400)-SUMPRODUCT((MOVIMIENTOS!$B$5:$B$400="VENTA")*(MOVIMIENTOS!$C$5:$C$400="A")*(MOVIMIENTOS!$D$5:$D$400="jabas")*(ROW(MOVIMIENTOS!$B$5:$B$400)<=$L15)*MOVIMIENTOS!$E$5:$E$400)+SUMPRODUCT((MOVIMIENTOS!$B$5:$B$400="AJUSTE")*(MOVIMIENTOS!$C$5:$C$400="A")*(MOVIMIENTOS!$D$5:$D$400="jabas")*(ROW(MOVIMIENTOS!$B$5:$B$400)<=$L15)*MOVIMIENTOS!$E$5:$E$400)) -> 67 | C15: =IF($A15="","",SUMPRODUCT((MOVIMIENTOS!$B$5:$B$400="SALDO INICIAL")*(MOVIMIENTOS!$C$5:$C$400="P")*(MOVIMIENTOS!$D$5:$D$400="jabas")*(ROW(MOVIMIENTOS!$B$5:$B$400)<=$L15)*MOVIMIENTOS!$E$5:$E$400)+SUMPRODUCT((MOVIMIENTOS!$B$5:$B$400="PROCESO")*(MOVIMIENTOS!$C$5:$C$400="P")*(MOVIMIENTOS!$D$5:$D$400="jabas")*(ROW(MOVIMIENTOS!$B$5:$B$400)<=$L15)*MOVIMIENTOS!$E$5:$E$400)-SUMPRODUCT((MOVIMIENTOS!$B$5:$B$400="ENVÍO A SUPESA")*(MOVIMIENTOS!$C$5:$C$400="P")*(MOVIMIENTOS!$D$5:$D$400="jabas")*(ROW(MOVIMIENTOS!$B$5:$B$400)<=$L15)*MOVIMIENTOS!$E$5:$E$400)+SUMPRODUCT((MOVIMIENTOS!$B$5:$B$400="DEVOLUCIÓN")*(MOVIMIENTOS!$C$5:$C$400="P")*(MOVIMIENTOS!$D$5:$D$400="jabas")*(ROW(MOVIMIENTOS!$B$5:$B$400)<=$L15)*MOVIMIENTOS!$E$5:$E$400)-SUMPRODUCT((MOVIMIENTOS!$B$5:$B$400="TRASIEGO")*(MOVIMIENTOS!$C$5:$C$400="P")*(MOVIMIENTOS!$D$5:$D$400="jabas")*(ROW(MOVIMIENTOS!$B$5:$B$400)<=$L15)*MOVIMIENTOS!$E$5:$E$400)-SUMPRODUCT((MOVIMIENTOS!$B$5:$B$400="REGALO")*(MOVIMIENTOS!$C$5:$C$400="P")*(MOVIMIENTOS!$D$5:$D$400="jabas")*(ROW(MOVIMIENTOS!$B$5:$B$400)<=$L15)*MOVIMIENTOS!$E$5:$E$400)-SUMPRODUCT((MOVIMIENTOS!$B$5:$B$400="VENTA")*(MOVIMIENTOS!$C$5:$C$400="P")*(MOVIMIENTOS!$D$5:$D$400="jabas")*(ROW(MOVIMIENTOS!$B$5:$B$400)<=$L15)*MOVIMIENTOS!$E$5:$E$400)+SUMPRODUCT((MOVIMIENTOS!$B$5:$B$400="AJUSTE")*(MOVIMIENTOS!$C$5:$C$400="P")*(MOVIMIENTOS!$D$5:$D$400="jabas")*(ROW(MOVIMIENTOS!$B$5:$B$400)<=$L15)*MOVIMIENTOS!$E$5:$E$400)) -> 11 | D15: =IF($A15="","",SUMPRODUCT((MOVIMIENTOS!$B$5:$B$400="SALDO INICIAL")*(MOVIMIENTOS!$C$5:$C$400="C")*(MOVIMIENTOS!$D$5:$D$400="jabas")*(ROW(MOVIMIENTOS!$B$5:$B$400)<=$L15)*MOVIMIENTOS!$E$5:$E$400)+SUMPRODUCT((MOVIMIENTOS!$B$5:$B$400="PROCESO")*(MOVIMIENTOS!$C$5:$C$400="C")*(MOVIMIENTOS!$D$5:$D$400="jabas")*(ROW(MOVIMIENTOS!$B$5:$B$400)<=$L15)*MOVIMIENTOS!$E$5:$E$400)-SUMPRODUCT((MOVIMIENTOS!$B$5:$B$400="ENVÍO A SUPESA")*(MOVIMIENTOS!$C$5:$C$400="C")*(MOVIMIENTOS!$D$5:$D$400="jabas")*(ROW(MOVIMIENTOS!$B$5:$B$400)<=$L15)*MOVIMIENTOS!$E$5:$E$400)+SUMPRODUCT((MOVIMIENTOS!$B$5:$B$400="DEVOLUCIÓN")*(MOVIMIENTOS!$C$5:$C$400="C")*(MOVIMIENTOS!$D$5:$D$400="jabas")*(ROW(MOVIMIENTOS!$B$5:$B$400)<=$L15)*MOVIMIENTOS!$E$5:$E$400)-SUMPRODUCT((MOVIMIENTOS!$B$5:$B$400="TRASIEGO")*(MOVIMIENTOS!$C$5:$C$400="C")*(MOVIMIENTOS!$D$5:$D$400="jabas")*(ROW(MOVIMIENTOS!$B$5:$B$400)<=$L15)*MOVIMIENTOS!$E$5:$E$400)-SUMPRODUCT((MOVIMIENTOS!$B$5:$B$400="REGALO")*(MOVIMIENTOS!$C$5:$C$400="C")*(MOVIMIENTOS!$D$5:$D$400="jabas")*(ROW(MOVIMIENTOS!$B$5:$B$400)<=$L15)*MOVIMIENTOS!$E$5:$E$400)-SUMPRODUCT((MOVIMIENTOS!$B$5:$B$400="VENTA")*(MOVIMIENTOS!$C$5:$C$400="C")*(MOVIMIENTOS!$D$5:$D$400="jabas")*(ROW(MOVIMIENTOS!$B$5:$B$400)<=$L15)*MOVIMIENTOS!$E$5:$E$400)+SUMPRODUCT((MOVIMIENTOS!$B$5:$B$400="AJUSTE")*(MOVIMIENTOS!$C$5:$C$400="C")*(MOVIMIENTOS!$D$5:$D$400="jabas")*(ROW(MOVIMIENTOS!$B$5:$B$400)<=$L15)*MOVIMIENTOS!$E$5:$E$400)) -> 12 | E15: =IF($A15="","",SUMPRODUCT((MOVIMIENTOS!$B$5:$B$400="SALDO INICIAL")*(MOVIMIENTOS!$C$5:$C$400="M")*(MOVIMIENTOS!$D$5:$D$400="jabas")*(ROW(MOVIMIENTOS!$B$5:$B$400)<=$L15)*MOVIMIENTOS!$E$5:$E$400)+SUMPRODUCT((MOVIMIENTOS!$B$5:$B$400="PROCESO")*(MOVIMIENTOS!$C$5:$C$400="M")*(MOVIMIENTOS!$D$5:$D$400="jabas")*(ROW(MOVIMIENTOS!$B$5:$B$400)<=$L15)*MOVIMIENTOS!$E$5:$E$400)-SUMPRODUCT((MOVIMIENTOS!$B$5:$B$400="ENVÍO A SUPESA")*(MOVIMIENTOS!$C$5:$C$400="M")*(MOVIMIENTOS!$D$5:$D$400="jabas")*(ROW(MOVIMIENTOS!$B$5:$B$400)<=$L15)*MOVIMIENTOS!$E$5:$E$400)+SUMPRODUCT((MOVIMIENTOS!$B$5:$B$400="DEVOLUCIÓN")*(MOVIMIENTOS!$C$5:$C$400="M")*(MOVIMIENTOS!$D$5:$D$400="jabas")*(ROW(MOVIMIENTOS!$B$5:$B$400)<=$L15)*MOVIMIENTOS!$E$5:$E$400)-SUMPRODUCT((MOVIMIENTOS!$B$5:$B$400="TRASIEGO")*(MOVIMIENTOS!$C$5:$C$400="M")*(MOVIMIENTOS!$D$5:$D$400="jabas")*(ROW(MOVIMIENTOS!$B$5:$B$400)<=$L15)*MOVIMIENTOS!$E$5:$E$400)-SUMPRODUCT((MOVIMIENTOS!$B$5:$B$400="REGALO")*(MOVIMIENTOS!$C$5:$C$400="M")*(MOVIMIENTOS!$D$5:$D$400="jabas")*(ROW(MOVIMIENTOS!$B$5:$B$400)<=$L15)*MOVIMIENTOS!$E$5:$E$400)-SUMPRODUCT((MOVIMIENTOS!$B$5:$B$400="VENTA")*(MOVIMIENTOS!$C$5:$C$400="M")*(MOVIMIENTOS!$D$5:$D$400="jabas")*(ROW(MOVIMIENTOS!$B$5:$B$400)<=$L15)*MOVIMIENTOS!$E$5:$E$400)+SUMPRODUCT((MOVIMIENTOS!$B$5:$B$400="AJUSTE")*(MOVIMIENTOS!$C$5:$C$400="M")*(MOVIMIENTOS!$D$5:$D$400="jabas")*(ROW(MOVIMIENTOS!$B$5:$B$400)<=$L15)*MOVIMIENTOS!$E$5:$E$400)) -> 111 | F15: =IF($A15="","",SUMPRODUCT((MOVIMIENTOS!$B$5:$B$400="SALDO INICIAL")*(MOVIMIENTOS!$C$5:$C$400="Chancho")*(MOVIMIENTOS!$D$5:$D$400="sacos")*(ROW(MOVIMIENTOS!$B$5:$B$400)<=$L15)*MOVIMIENTOS!$E$5:$E$400)+SUMPRODUCT((MOVIMIENTOS!$B$5:$B$400="PROCESO")*(MOVIMIENTOS!$C$5:$C$400="Chancho")*(MOVIMIENTOS!$D$5:$D$400="sacos")*(ROW(MOVIMIENTOS!$B$5:$B$400)<=$L15)*MOVIMIENTOS!$E$5:$E$400)-SUMPRODUCT((MOVIMIENTOS!$B$5:$B$400="VENTA CHANCHO")*(MOVIMIENTOS!$C$5:$C$400="Chancho")*(MOVIMIENTOS!$D$5:$D$400="sacos")*(ROW(MOVIMIENTOS!$B$5:$B$400)<=$L15)*MOVIMIENTOS!$E$5:$E$400)-SUMPRODUCT((MOVIMIENTOS!$B$5:$B$400="REGALO")*(MOVIMIENTOS!$C$5:$C$400="Chancho")*(MOVIMIENTOS!$D$5:$D$400="sacos")*(ROW(MOVIMIENTOS!$B$5:$B$400)<=$L15)*MOVIMIENTOS!$E$5:$E$400)-SUMPRODUCT((MOVIMIENTOS!$B$5:$B$400="VENTA")*(MOVIMIENTOS!$C$5:$C$400="Chancho")*(MOVIMIENTOS!$D$5:$D$400="sacos")*(ROW(MOVIMIENTOS!$B$5:$B$400)<=$L15)*MOVIMIENTOS!$E$5:$E$400)+SUMPRODUCT((MOVIMIENTOS!$B$5:$B$400="AJUSTE")*(MOVIMIENTOS!$C$5:$C$400="Chancho")*(MOVIMIENTOS!$D$5:$D$400="sacos")*(ROW(MOVIMIENTOS!$B$5:$B$400)<=$L15)*MOVIMIENTOS!$E$5:$E$400)) -> 14 | G15: =IF($A15="","",SUM(B15:E15)) -> 201 | H15: =IF($A15="","",SUMPRODUCT((((MOVIMIENTOS!$B$5:$B$400="SALDO INICIAL")*(MOVIMIENTOS!$C$5:$C$400<>"Chancho"))+(MOVIMIENTOS!$B$5:$B$400="COMPRA")+(MOVIMIENTOS!$B$5:$B$400="REPROCESO")+((MOVIMIENTOS!$B$5:$B$400="AJUSTE")*(MOVIMIENTOS!$C$5:$C$400<>"Chancho")))*(ROW(MOVIMIENTOS!$B$5:$B$400)<=$L15)*MOVIMIENTOS!$I$5:$I$400)-SUMPRODUCT(((MOVIMIENTOS!$B$5:$B$400="ENVÍO A SUPESA")+(MOVIMIENTOS!$B$5:$B$400="MALOGRADO")+(MOVIMIENTOS!$B$5:$B$400="OTRA SALIDA")+(MOVIMIENTOS!$B$5:$B$400="TRASIEGO")+((MOVIMIENTOS!$B$5:$B$400="PROCESO")*(MOVIMIENTOS!$C$5:$C$400="Chancho"))+((MOVIMIENTOS!$B$5:$B$400="REGALO")*(MOVIMIENTOS!$C$5:$C$400<>"Chancho"))+((MOVIMIENTOS!$B$5:$B$400="VENTA")*(MOVIMIENTOS!$C$5:$C$400<>"Chancho")))*(ROW(MOVIMIENTOS!$B$5:$B$400)<=$L15)*MOVIMIENTOS!$I$5:$I$400)) -> 6712 | J15: =IF(AND(MOVIMIENTOS!$A15<>"",COUNTIF(MOVIMIENTOS!$A$5:$A14,MOVIMIENTOS!$A15)=0),COUNT(J$4:J14)+1,"") | K15: =MOVIMIENTOS!$A15 -> 46215 | L15: =IF($A15="","",SUMPRODUCT(MAX((MOVIMIENTOS!$A$5:$A$400=$A15)*ROW(MOVIMIENTOS!$A$5:$A$400)))) -> 120
A16: =IFERROR(INDEX(K$5:K$400,MATCH(ROW()-4,J$5:J$400,0)),"") -> 46225 | B16: =IF($A16="","",SUMPRODUCT((MOVIMIENTOS!$B$5:$B$400="SALDO INICIAL")*(MOVIMIENTOS!$C$5:$C$400="A")*(MOVIMIENTOS!$D$5:$D$400="jabas")*(ROW(MOVIMIENTOS!$B$5:$B$400)<=$L16)*MOVIMIENTOS!$E$5:$E$400)+SUMPRODUCT((MOVIMIENTOS!$B$5:$B$400="PROCESO")*(MOVIMIENTOS!$C$5:$C$400="A")*(MOVIMIENTOS!$D$5:$D$400="jabas")*(ROW(MOVIMIENTOS!$B$5:$B$400)<=$L16)*MOVIMIENTOS!$E$5:$E$400)-SUMPRODUCT((MOVIMIENTOS!$B$5:$B$400="ENVÍO A SUPESA")*(MOVIMIENTOS!$C$5:$C$400="A")*(MOVIMIENTOS!$D$5:$D$400="jabas")*(ROW(MOVIMIENTOS!$B$5:$B$400)<=$L16)*MOVIMIENTOS!$E$5:$E$400)+SUMPRODUCT((MOVIMIENTOS!$B$5:$B$400="DEVOLUCIÓN")*(MOVIMIENTOS!$C$5:$C$400="A")*(MOVIMIENTOS!$D$5:$D$400="jabas")*(ROW(MOVIMIENTOS!$B$5:$B$400)<=$L16)*MOVIMIENTOS!$E$5:$E$400)-SUMPRODUCT((MOVIMIENTOS!$B$5:$B$400="TRASIEGO")*(MOVIMIENTOS!$C$5:$C$400="A")*(MOVIMIENTOS!$D$5:$D$400="jabas")*(ROW(MOVIMIENTOS!$B$5:$B$400)<=$L16)*MOVIMIENTOS!$E$5:$E$400)-SUMPRODUCT((MOVIMIENTOS!$B$5:$B$400="REGALO")*(MOVIMIENTOS!$C$5:$C$400="A")*(MOVIMIENTOS!$D$5:$D$400="jabas")*(ROW(MOVIMIENTOS!$B$5:$B$400)<=$L16)*MOVIMIENTOS!$E$5:$E$400)-SUMPRODUCT((MOVIMIENTOS!$B$5:$B$400="VENTA")*(MOVIMIENTOS!$C$5:$C$400="A")*(MOVIMIENTOS!$D$5:$D$400="jabas")*(ROW(MOVIMIENTOS!$B$5:$B$400)<=$L16)*MOVIMIENTOS!$E$5:$E$400)+SUMPRODUCT((MOVIMIENTOS!$B$5:$B$400="AJUSTE")*(MOVIMIENTOS!$C$5:$C$400="A")*(MOVIMIENTOS!$D$5:$D$400="jabas")*(ROW(MOVIMIENTOS!$B$5:$B$400)<=$L16)*MOVIMIENTOS!$E$5:$E$400)) -> 64 | C16: =IF($A16="","",SUMPRODUCT((MOVIMIENTOS!$B$5:$B$400="SALDO INICIAL")*(MOVIMIENTOS!$C$5:$C$400="P")*(MOVIMIENTOS!$D$5:$D$400="jabas")*(ROW(MOVIMIENTOS!$B$5:$B$400)<=$L16)*MOVIMIENTOS!$E$5:$E$400)+SUMPRODUCT((MOVIMIENTOS!$B$5:$B$400="PROCESO")*(MOVIMIENTOS!$C$5:$C$400="P")*(MOVIMIENTOS!$D$5:$D$400="jabas")*(ROW(MOVIMIENTOS!$B$5:$B$400)<=$L16)*MOVIMIENTOS!$E$5:$E$400)-SUMPRODUCT((MOVIMIENTOS!$B$5:$B$400="ENVÍO A SUPESA")*(MOVIMIENTOS!$C$5:$C$400="P")*(MOVIMIENTOS!$D$5:$D$400="jabas")*(ROW(MOVIMIENTOS!$B$5:$B$400)<=$L16)*MOVIMIENTOS!$E$5:$E$400)+SUMPRODUCT((MOVIMIENTOS!$B$5:$B$400="DEVOLUCIÓN")*(MOVIMIENTOS!$C$5:$C$400="P")*(MOVIMIENTOS!$D$5:$D$400="jabas")*(ROW(MOVIMIENTOS!$B$5:$B$400)<=$L16)*MOVIMIENTOS!$E$5:$E$400)-SUMPRODUCT((MOVIMIENTOS!$B$5:$B$400="TRASIEGO")*(MOVIMIENTOS!$C$5:$C$400="P")*(MOVIMIENTOS!$D$5:$D$400="jabas")*(ROW(MOVIMIENTOS!$B$5:$B$400)<=$L16)*MOVIMIENTOS!$E$5:$E$400)-SUMPRODUCT((MOVIMIENTOS!$B$5:$B$400="REGALO")*(MOVIMIENTOS!$C$5:$C$400="P")*(MOVIMIENTOS!$D$5:$D$400="jabas")*(ROW(MOVIMIENTOS!$B$5:$B$400)<=$L16)*MOVIMIENTOS!$E$5:$E$400)-SUMPRODUCT((MOVIMIENTOS!$B$5:$B$400="VENTA")*(MOVIMIENTOS!$C$5:$C$400="P")*(MOVIMIENTOS!$D$5:$D$400="jabas")*(ROW(MOVIMIENTOS!$B$5:$B$400)<=$L16)*MOVIMIENTOS!$E$5:$E$400)+SUMPRODUCT((MOVIMIENTOS!$B$5:$B$400="AJUSTE")*(MOVIMIENTOS!$C$5:$C$400="P")*(MOVIMIENTOS!$D$5:$D$400="jabas")*(ROW(MOVIMIENTOS!$B$5:$B$400)<=$L16)*MOVIMIENTOS!$E$5:$E$400)) -> 11 | D16: =IF($A16="","",SUMPRODUCT((MOVIMIENTOS!$B$5:$B$400="SALDO INICIAL")*(MOVIMIENTOS!$C$5:$C$400="C")*(MOVIMIENTOS!$D$5:$D$400="jabas")*(ROW(MOVIMIENTOS!$B$5:$B$400)<=$L16)*MOVIMIENTOS!$E$5:$E$400)+SUMPRODUCT((MOVIMIENTOS!$B$5:$B$400="PROCESO")*(MOVIMIENTOS!$C$5:$C$400="C")*(MOVIMIENTOS!$D$5:$D$400="jabas")*(ROW(MOVIMIENTOS!$B$5:$B$400)<=$L16)*MOVIMIENTOS!$E$5:$E$400)-SUMPRODUCT((MOVIMIENTOS!$B$5:$B$400="ENVÍO A SUPESA")*(MOVIMIENTOS!$C$5:$C$400="C")*(MOVIMIENTOS!$D$5:$D$400="jabas")*(ROW(MOVIMIENTOS!$B$5:$B$400)<=$L16)*MOVIMIENTOS!$E$5:$E$400)+SUMPRODUCT((MOVIMIENTOS!$B$5:$B$400="DEVOLUCIÓN")*(MOVIMIENTOS!$C$5:$C$400="C")*(MOVIMIENTOS!$D$5:$D$400="jabas")*(ROW(MOVIMIENTOS!$B$5:$B$400)<=$L16)*MOVIMIENTOS!$E$5:$E$400)-SUMPRODUCT((MOVIMIENTOS!$B$5:$B$400="TRASIEGO")*(MOVIMIENTOS!$C$5:$C$400="C")*(MOVIMIENTOS!$D$5:$D$400="jabas")*(ROW(MOVIMIENTOS!$B$5:$B$400)<=$L16)*MOVIMIENTOS!$E$5:$E$400)-SUMPRODUCT((MOVIMIENTOS!$B$5:$B$400="REGALO")*(MOVIMIENTOS!$C$5:$C$400="C")*(MOVIMIENTOS!$D$5:$D$400="jabas")*(ROW(MOVIMIENTOS!$B$5:$B$400)<=$L16)*MOVIMIENTOS!$E$5:$E$400)-SUMPRODUCT((MOVIMIENTOS!$B$5:$B$400="VENTA")*(MOVIMIENTOS!$C$5:$C$400="C")*(MOVIMIENTOS!$D$5:$D$400="jabas")*(ROW(MOVIMIENTOS!$B$5:$B$400)<=$L16)*MOVIMIENTOS!$E$5:$E$400)+SUMPRODUCT((MOVIMIENTOS!$B$5:$B$400="AJUSTE")*(MOVIMIENTOS!$C$5:$C$400="C")*(MOVIMIENTOS!$D$5:$D$400="jabas")*(ROW(MOVIMIENTOS!$B$5:$B$400)<=$L16)*MOVIMIENTOS!$E$5:$E$400)) -> 12 | E16: =IF($A16="","",SUMPRODUCT((MOVIMIENTOS!$B$5:$B$400="SALDO INICIAL")*(MOVIMIENTOS!$C$5:$C$400="M")*(MOVIMIENTOS!$D$5:$D$400="jabas")*(ROW(MOVIMIENTOS!$B$5:$B$400)<=$L16)*MOVIMIENTOS!$E$5:$E$400)+SUMPRODUCT((MOVIMIENTOS!$B$5:$B$400="PROCESO")*(MOVIMIENTOS!$C$5:$C$400="M")*(MOVIMIENTOS!$D$5:$D$400="jabas")*(ROW(MOVIMIENTOS!$B$5:$B$400)<=$L16)*MOVIMIENTOS!$E$5:$E$400)-SUMPRODUCT((MOVIMIENTOS!$B$5:$B$400="ENVÍO A SUPESA")*(MOVIMIENTOS!$C$5:$C$400="M")*(MOVIMIENTOS!$D$5:$D$400="jabas")*(ROW(MOVIMIENTOS!$B$5:$B$400)<=$L16)*MOVIMIENTOS!$E$5:$E$400)+SUMPRODUCT((MOVIMIENTOS!$B$5:$B$400="DEVOLUCIÓN")*(MOVIMIENTOS!$C$5:$C$400="M")*(MOVIMIENTOS!$D$5:$D$400="jabas")*(ROW(MOVIMIENTOS!$B$5:$B$400)<=$L16)*MOVIMIENTOS!$E$5:$E$400)-SUMPRODUCT((MOVIMIENTOS!$B$5:$B$400="TRASIEGO")*(MOVIMIENTOS!$C$5:$C$400="M")*(MOVIMIENTOS!$D$5:$D$400="jabas")*(ROW(MOVIMIENTOS!$B$5:$B$400)<=$L16)*MOVIMIENTOS!$E$5:$E$400)-SUMPRODUCT((MOVIMIENTOS!$B$5:$B$400="REGALO")*(MOVIMIENTOS!$C$5:$C$400="M")*(MOVIMIENTOS!$D$5:$D$400="jabas")*(ROW(MOVIMIENTOS!$B$5:$B$400)<=$L16)*MOVIMIENTOS!$E$5:$E$400)-SUMPRODUCT((MOVIMIENTOS!$B$5:$B$400="VENTA")*(MOVIMIENTOS!$C$5:$C$400="M")*(MOVIMIENTOS!$D$5:$D$400="jabas")*(ROW(MOVIMIENTOS!$B$5:$B$400)<=$L16)*MOVIMIENTOS!$E$5:$E$400)+SUMPRODUCT((MOVIMIENTOS!$B$5:$B$400="AJUSTE")*(MOVIMIENTOS!$C$5:$C$400="M")*(MOVIMIENTOS!$D$5:$D$400="jabas")*(ROW(MOVIMIENTOS!$B$5:$B$400)<=$L16)*MOVIMIENTOS!$E$5:$E$400)) -> 120 | F16: =IF($A16="","",SUMPRODUCT((MOVIMIENTOS!$B$5:$B$400="SALDO INICIAL")*(MOVIMIENTOS!$C$5:$C$400="Chancho")*(MOVIMIENTOS!$D$5:$D$400="sacos")*(ROW(MOVIMIENTOS!$B$5:$B$400)<=$L16)*MOVIMIENTOS!$E$5:$E$400)+SUMPRODUCT((MOVIMIENTOS!$B$5:$B$400="PROCESO")*(MOVIMIENTOS!$C$5:$C$400="Chancho")*(MOVIMIENTOS!$D$5:$D$400="sacos")*(ROW(MOVIMIENTOS!$B$5:$B$400)<=$L16)*MOVIMIENTOS!$E$5:$E$400)-SUMPRODUCT((MOVIMIENTOS!$B$5:$B$400="VENTA CHANCHO")*(MOVIMIENTOS!$C$5:$C$400="Chancho")*(MOVIMIENTOS!$D$5:$D$400="sacos")*(ROW(MOVIMIENTOS!$B$5:$B$400)<=$L16)*MOVIMIENTOS!$E$5:$E$400)-SUMPRODUCT((MOVIMIENTOS!$B$5:$B$400="REGALO")*(MOVIMIENTOS!$C$5:$C$400="Chancho")*(MOVIMIENTOS!$D$5:$D$400="sacos")*(ROW(MOVIMIENTOS!$B$5:$B$400)<=$L16)*MOVIMIENTOS!$E$5:$E$400)-SUMPRODUCT((MOVIMIENTOS!$B$5:$B$400="VENTA")*(MOVIMIENTOS!$C$5:$C$400="Chancho")*(MOVIMIENTOS!$D$5:$D$400="sacos")*(ROW(MOVIMIENTOS!$B$5:$B$400)<=$L16)*MOVIMIENTOS!$E$5:$E$400)+SUMPRODUCT((MOVIMIENTOS!$B$5:$B$400="AJUSTE")*(MOVIMIENTOS!$C$5:$C$400="Chancho")*(MOVIMIENTOS!$D$5:$D$400="sacos")*(ROW(MOVIMIENTOS!$B$5:$B$400)<=$L16)*MOVIMIENTOS!$E$5:$E$400)) -> 12 | G16: =IF($A16="","",SUM(B16:E16)) -> 207 | H16: =IF($A16="","",SUMPRODUCT((((MOVIMIENTOS!$B$5:$B$400="SALDO INICIAL")*(MOVIMIENTOS!$C$5:$C$400<>"Chancho"))+(MOVIMIENTOS!$B$5:$B$400="COMPRA")+(MOVIMIENTOS!$B$5:$B$400="REPROCESO")+((MOVIMIENTOS!$B$5:$B$400="AJUSTE")*(MOVIMIENTOS!$C$5:$C$400<>"Chancho")))*(ROW(MOVIMIENTOS!$B$5:$B$400)<=$L16)*MOVIMIENTOS!$I$5:$I$400)-SUMPRODUCT(((MOVIMIENTOS!$B$5:$B$400="ENVÍO A SUPESA")+(MOVIMIENTOS!$B$5:$B$400="MALOGRADO")+(MOVIMIENTOS!$B$5:$B$400="OTRA SALIDA")+(MOVIMIENTOS!$B$5:$B$400="TRASIEGO")+((MOVIMIENTOS!$B$5:$B$400="PROCESO")*(MOVIMIENTOS!$C$5:$C$400="Chancho"))+((MOVIMIENTOS!$B$5:$B$400="REGALO")*(MOVIMIENTOS!$C$5:$C$400<>"Chancho"))+((MOVIMIENTOS!$B$5:$B$400="VENTA")*(MOVIMIENTOS!$C$5:$C$400<>"Chancho")))*(ROW(MOVIMIENTOS!$B$5:$B$400)<=$L16)*MOVIMIENTOS!$I$5:$I$400)) -> 6555 | J16: =IF(AND(MOVIMIENTOS!$A16<>"",COUNTIF(MOVIMIENTOS!$A$5:$A15,MOVIMIENTOS!$A16)=0),COUNT(J$4:J15)+1,"") | K16: =MOVIMIENTOS!$A16 -> 46215 | L16: =IF($A16="","",SUMPRODUCT(MAX((MOVIMIENTOS!$A$5:$A$400=$A16)*ROW(MOVIMIENTOS!$A$5:$A$400)))) -> 136
A17: =IFERROR(INDEX(K$5:K$400,MATCH(ROW()-4,J$5:J$400,0)),"") -> 46226 | B17: =IF($A17="","",SUMPRODUCT((MOVIMIENTOS!$B$5:$B$400="SALDO INICIAL")*(MOVIMIENTOS!$C$5:$C$400="A")*(MOVIMIENTOS!$D$5:$D$400="jabas")*(ROW(MOVIMIENTOS!$B$5:$B$400)<=$L17)*MOVIMIENTOS!$E$5:$E$400)+SUMPRODUCT((MOVIMIENTOS!$B$5:$B$400="PROCESO")*(MOVIMIENTOS!$C$5:$C$400="A")*(MOVIMIENTOS!$D$5:$D$400="jabas")*(ROW(MOVIMIENTOS!$B$5:$B$400)<=$L17)*MOVIMIENTOS!$E$5:$E$400)-SUMPRODUCT((MOVIMIENTOS!$B$5:$B$400="ENVÍO A SUPESA")*(MOVIMIENTOS!$C$5:$C$400="A")*(MOVIMIENTOS!$D$5:$D$400="jabas")*(ROW(MOVIMIENTOS!$B$5:$B$400)<=$L17)*MOVIMIENTOS!$E$5:$E$400)+SUMPRODUCT((MOVIMIENTOS!$B$5:$B$400="DEVOLUCIÓN")*(MOVIMIENTOS!$C$5:$C$400="A")*(MOVIMIENTOS!$D$5:$D$400="jabas")*(ROW(MOVIMIENTOS!$B$5:$B$400)<=$L17)*MOVIMIENTOS!$E$5:$E$400)-SUMPRODUCT((MOVIMIENTOS!$B$5:$B$400="TRASIEGO")*(MOVIMIENTOS!$C$5:$C$400="A")*(MOVIMIENTOS!$D$5:$D$400="jabas")*(ROW(MOVIMIENTOS!$B$5:$B$400)<=$L17)*MOVIMIENTOS!$E$5:$E$400)-SUMPRODUCT((MOVIMIENTOS!$B$5:$B$400="REGALO")*(MOVIMIENTOS!$C$5:$C$400="A")*(MOVIMIENTOS!$D$5:$D$400="jabas")*(ROW(MOVIMIENTOS!$B$5:$B$400)<=$L17)*MOVIMIENTOS!$E$5:$E$400)-SUMPRODUCT((MOVIMIENTOS!$B$5:$B$400="VENTA")*(MOVIMIENTOS!$C$5:$C$400="A")*(MOVIMIENTOS!$D$5:$D$400="jabas")*(ROW(MOVIMIENTOS!$B$5:$B$400)<=$L17)*MOVIMIENTOS!$E$5:$E$400)+SUMPRODUCT((MOVIMIENTOS!$B$5:$B$400="AJUSTE")*(MOVIMIENTOS!$C$5:$C$400="A")*(MOVIMIENTOS!$D$5:$D$400="jabas")*(ROW(MOVIMIENTOS!$B$5:$B$400)<=$L17)*MOVIMIENTOS!$E$5:$E$400)) -> 75 | C17: =IF($A17="","",SUMPRODUCT((MOVIMIENTOS!$B$5:$B$400="SALDO INICIAL")*(MOVIMIENTOS!$C$5:$C$400="P")*(MOVIMIENTOS!$D$5:$D$400="jabas")*(ROW(MOVIMIENTOS!$B$5:$B$400)<=$L17)*MOVIMIENTOS!$E$5:$E$400)+SUMPRODUCT((MOVIMIENTOS!$B$5:$B$400="PROCESO")*(MOVIMIENTOS!$C$5:$C$400="P")*(MOVIMIENTOS!$D$5:$D$400="jabas")*(ROW(MOVIMIENTOS!$B$5:$B$400)<=$L17)*MOVIMIENTOS!$E$5:$E$400)-SUMPRODUCT((MOVIMIENTOS!$B$5:$B$400="ENVÍO A SUPESA")*(MOVIMIENTOS!$C$5:$C$400="P")*(MOVIMIENTOS!$D$5:$D$400="jabas")*(ROW(MOVIMIENTOS!$B$5:$B$400)<=$L17)*MOVIMIENTOS!$E$5:$E$400)+SUMPRODUCT((MOVIMIENTOS!$B$5:$B$400="DEVOLUCIÓN")*(MOVIMIENTOS!$C$5:$C$400="P")*(MOVIMIENTOS!$D$5:$D$400="jabas")*(ROW(MOVIMIENTOS!$B$5:$B$400)<=$L17)*MOVIMIENTOS!$E$5:$E$400)-SUMPRODUCT((MOVIMIENTOS!$B$5:$B$400="TRASIEGO")*(MOVIMIENTOS!$C$5:$C$400="P")*(MOVIMIENTOS!$D$5:$D$400="jabas")*(ROW(MOVIMIENTOS!$B$5:$B$400)<=$L17)*MOVIMIENTOS!$E$5:$E$400)-SUMPRODUCT((MOVIMIENTOS!$B$5:$B$400="REGALO")*(MOVIMIENTOS!$C$5:$C$400="P")*(MOVIMIENTOS!$D$5:$D$400="jabas")*(ROW(MOVIMIENTOS!$B$5:$B$400)<=$L17)*MOVIMIENTOS!$E$5:$E$400)-SUMPRODUCT((MOVIMIENTOS!$B$5:$B$400="VENTA")*(MOVIMIENTOS!$C$5:$C$400="P")*(MOVIMIENTOS!$D$5:$D$400="jabas")*(ROW(MOVIMIENTOS!$B$5:$B$400)<=$L17)*MOVIMIENTOS!$E$5:$E$400)+SUMPRODUCT((MOVIMIENTOS!$B$5:$B$400="AJUSTE")*(MOVIMIENTOS!$C$5:$C$400="P")*(MOVIMIENTOS!$D$5:$D$400="jabas")*(ROW(MOVIMIENTOS!$B$5:$B$400)<=$L17)*MOVIMIENTOS!$E$5:$E$400)) -> 11 | D17: =IF($A17="","",SUMPRODUCT((MOVIMIENTOS!$B$5:$B$400="SALDO INICIAL")*(MOVIMIENTOS!$C$5:$C$400="C")*(MOVIMIENTOS!$D$5:$D$400="jabas")*(ROW(MOVIMIENTOS!$B$5:$B$400)<=$L17)*MOVIMIENTOS!$E$5:$E$400)+SUMPRODUCT((MOVIMIENTOS!$B$5:$B$400="PROCESO")*(MOVIMIENTOS!$C$5:$C$400="C")*(MOVIMIENTOS!$D$5:$D$400="jabas")*(ROW(MOVIMIENTOS!$B$5:$B$400)<=$L17)*MOVIMIENTOS!$E$5:$E$400)-SUMPRODUCT((MOVIMIENTOS!$B$5:$B$400="ENVÍO A SUPESA")*(MOVIMIENTOS!$C$5:$C$400="C")*(MOVIMIENTOS!$D$5:$D$400="jabas")*(ROW(MOVIMIENTOS!$B$5:$B$400)<=$L17)*MOVIMIENTOS!$E$5:$E$400)+SUMPRODUCT((MOVIMIENTOS!$B$5:$B$400="DEVOLUCIÓN")*(MOVIMIENTOS!$C$5:$C$400="C")*(MOVIMIENTOS!$D$5:$D$400="jabas")*(ROW(MOVIMIENTOS!$B$5:$B$400)<=$L17)*MOVIMIENTOS!$E$5:$E$400)-SUMPRODUCT((MOVIMIENTOS!$B$5:$B$400="TRASIEGO")*(MOVIMIENTOS!$C$5:$C$400="C")*(MOVIMIENTOS!$D$5:$D$400="jabas")*(ROW(MOVIMIENTOS!$B$5:$B$400)<=$L17)*MOVIMIENTOS!$E$5:$E$400)-SUMPRODUCT((MOVIMIENTOS!$B$5:$B$400="REGALO")*(MOVIMIENTOS!$C$5:$C$400="C")*(MOVIMIENTOS!$D$5:$D$400="jabas")*(ROW(MOVIMIENTOS!$B$5:$B$400)<=$L17)*MOVIMIENTOS!$E$5:$E$400)-SUMPRODUCT((MOVIMIENTOS!$B$5:$B$400="VENTA")*(MOVIMIENTOS!$C$5:$C$400="C")*(MOVIMIENTOS!$D$5:$D$400="jabas")*(ROW(MOVIMIENTOS!$B$5:$B$400)<=$L17)*MOVIMIENTOS!$E$5:$E$400)+SUMPRODUCT((MOVIMIENTOS!$B$5:$B$400="AJUSTE")*(MOVIMIENTOS!$C$5:$C$400="C")*(MOVIMIENTOS!$D$5:$D$400="jabas")*(ROW(MOVIMIENTOS!$B$5:$B$400)<=$L17)*MOVIMIENTOS!$E$5:$E$400)) -> 12 | E17: =IF($A17="","",SUMPRODUCT((MOVIMIENTOS!$B$5:$B$400="SALDO INICIAL")*(MOVIMIENTOS!$C$5:$C$400="M")*(MOVIMIENTOS!$D$5:$D$400="jabas")*(ROW(MOVIMIENTOS!$B$5:$B$400)<=$L17)*MOVIMIENTOS!$E$5:$E$400)+SUMPRODUCT((MOVIMIENTOS!$B$5:$B$400="PROCESO")*(MOVIMIENTOS!$C$5:$C$400="M")*(MOVIMIENTOS!$D$5:$D$400="jabas")*(ROW(MOVIMIENTOS!$B$5:$B$400)<=$L17)*MOVIMIENTOS!$E$5:$E$400)-SUMPRODUCT((MOVIMIENTOS!$B$5:$B$400="ENVÍO A SUPESA")*(MOVIMIENTOS!$C$5:$C$400="M")*(MOVIMIENTOS!$D$5:$D$400="jabas")*(ROW(MOVIMIENTOS!$B$5:$B$400)<=$L17)*MOVIMIENTOS!$E$5:$E$400)+SUMPRODUCT((MOVIMIENTOS!$B$5:$B$400="DEVOLUCIÓN")*(MOVIMIENTOS!$C$5:$C$400="M")*(MOVIMIENTOS!$D$5:$D$400="jabas")*(ROW(MOVIMIENTOS!$B$5:$B$400)<=$L17)*MOVIMIENTOS!$E$5:$E$400)-SUMPRODUCT((MOVIMIENTOS!$B$5:$B$400="TRASIEGO")*(MOVIMIENTOS!$C$5:$C$400="M")*(MOVIMIENTOS!$D$5:$D$400="jabas")*(ROW(MOVIMIENTOS!$B$5:$B$400)<=$L17)*MOVIMIENTOS!$E$5:$E$400)-SUMPRODUCT((MOVIMIENTOS!$B$5:$B$400="REGALO")*(MOVIMIENTOS!$C$5:$C$400="M")*(MOVIMIENTOS!$D$5:$D$400="jabas")*(ROW(MOVIMIENTOS!$B$5:$B$400)<=$L17)*MOVIMIENTOS!$E$5:$E$400)-SUMPRODUCT((MOVIMIENTOS!$B$5:$B$400="VENTA")*(MOVIMIENTOS!$C$5:$C$400="M")*(MOVIMIENTOS!$D$5:$D$400="jabas")*(ROW(MOVIMIENTOS!$B$5:$B$400)<=$L17)*MOVIMIENTOS!$E$5:$E$400)+SUMPRODUCT((MOVIMIENTOS!$B$5:$B$400="AJUSTE")*(MOVIMIENTOS!$C$5:$C$400="M")*(MOVIMIENTOS!$D$5:$D$400="jabas")*(ROW(MOVIMIENTOS!$B$5:$B$400)<=$L17)*MOVIMIENTOS!$E$5:$E$400)) -> 96 | F17: =IF($A17="","",SUMPRODUCT((MOVIMIENTOS!$B$5:$B$400="SALDO INICIAL")*(MOVIMIENTOS!$C$5:$C$400="Chancho")*(MOVIMIENTOS!$D$5:$D$400="sacos")*(ROW(MOVIMIENTOS!$B$5:$B$400)<=$L17)*MOVIMIENTOS!$E$5:$E$400)+SUMPRODUCT((MOVIMIENTOS!$B$5:$B$400="PROCESO")*(MOVIMIENTOS!$C$5:$C$400="Chancho")*(MOVIMIENTOS!$D$5:$D$400="sacos")*(ROW(MOVIMIENTOS!$B$5:$B$400)<=$L17)*MOVIMIENTOS!$E$5:$E$400)-SUMPRODUCT((MOVIMIENTOS!$B$5:$B$400="VENTA CHANCHO")*(MOVIMIENTOS!$C$5:$C$400="Chancho")*(MOVIMIENTOS!$D$5:$D$400="sacos")*(ROW(MOVIMIENTOS!$B$5:$B$400)<=$L17)*MOVIMIENTOS!$E$5:$E$400)-SUMPRODUCT((MOVIMIENTOS!$B$5:$B$400="REGALO")*(MOVIMIENTOS!$C$5:$C$400="Chancho")*(MOVIMIENTOS!$D$5:$D$400="sacos")*(ROW(MOVIMIENTOS!$B$5:$B$400)<=$L17)*MOVIMIENTOS!$E$5:$E$400)-SUMPRODUCT((MOVIMIENTOS!$B$5:$B$400="VENTA")*(MOVIMIENTOS!$C$5:$C$400="Chancho")*(MOVIMIENTOS!$D$5:$D$400="sacos")*(ROW(MOVIMIENTOS!$B$5:$B$400)<=$L17)*MOVIMIENTOS!$E$5:$E$400)+SUMPRODUCT((MOVIMIENTOS!$B$5:$B$400="AJUSTE")*(MOVIMIENTOS!$C$5:$C$400="Chancho")*(MOVIMIENTOS!$D$5:$D$400="sacos")*(ROW(MOVIMIENTOS!$B$5:$B$400)<=$L17)*MOVIMIENTOS!$E$5:$E$400)) -> 18 | G17: =IF($A17="","",SUM(B17:E17)) -> 194 | H17: =IF($A17="","",SUMPRODUCT((((MOVIMIENTOS!$B$5:$B$400="SALDO INICIAL")*(MOVIMIENTOS!$C$5:$C$400<>"Chancho"))+(MOVIMIENTOS!$B$5:$B$400="COMPRA")+(MOVIMIENTOS!$B$5:$B$400="REPROCESO")+((MOVIMIENTOS!$B$5:$B$400="AJUSTE")*(MOVIMIENTOS!$C$5:$C$400<>"Chancho")))*(ROW(MOVIMIENTOS!$B$5:$B$400)<=$L17)*MOVIMIENTOS!$I$5:$I$400)-SUMPRODUCT(((MOVIMIENTOS!$B$5:$B$400="ENVÍO A SUPESA")+(MOVIMIENTOS!$B$5:$B$400="MALOGRADO")+(MOVIMIENTOS!$B$5:$B$400="OTRA SALIDA")+(MOVIMIENTOS!$B$5:$B$400="TRASIEGO")+((MOVIMIENTOS!$B$5:$B$400="PROCESO")*(MOVIMIENTOS!$C$5:$C$400="Chancho"))+((MOVIMIENTOS!$B$5:$B$400="REGALO")*(MOVIMIENTOS!$C$5:$C$400<>"Chancho"))+((MOVIMIENTOS!$B$5:$B$400="VENTA")*(MOVIMIENTOS!$C$5:$C$400<>"Chancho")))*(ROW(MOVIMIENTOS!$B$5:$B$400)<=$L17)*MOVIMIENTOS!$I$5:$I$400)) -> 10124.5 | J17: =IF(AND(MOVIMIENTOS!$A17<>"",COUNTIF(MOVIMIENTOS!$A$5:$A16,MOVIMIENTOS!$A17)=0),COUNT(J$4:J16)+1,"") | K17: =MOVIMIENTOS!$A17 -> 46215 | L17: =IF($A17="","",SUMPRODUCT(MAX((MOVIMIENTOS!$A$5:$A$400=$A17)*ROW(MOVIMIENTOS!$A$5:$A$400)))) -> 148
... A64: =IFERROR(INDEX(K$5:K$400,MATCH(ROW()-4,J$5:J$400,0)),"") | B64: =IF($A64="","",SUMPRODUCT((MOVIMIENTOS!$B$5:$B$400="SALDO INICIAL")*(MOVIMIENTOS!$C$5:$C$400="A")*(MOVIMIENTOS!$D$5:$D$400="jabas")*(ROW(MOVIMIENTOS!$B$5:$B$400)<=$L64)*MOVIMIENTOS!$E$5:$E$400)+SUMPRODUCT((MOVIMIENTOS!$B$5:$B$400="PROCESO")*(MOVIMIENTOS!$C$5:$C$400="A")*(MOVIMIENTOS!$D$5:$D$400="jabas")*(ROW(MOVIMIENTOS!$B$5:$B$400)<=$L64)*MOVIMIENTOS!$E$5:$E$400)-SUMPRODUCT((MOVIMIENTOS!$B$5:$B$400="ENVÍO A SUPESA")*(MOVIMIENTOS!$C$5:$C$400="A")*(MOVIMIENTOS!$D$5:$D$400="jabas")*(ROW(MOVIMIENTOS!$B$5:$B$400)<=$L64)*MOVIMIENTOS!$E$5:$E$400)+SUMPRODUCT((MOVIMIENTOS!$B$5:$B$400="DEVOLUCIÓN")*(MOVIMIENTOS!$C$5:$C$400="A")*(MOVIMIENTOS!$D$5:$D$400="jabas")*(ROW(MOVIMIENTOS!$B$5:$B$400)<=$L64)*MOVIMIENTOS!$E$5:$E$400)-SUMPRODUCT((MOVIMIENTOS!$B$5:$B$400="TRASIEGO")*(MOVIMIENTOS!$C$5:$C$400="A")*(MOVIMIENTOS!$D$5:$D$400="jabas")*(ROW(MOVIMIENTOS!$B$5:$B$400)<=$L64)*MOVIMIENTOS!$E$5:$E$400)-SUMPRODUCT((MOVIMIENTOS!$B$5:$B$400="REGALO")*(MOVIMIENTOS!$C$5:$C$400="A")*(MOVIMIENTOS!$D$5:$D$400="jabas")*(ROW(MOVIMIENTOS!$B$5:$B$400)<=$L64)*MOVIMIENTOS!$E$5:$E$400)-SUMPRODUCT((MOVIMIENTOS!$B$5:$B$400="VENTA")*(MOVIMIENTOS!$C$5:$C$400="A")*(MOVIMIENTOS!$D$5:$D$400="jabas")*(ROW(MOVIMIENTOS!$B$5:$B$400)<=$L64)*MOVIMIENTOS!$E$5:$E$400)+SUMPRODUCT((MOVIMIENTOS!$B$5:$B$400="AJUSTE")*(MOVIMIENTOS!$C$5:$C$400="A")*(MOVIMIENTOS!$D$5:$D$400="jabas")*(ROW(MOVIMIENTOS!$B$5:$B$400)<=$L64)*MOVIMIENTOS!$E$5:$E$400)) | C64: =IF($A64="","",SUMPRODUCT((MOVIMIENTOS!$B$5:$B$400="SALDO INICIAL")*(MOVIMIENTOS!$C$5:$C$400="P")*(MOVIMIENTOS!$D$5:$D$400="jabas")*(ROW(MOVIMIENTOS!$B$5:$B$400)<=$L64)*MOVIMIENTOS!$E$5:$E$400)+SUMPRODUCT((MOVIMIENTOS!$B$5:$B$400="PROCESO")*(MOVIMIENTOS!$C$5:$C$400="P")*(MOVIMIENTOS!$D$5:$D$400="jabas")*(ROW(MOVIMIENTOS!$B$5:$B$400)<=$L64)*MOVIMIENTOS!$E$5:$E$400)-SUMPRODUCT((MOVIMIENTOS!$B$5:$B$400="ENVÍO A SUPESA")*(MOVIMIENTOS!$C$5:$C$400="P")*(MOVIMIENTOS!$D$5:$D$400="jabas")*(ROW(MOVIMIENTOS!$B$5:$B$400)<=$L64)*MOVIMIENTOS!$E$5:$E$400)+SUMPRODUCT((MOVIMIENTOS!$B$5:$B$400="DEVOLUCIÓN")*(MOVIMIENTOS!$C$5:$C$400="P")*(MOVIMIENTOS!$D$5:$D$400="jabas")*(ROW(MOVIMIENTOS!$B$5:$B$400)<=$L64)*MOVIMIENTOS!$E$5:$E$400)-SUMPRODUCT((MOVIMIENTOS!$B$5:$B$400="TRASIEGO")*(MOVIMIENTOS!$C$5:$C$400="P")*(MOVIMIENTOS!$D$5:$D$400="jabas")*(ROW(MOVIMIENTOS!$B$5:$B$400)<=$L64)*MOVIMIENTOS!$E$5:$E$400)-SUMPRODUCT((MOVIMIENTOS!$B$5:$B$400="REGALO")*(MOVIMIENTOS!$C$5:$C$400="P")*(MOVIMIENTOS!$D$5:$D$400="jabas")*(ROW(MOVIMIENTOS!$B$5:$B$400)<=$L64)*MOVIMIENTOS!$E$5:$E$400)-SUMPRODUCT((MOVIMIENTOS!$B$5:$B$400="VENTA")*(MOVIMIENTOS!$C$5:$C$400="P")*(MOVIMIENTOS!$D$5:$D$400="jabas")*(ROW(MOVIMIENTOS!$B$5:$B$400)<=$L64)*MOVIMIENTOS!$E$5:$E$400)+SUMPRODUCT((MOVIMIENTOS!$B$5:$B$400="AJUSTE")*(MOVIMIENTOS!$C$5:$C$400="P")*(MOVIMIENTOS!$D$5:$D$400="jabas")*(ROW(MOVIMIENTOS!$B$5:$B$400)<=$L64)*MOVIMIENTOS!$E$5:$E$400)) | D64: =IF($A64="","",SUMPRODUCT((MOVIMIENTOS!$B$5:$B$400="SALDO INICIAL")*(MOVIMIENTOS!$C$5:$C$400="C")*(MOVIMIENTOS!$D$5:$D$400="jabas")*(ROW(MOVIMIENTOS!$B$5:$B$400)<=$L64)*MOVIMIENTOS!$E$5:$E$400)+SUMPRODUCT((MOVIMIENTOS!$B$5:$B$400="PROCESO")*(MOVIMIENTOS!$C$5:$C$400="C")*(MOVIMIENTOS!$D$5:$D$400="jabas")*(ROW(MOVIMIENTOS!$B$5:$B$400)<=$L64)*MOVIMIENTOS!$E$5:$E$400)-SUMPRODUCT((MOVIMIENTOS!$B$5:$B$400="ENVÍO A SUPESA")*(MOVIMIENTOS!$C$5:$C$400="C")*(MOVIMIENTOS!$D$5:$D$400="jabas")*(ROW(MOVIMIENTOS!$B$5:$B$400)<=$L64)*MOVIMIENTOS!$E$5:$E$400)+SUMPRODUCT((MOVIMIENTOS!$B$5:$B$400="DEVOLUCIÓN")*(MOVIMIENTOS!$C$5:$C$400="C")*(MOVIMIENTOS!$D$5:$D$400="jabas")*(ROW(MOVIMIENTOS!$B$5:$B$400)<=$L64)*MOVIMIENTOS!$E$5:$E$400)-SUMPRODUCT((MOVIMIENTOS!$B$5:$B$400="TRASIEGO")*(MOVIMIENTOS!$C$5:$C$400="C")*(MOVIMIENTOS!$D$5:$D$400="jabas")*(ROW(MOVIMIENTOS!$B$5:$B$400)<=$L64)*MOVIMIENTOS!$E$5:$E$400)-SUMPRODUCT((MOVIMIENTOS!$B$5:$B$400="REGALO")*(MOVIMIENTOS!$C$5:$C$400="C")*(MOVIMIENTOS!$D$5:$D$400="jabas")*(ROW(MOVIMIENTOS!$B$5:$B$400)<=$L64)*MOVIMIENTOS!$E$5:$E$400)-SUMPRODUCT((MOVIMIENTOS!$B$5:$B$400="VENTA")*(MOVIMIENTOS!$C$5:$C$400="C")*(MOVIMIENTOS!$D$5:$D$400="jabas")*(ROW(MOVIMIENTOS!$B$5:$B$400)<=$L64)*MOVIMIENTOS!$E$5:$E$400)+SUMPRODUCT((MOVIMIENTOS!$B$5:$B$400="AJUSTE")*(MOVIMIENTOS!$C$5:$C$400="C")*(MOVIMIENTOS!$D$5:$D$400="jabas")*(ROW(MOVIMIENTOS!$B$5:$B$400)<=$L64)*MOVIMIENTOS!$E$5:$E$400)) | E64: =IF($A64="","",SUMPRODUCT((MOVIMIENTOS!$B$5:$B$400="SALDO INICIAL")*(MOVIMIENTOS!$C$5:$C$400="M")*(MOVIMIENTOS!$D$5:$D$400="jabas")*(ROW(MOVIMIENTOS!$B$5:$B$400)<=$L64)*MOVIMIENTOS!$E$5:$E$400)+SUMPRODUCT((MOVIMIENTOS!$B$5:$B$400="PROCESO")*(MOVIMIENTOS!$C$5:$C$400="M")*(MOVIMIENTOS!$D$5:$D$400="jabas")*(ROW(MOVIMIENTOS!$B$5:$B$400)<=$L64)*MOVIMIENTOS!$E$5:$E$400)-SUMPRODUCT((MOVIMIENTOS!$B$5:$B$400="ENVÍO A SUPESA")*(MOVIMIENTOS!$C$5:$C$400="M")*(MOVIMIENTOS!$D$5:$D$400="jabas")*(ROW(MOVIMIENTOS!$B$5:$B$400)<=$L64)*MOVIMIENTOS!$E$5:$E$400)+SUMPRODUCT((MOVIMIENTOS!$B$5:$B$400="DEVOLUCIÓN")*(MOVIMIENTOS!$C$5:$C$400="M")*(MOVIMIENTOS!$D$5:$D$400="jabas")*(ROW(MOVIMIENTOS!$B$5:$B$400)<=$L64)*MOVIMIENTOS!$E$5:$E$400)-SUMPRODUCT((MOVIMIENTOS!$B$5:$B$400="TRASIEGO")*(MOVIMIENTOS!$C$5:$C$400="M")*(MOVIMIENTOS!$D$5:$D$400="jabas")*(ROW(MOVIMIENTOS!$B$5:$B$400)<=$L64)*MOVIMIENTOS!$E$5:$E$400)-SUMPRODUCT((MOVIMIENTOS!$B$5:$B$400="REGALO")*(MOVIMIENTOS!$C$5:$C$400="M")*(MOVIMIENTOS!$D$5:$D$400="jabas")*(ROW(MOVIMIENTOS!$B$5:$B$400)<=$L64)*MOVIMIENTOS!$E$5:$E$400)-SUMPRODUCT((MOVIMIENTOS!$B$5:$B$400="VENTA")*(MOVIMIENTOS!$C$5:$C$400="M")*(MOVIMIENTOS!$D$5:$D$400="jabas")*(ROW(MOVIMIENTOS!$B$5:$B$400)<=$L64)*MOVIMIENTOS!$E$5:$E$400)+SUMPRODUCT((MOVIMIENTOS!$B$5:$B$400="AJUSTE")*(MOVIMIENTOS!$C$5:$C$400="M")*(MOVIMIENTOS!$D$5:$D$400="jabas")*(ROW(MOVIMIENTOS!$B$5:$B$400)<=$L64)*MOVIMIENTOS!$E$5:$E$400)) | F64: =IF($A64="","",SUMPRODUCT((MOVIMIENTOS!$B$5:$B$400="SALDO INICIAL")*(MOVIMIENTOS!$C$5:$C$400="Chancho")*(MOVIMIENTOS!$D$5:$D$400="sacos")*(ROW(MOVIMIENTOS!$B$5:$B$400)<=$L64)*MOVIMIENTOS!$E$5:$E$400)+SUMPRODUCT((MOVIMIENTOS!$B$5:$B$400="PROCESO")*(MOVIMIENTOS!$C$5:$C$400="Chancho")*(MOVIMIENTOS!$D$5:$D$400="sacos")*(ROW(MOVIMIENTOS!$B$5:$B$400)<=$L64)*MOVIMIENTOS!$E$5:$E$400)-SUMPRODUCT((MOVIMIENTOS!$B$5:$B$400="VENTA CHANCHO")*(MOVIMIENTOS!$C$5:$C$400="Chancho")*(MOVIMIENTOS!$D$5:$D$400="sacos")*(ROW(MOVIMIENTOS!$B$5:$B$400)<=$L64)*MOVIMIENTOS!$E$5:$E$400)-SUMPRODUCT((MOVIMIENTOS!$B$5:$B$400="REGALO")*(MOVIMIENTOS!$C$5:$C$400="Chancho")*(MOVIMIENTOS!$D$5:$D$400="sacos")*(ROW(MOVIMIENTOS!$B$5:$B$400)<=$L64)*MOVIMIENTOS!$E$5:$E$400)-SUMPRODUCT((MOVIMIENTOS!$B$5:$B$400="VENTA")*(MOVIMIENTOS!$C$5:$C$400="Chancho")*(MOVIMIENTOS!$D$5:$D$400="sacos")*(ROW(MOVIMIENTOS!$B$5:$B$400)<=$L64)*MOVIMIENTOS!$E$5:$E$400)+SUMPRODUCT((MOVIMIENTOS!$B$5:$B$400="AJUSTE")*(MOVIMIENTOS!$C$5:$C$400="Chancho")*(MOVIMIENTOS!$D$5:$D$400="sacos")*(ROW(MOVIMIENTOS!$B$5:$B$400)<=$L64)*MOVIMIENTOS!$E$5:$E$400)) | G64: =IF($A64="","",SUM(B64:E64)) | H64: =IF($A64="","",SUMPRODUCT((((MOVIMIENTOS!$B$5:$B$400="SALDO INICIAL")*(MOVIMIENTOS!$C$5:$C$400<>"Chancho"))+(MOVIMIENTOS!$B$5:$B$400="COMPRA")+(MOVIMIENTOS!$B$5:$B$400="REPROCESO")+((MOVIMIENTOS!$B$5:$B$400="AJUSTE")*(MOVIMIENTOS!$C$5:$C$400<>"Chancho")))*(ROW(MOVIMIENTOS!$B$5:$B$400)<=$L64)*MOVIMIENTOS!$I$5:$I$400)-SUMPRODUCT(((MOVIMIENTOS!$B$5:$B$400="ENVÍO A SUPESA")+(MOVIMIENTOS!$B$5:$B$400="MALOGRADO")+(MOVIMIENTOS!$B$5:$B$400="OTRA SALIDA")+(MOVIMIENTOS!$B$5:$B$400="TRASIEGO")+((MOVIMIENTOS!$B$5:$B$400="PROCESO")*(MOVIMIENTOS!$C$5:$C$400="Chancho"))+((MOVIMIENTOS!$B$5:$B$400="REGALO")*(MOVIMIENTOS!$C$5:$C$400<>"Chancho"))+((MOVIMIENTOS!$B$5:$B$400="VENTA")*(MOVIMIENTOS!$C$5:$C$400<>"Chancho")))*(ROW(MOVIMIENTOS!$B$5:$B$400)<=$L64)*MOVIMIENTOS!$I$5:$I$400)) | J64: =IF(AND(MOVIMIENTOS!$A64<>"",COUNTIF(MOVIMIENTOS!$A$5:$A63,MOVIMIENTOS!$A64)=0),COUNT(J$4:J63)+1,"") | K64: =MOVIMIENTOS!$A64 -> 46220 | L64: =IF($A64="","",SUMPRODUCT(MAX((MOVIMIENTOS!$A$5:$A$400=$A64)*ROW(MOVIMIENTOS!$A$5:$A$400))))
J65: =IF(AND(MOVIMIENTOS!$A65<>"",COUNTIF(MOVIMIENTOS!$A$5:$A64,MOVIMIENTOS!$A65)=0),COUNT(J$4:J64)+1,"") | K65: =MOVIMIENTOS!$A65 -> 46220
J66: =IF(AND(MOVIMIENTOS!$A66<>"",COUNTIF(MOVIMIENTOS!$A$5:$A65,MOVIMIENTOS!$A66)=0),COUNT(J$4:J65)+1,"") | K66: =MOVIMIENTOS!$A66 -> 46220
J67: =IF(AND(MOVIMIENTOS!$A67<>"",COUNTIF(MOVIMIENTOS!$A$5:$A66,MOVIMIENTOS!$A67)=0),COUNT(J$4:J66)+1,"") | K67: =MOVIMIENTOS!$A67 -> 46220
J68: =IF(AND(MOVIMIENTOS!$A68<>"",COUNTIF(MOVIMIENTOS!$A$5:$A67,MOVIMIENTOS!$A68)=0),COUNT(J$4:J67)+1,"") | K68: =MOVIMIENTOS!$A68 -> 46220
J69: =IF(AND(MOVIMIENTOS!$A69<>"",COUNTIF(MOVIMIENTOS!$A$5:$A68,MOVIMIENTOS!$A69)=0),COUNT(J$4:J68)+1,"") | K69: =MOVIMIENTOS!$A69 -> 46220
J70: =IF(AND(MOVIMIENTOS!$A70<>"",COUNTIF(MOVIMIENTOS!$A$5:$A69,MOVIMIENTOS!$A70)=0),COUNT(J$4:J69)+1,"") | K70: =MOVIMIENTOS!$A70 -> 46220
J71: =IF(AND(MOVIMIENTOS!$A71<>"",COUNTIF(MOVIMIENTOS!$A$5:$A70,MOVIMIENTOS!$A71)=0),COUNT(J$4:J70)+1,"") | K71: =MOVIMIENTOS!$A71 -> 46220
J72: =IF(AND(MOVIMIENTOS!$A72<>"",COUNTIF(MOVIMIENTOS!$A$5:$A71,MOVIMIENTOS!$A72)=0),COUNT(J$4:J71)+1,"") | K72: =MOVIMIENTOS!$A72 -> 46220
J73: =IF(AND(MOVIMIENTOS!$A73<>"",COUNTIF(MOVIMIENTOS!$A$5:$A72,MOVIMIENTOS!$A73)=0),COUNT(J$4:J72)+1,"") | K73: =MOVIMIENTOS!$A73 -> 46220
J74: =IF(AND(MOVIMIENTOS!$A74<>"",COUNTIF(MOVIMIENTOS!$A$5:$A73,MOVIMIENTOS!$A74)=0),COUNT(J$4:J73)+1,"") -> 8 | K74: =MOVIMIENTOS!$A74 -> 46221
J75: =IF(AND(MOVIMIENTOS!$A75<>"",COUNTIF(MOVIMIENTOS!$A$5:$A74,MOVIMIENTOS!$A75)=0),COUNT(J$4:J74)+1,"") | K75: =MOVIMIENTOS!$A75 -> 46221
J76: =IF(AND(MOVIMIENTOS!$A76<>"",COUNTIF(MOVIMIENTOS!$A$5:$A75,MOVIMIENTOS!$A76)=0),COUNT(J$4:J75)+1,"") | K76: =MOVIMIENTOS!$A76 -> 46221
... J400: =IF(AND(MOVIMIENTOS!$A400<>"",COUNTIF(MOVIMIENTOS!$A$5:$A399,MOVIMIENTOS!$A400)=0),COUNT(J$4:J399)+1,"") | K400: =MOVIMIENTOS!$A400 -> 0

Sheet LISTAS
A1: Calidad | B1: Kg | D1: Tipos | F1: Calidades | H1: Unidades
A2: A | B2: 15 | D2: AJUSTE | F2: A | H2: jabas
A3: P | B3: 18 | D3: COMPRA | F3: P | H3: sacos
A4: C | B4: 17 | D4: DEVOLUCIÓN | F4: C | H4: kg
A5: M | B5: 17 | D5: ENVÍO A SUPESA | F5: M
A6: Chancho | B6: 95 | D6: MALOGRADO | F6: Chancho
D7: OTRA SALIDA | F7: —
D8: PROCESO | F8: Primera
A9: (Agrega aquí nuevas calidades con su factor kg por jaba para que los Kg salgan solos) | D9: REGALO | F9: Segunda
D10: REPROCESO
D11: SALDO INICIAL
D12: TRASIEGO
D13: VENTA
D14: VENTA CHANCHO
